[2023-05-29 13:12:19] local.ERROR: Class 'Bmatovu\MultiAuth\MultiAuthServiceProvider' not found {"exception":"[object] (Error(code: 0): Class 'Bmatovu\\MultiAuth\\MultiAuthServiceProvider' not found at D:\\xampp8\\htdocs\\ramkrishna\\vendor\\laravel\\framework\\src\\Illuminate\\Foundation\\ProviderRepository.php:208)
[stacktrace]
#0 D:\\xampp8\\htdocs\\ramkrishna\\vendor\\laravel\\framework\\src\\Illuminate\\Foundation\\ProviderRepository.php(144): Illuminate\\Foundation\\ProviderRepository->createProvider('Bmatovu\\\\MultiAu...')
#1 D:\\xampp8\\htdocs\\ramkrishna\\vendor\\laravel\\framework\\src\\Illuminate\\Foundation\\ProviderRepository.php(61): Illuminate\\Foundation\\ProviderRepository->compileManifest(Array)
#2 D:\\xampp8\\htdocs\\ramkrishna\\vendor\\laravel\\framework\\src\\Illuminate\\Foundation\\Application.php(659): Illuminate\\Foundation\\ProviderRepository->load(Array)
#3 D:\\xampp8\\htdocs\\ramkrishna\\vendor\\laravel\\framework\\src\\Illuminate\\Foundation\\Bootstrap\\RegisterProviders.php(17): Illuminate\\Foundation\\Application->registerConfiguredProviders()
#4 D:\\xampp8\\htdocs\\ramkrishna\\vendor\\laravel\\framework\\src\\Illuminate\\Foundation\\Application.php(237): Illuminate\\Foundation\\Bootstrap\\RegisterProviders->bootstrap(Object(Illuminate\\Foundation\\Application))
#5 D:\\xampp8\\htdocs\\ramkrishna\\vendor\\laravel\\framework\\src\\Illuminate\\Foundation\\Console\\Kernel.php(310): Illuminate\\Foundation\\Application->bootstrapWith(Array)
#6 D:\\xampp8\\htdocs\\ramkrishna\\vendor\\laravel\\framework\\src\\Illuminate\\Foundation\\Console\\Kernel.php(127): Illuminate\\Foundation\\Console\\Kernel->bootstrap()
#7 D:\\xampp8\\htdocs\\ramkrishna\\artisan(37): Illuminate\\Foundation\\Console\\Kernel->handle(Object(Symfony\\Component\\Console\\Input\\ArgvInput), Object(Symfony\\Component\\Console\\Output\\ConsoleOutput))
#8 {main}
"} 
[2023-05-29 13:15:39] local.ERROR: Class 'Bmatovu\MultiAuth\MultiAuthServiceProvider' not found {"exception":"[object] (Error(code: 0): Class 'Bmatovu\\MultiAuth\\MultiAuthServiceProvider' not found at D:\\xampp8\\htdocs\\ramkrishna\\vendor\\laravel\\framework\\src\\Illuminate\\Foundation\\ProviderRepository.php:208)
[stacktrace]
#0 D:\\xampp8\\htdocs\\ramkrishna\\vendor\\laravel\\framework\\src\\Illuminate\\Foundation\\ProviderRepository.php(144): Illuminate\\Foundation\\ProviderRepository->createProvider('Bmatovu\\\\MultiAu...')
#1 D:\\xampp8\\htdocs\\ramkrishna\\vendor\\laravel\\framework\\src\\Illuminate\\Foundation\\ProviderRepository.php(61): Illuminate\\Foundation\\ProviderRepository->compileManifest(Array)
#2 D:\\xampp8\\htdocs\\ramkrishna\\vendor\\laravel\\framework\\src\\Illuminate\\Foundation\\Application.php(659): Illuminate\\Foundation\\ProviderRepository->load(Array)
#3 D:\\xampp8\\htdocs\\ramkrishna\\vendor\\laravel\\framework\\src\\Illuminate\\Foundation\\Bootstrap\\RegisterProviders.php(17): Illuminate\\Foundation\\Application->registerConfiguredProviders()
#4 D:\\xampp8\\htdocs\\ramkrishna\\vendor\\laravel\\framework\\src\\Illuminate\\Foundation\\Application.php(237): Illuminate\\Foundation\\Bootstrap\\RegisterProviders->bootstrap(Object(Illuminate\\Foundation\\Application))
#5 D:\\xampp8\\htdocs\\ramkrishna\\vendor\\laravel\\framework\\src\\Illuminate\\Foundation\\Console\\Kernel.php(310): Illuminate\\Foundation\\Application->bootstrapWith(Array)
#6 D:\\xampp8\\htdocs\\ramkrishna\\vendor\\laravel\\framework\\src\\Illuminate\\Foundation\\Console\\Kernel.php(127): Illuminate\\Foundation\\Console\\Kernel->bootstrap()
#7 D:\\xampp8\\htdocs\\ramkrishna\\artisan(37): Illuminate\\Foundation\\Console\\Kernel->handle(Object(Symfony\\Component\\Console\\Input\\ArgvInput), Object(Symfony\\Component\\Console\\Output\\ConsoleOutput))
#8 {main}
"} 
[2023-05-29 13:17:57] local.ERROR: Class 'Bmatovu\MultiAuth\MultiAuthServiceProvider' not found {"exception":"[object] (Error(code: 0): Class 'Bmatovu\\MultiAuth\\MultiAuthServiceProvider' not found at D:\\xampp8\\htdocs\\ramkrishna\\vendor\\laravel\\framework\\src\\Illuminate\\Foundation\\ProviderRepository.php:208)
[stacktrace]
#0 D:\\xampp8\\htdocs\\ramkrishna\\vendor\\laravel\\framework\\src\\Illuminate\\Foundation\\ProviderRepository.php(144): Illuminate\\Foundation\\ProviderRepository->createProvider('Bmatovu\\\\MultiAu...')
#1 D:\\xampp8\\htdocs\\ramkrishna\\vendor\\laravel\\framework\\src\\Illuminate\\Foundation\\ProviderRepository.php(61): Illuminate\\Foundation\\ProviderRepository->compileManifest(Array)
#2 D:\\xampp8\\htdocs\\ramkrishna\\vendor\\laravel\\framework\\src\\Illuminate\\Foundation\\Application.php(659): Illuminate\\Foundation\\ProviderRepository->load(Array)
#3 D:\\xampp8\\htdocs\\ramkrishna\\vendor\\laravel\\framework\\src\\Illuminate\\Foundation\\Bootstrap\\RegisterProviders.php(17): Illuminate\\Foundation\\Application->registerConfiguredProviders()
#4 D:\\xampp8\\htdocs\\ramkrishna\\vendor\\laravel\\framework\\src\\Illuminate\\Foundation\\Application.php(237): Illuminate\\Foundation\\Bootstrap\\RegisterProviders->bootstrap(Object(Illuminate\\Foundation\\Application))
#5 D:\\xampp8\\htdocs\\ramkrishna\\vendor\\laravel\\framework\\src\\Illuminate\\Foundation\\Console\\Kernel.php(310): Illuminate\\Foundation\\Application->bootstrapWith(Array)
#6 D:\\xampp8\\htdocs\\ramkrishna\\vendor\\laravel\\framework\\src\\Illuminate\\Foundation\\Console\\Kernel.php(127): Illuminate\\Foundation\\Console\\Kernel->bootstrap()
#7 D:\\xampp8\\htdocs\\ramkrishna\\artisan(37): Illuminate\\Foundation\\Console\\Kernel->handle(Object(Symfony\\Component\\Console\\Input\\ArgvInput), Object(Symfony\\Component\\Console\\Output\\ConsoleOutput))
#8 {main}
"} 
[2023-05-29 13:20:09] local.ERROR: Class 'Bmatovu\MultiAuth\MultiAuthServiceProvider' not found {"exception":"[object] (Error(code: 0): Class 'Bmatovu\\MultiAuth\\MultiAuthServiceProvider' not found at D:\\xampp8\\htdocs\\ramkrishna\\vendor\\laravel\\framework\\src\\Illuminate\\Foundation\\ProviderRepository.php:208)
[stacktrace]
#0 D:\\xampp8\\htdocs\\ramkrishna\\vendor\\laravel\\framework\\src\\Illuminate\\Foundation\\ProviderRepository.php(144): Illuminate\\Foundation\\ProviderRepository->createProvider('Bmatovu\\\\MultiAu...')
#1 D:\\xampp8\\htdocs\\ramkrishna\\vendor\\laravel\\framework\\src\\Illuminate\\Foundation\\ProviderRepository.php(61): Illuminate\\Foundation\\ProviderRepository->compileManifest(Array)
#2 D:\\xampp8\\htdocs\\ramkrishna\\vendor\\laravel\\framework\\src\\Illuminate\\Foundation\\Application.php(659): Illuminate\\Foundation\\ProviderRepository->load(Array)
#3 D:\\xampp8\\htdocs\\ramkrishna\\vendor\\laravel\\framework\\src\\Illuminate\\Foundation\\Bootstrap\\RegisterProviders.php(17): Illuminate\\Foundation\\Application->registerConfiguredProviders()
#4 D:\\xampp8\\htdocs\\ramkrishna\\vendor\\laravel\\framework\\src\\Illuminate\\Foundation\\Application.php(237): Illuminate\\Foundation\\Bootstrap\\RegisterProviders->bootstrap(Object(Illuminate\\Foundation\\Application))
#5 D:\\xampp8\\htdocs\\ramkrishna\\vendor\\laravel\\framework\\src\\Illuminate\\Foundation\\Console\\Kernel.php(310): Illuminate\\Foundation\\Application->bootstrapWith(Array)
#6 D:\\xampp8\\htdocs\\ramkrishna\\vendor\\laravel\\framework\\src\\Illuminate\\Foundation\\Console\\Kernel.php(127): Illuminate\\Foundation\\Console\\Kernel->bootstrap()
#7 D:\\xampp8\\htdocs\\ramkrishna\\artisan(37): Illuminate\\Foundation\\Console\\Kernel->handle(Object(Symfony\\Component\\Console\\Input\\ArgvInput), Object(Symfony\\Component\\Console\\Output\\ConsoleOutput))
#8 {main}
"} 
[2023-05-29 13:21:54] local.ERROR: Class 'Bmatovu\MultiAuth\MultiAuthServiceProvider' not found {"exception":"[object] (Error(code: 0): Class 'Bmatovu\\MultiAuth\\MultiAuthServiceProvider' not found at D:\\xampp8\\htdocs\\ramkrishna\\vendor\\laravel\\framework\\src\\Illuminate\\Foundation\\ProviderRepository.php:208)
[stacktrace]
#0 D:\\xampp8\\htdocs\\ramkrishna\\vendor\\laravel\\framework\\src\\Illuminate\\Foundation\\ProviderRepository.php(144): Illuminate\\Foundation\\ProviderRepository->createProvider('Bmatovu\\\\MultiAu...')
#1 D:\\xampp8\\htdocs\\ramkrishna\\vendor\\laravel\\framework\\src\\Illuminate\\Foundation\\ProviderRepository.php(61): Illuminate\\Foundation\\ProviderRepository->compileManifest(Array)
#2 D:\\xampp8\\htdocs\\ramkrishna\\vendor\\laravel\\framework\\src\\Illuminate\\Foundation\\Application.php(659): Illuminate\\Foundation\\ProviderRepository->load(Array)
#3 D:\\xampp8\\htdocs\\ramkrishna\\vendor\\laravel\\framework\\src\\Illuminate\\Foundation\\Bootstrap\\RegisterProviders.php(17): Illuminate\\Foundation\\Application->registerConfiguredProviders()
#4 D:\\xampp8\\htdocs\\ramkrishna\\vendor\\laravel\\framework\\src\\Illuminate\\Foundation\\Application.php(237): Illuminate\\Foundation\\Bootstrap\\RegisterProviders->bootstrap(Object(Illuminate\\Foundation\\Application))
#5 D:\\xampp8\\htdocs\\ramkrishna\\vendor\\laravel\\framework\\src\\Illuminate\\Foundation\\Console\\Kernel.php(310): Illuminate\\Foundation\\Application->bootstrapWith(Array)
#6 D:\\xampp8\\htdocs\\ramkrishna\\vendor\\laravel\\framework\\src\\Illuminate\\Foundation\\Console\\Kernel.php(127): Illuminate\\Foundation\\Console\\Kernel->bootstrap()
#7 D:\\xampp8\\htdocs\\ramkrishna\\artisan(37): Illuminate\\Foundation\\Console\\Kernel->handle(Object(Symfony\\Component\\Console\\Input\\ArgvInput), Object(Symfony\\Component\\Console\\Output\\ConsoleOutput))
#8 {main}
"} 
[2023-05-29 13:22:17] local.ERROR: Class 'Bmatovu\MultiAuth\MultiAuthServiceProvider' not found {"exception":"[object] (Error(code: 0): Class 'Bmatovu\\MultiAuth\\MultiAuthServiceProvider' not found at D:\\xampp8\\htdocs\\ramkrishna\\vendor\\laravel\\framework\\src\\Illuminate\\Foundation\\ProviderRepository.php:208)
[stacktrace]
#0 D:\\xampp8\\htdocs\\ramkrishna\\vendor\\laravel\\framework\\src\\Illuminate\\Foundation\\ProviderRepository.php(144): Illuminate\\Foundation\\ProviderRepository->createProvider('Bmatovu\\\\MultiAu...')
#1 D:\\xampp8\\htdocs\\ramkrishna\\vendor\\laravel\\framework\\src\\Illuminate\\Foundation\\ProviderRepository.php(61): Illuminate\\Foundation\\ProviderRepository->compileManifest(Array)
#2 D:\\xampp8\\htdocs\\ramkrishna\\vendor\\laravel\\framework\\src\\Illuminate\\Foundation\\Application.php(659): Illuminate\\Foundation\\ProviderRepository->load(Array)
#3 D:\\xampp8\\htdocs\\ramkrishna\\vendor\\laravel\\framework\\src\\Illuminate\\Foundation\\Bootstrap\\RegisterProviders.php(17): Illuminate\\Foundation\\Application->registerConfiguredProviders()
#4 D:\\xampp8\\htdocs\\ramkrishna\\vendor\\laravel\\framework\\src\\Illuminate\\Foundation\\Application.php(237): Illuminate\\Foundation\\Bootstrap\\RegisterProviders->bootstrap(Object(Illuminate\\Foundation\\Application))
#5 D:\\xampp8\\htdocs\\ramkrishna\\vendor\\laravel\\framework\\src\\Illuminate\\Foundation\\Console\\Kernel.php(310): Illuminate\\Foundation\\Application->bootstrapWith(Array)
#6 D:\\xampp8\\htdocs\\ramkrishna\\vendor\\laravel\\framework\\src\\Illuminate\\Foundation\\Console\\Kernel.php(127): Illuminate\\Foundation\\Console\\Kernel->bootstrap()
#7 D:\\xampp8\\htdocs\\ramkrishna\\artisan(37): Illuminate\\Foundation\\Console\\Kernel->handle(Object(Symfony\\Component\\Console\\Input\\ArgvInput), Object(Symfony\\Component\\Console\\Output\\ConsoleOutput))
#8 {main}
"} 
[2023-05-29 13:24:58] local.ERROR: Class 'Bmatovu\MultiAuth\MultiAuthServiceProvider' not found {"exception":"[object] (Error(code: 0): Class 'Bmatovu\\MultiAuth\\MultiAuthServiceProvider' not found at D:\\xampp8\\htdocs\\ramkrishna\\vendor\\laravel\\framework\\src\\Illuminate\\Foundation\\ProviderRepository.php:208)
[stacktrace]
#0 D:\\xampp8\\htdocs\\ramkrishna\\vendor\\laravel\\framework\\src\\Illuminate\\Foundation\\ProviderRepository.php(144): Illuminate\\Foundation\\ProviderRepository->createProvider('Bmatovu\\\\MultiAu...')
#1 D:\\xampp8\\htdocs\\ramkrishna\\vendor\\laravel\\framework\\src\\Illuminate\\Foundation\\ProviderRepository.php(61): Illuminate\\Foundation\\ProviderRepository->compileManifest(Array)
#2 D:\\xampp8\\htdocs\\ramkrishna\\vendor\\laravel\\framework\\src\\Illuminate\\Foundation\\Application.php(659): Illuminate\\Foundation\\ProviderRepository->load(Array)
#3 D:\\xampp8\\htdocs\\ramkrishna\\vendor\\laravel\\framework\\src\\Illuminate\\Foundation\\Bootstrap\\RegisterProviders.php(17): Illuminate\\Foundation\\Application->registerConfiguredProviders()
#4 D:\\xampp8\\htdocs\\ramkrishna\\vendor\\laravel\\framework\\src\\Illuminate\\Foundation\\Application.php(237): Illuminate\\Foundation\\Bootstrap\\RegisterProviders->bootstrap(Object(Illuminate\\Foundation\\Application))
#5 D:\\xampp8\\htdocs\\ramkrishna\\vendor\\laravel\\framework\\src\\Illuminate\\Foundation\\Console\\Kernel.php(310): Illuminate\\Foundation\\Application->bootstrapWith(Array)
#6 D:\\xampp8\\htdocs\\ramkrishna\\vendor\\laravel\\framework\\src\\Illuminate\\Foundation\\Console\\Kernel.php(127): Illuminate\\Foundation\\Console\\Kernel->bootstrap()
#7 D:\\xampp8\\htdocs\\ramkrishna\\artisan(37): Illuminate\\Foundation\\Console\\Kernel->handle(Object(Symfony\\Component\\Console\\Input\\ArgvInput), Object(Symfony\\Component\\Console\\Output\\ConsoleOutput))
#8 {main}
"} 
[2023-05-29 13:25:23] local.ERROR: Class 'Bmatovu\MultiAuth\MultiAuthServiceProvider' not found {"exception":"[object] (Error(code: 0): Class 'Bmatovu\\MultiAuth\\MultiAuthServiceProvider' not found at D:\\xampp8\\htdocs\\ramkrishna\\vendor\\laravel\\framework\\src\\Illuminate\\Foundation\\ProviderRepository.php:208)
[stacktrace]
#0 D:\\xampp8\\htdocs\\ramkrishna\\vendor\\laravel\\framework\\src\\Illuminate\\Foundation\\ProviderRepository.php(144): Illuminate\\Foundation\\ProviderRepository->createProvider('Bmatovu\\\\MultiAu...')
#1 D:\\xampp8\\htdocs\\ramkrishna\\vendor\\laravel\\framework\\src\\Illuminate\\Foundation\\ProviderRepository.php(61): Illuminate\\Foundation\\ProviderRepository->compileManifest(Array)
#2 D:\\xampp8\\htdocs\\ramkrishna\\vendor\\laravel\\framework\\src\\Illuminate\\Foundation\\Application.php(659): Illuminate\\Foundation\\ProviderRepository->load(Array)
#3 D:\\xampp8\\htdocs\\ramkrishna\\vendor\\laravel\\framework\\src\\Illuminate\\Foundation\\Bootstrap\\RegisterProviders.php(17): Illuminate\\Foundation\\Application->registerConfiguredProviders()
#4 D:\\xampp8\\htdocs\\ramkrishna\\vendor\\laravel\\framework\\src\\Illuminate\\Foundation\\Application.php(237): Illuminate\\Foundation\\Bootstrap\\RegisterProviders->bootstrap(Object(Illuminate\\Foundation\\Application))
#5 D:\\xampp8\\htdocs\\ramkrishna\\vendor\\laravel\\framework\\src\\Illuminate\\Foundation\\Console\\Kernel.php(310): Illuminate\\Foundation\\Application->bootstrapWith(Array)
#6 D:\\xampp8\\htdocs\\ramkrishna\\vendor\\laravel\\framework\\src\\Illuminate\\Foundation\\Console\\Kernel.php(127): Illuminate\\Foundation\\Console\\Kernel->bootstrap()
#7 D:\\xampp8\\htdocs\\ramkrishna\\artisan(37): Illuminate\\Foundation\\Console\\Kernel->handle(Object(Symfony\\Component\\Console\\Input\\ArgvInput), Object(Symfony\\Component\\Console\\Output\\ConsoleOutput))
#8 {main}
"} 
[2023-05-29 13:30:57] local.ERROR: Class 'Bmatovu\MultiAuth\MultiAuthServiceProvider' not found {"exception":"[object] (Error(code: 0): Class 'Bmatovu\\MultiAuth\\MultiAuthServiceProvider' not found at D:\\xampp8\\htdocs\\ramkrishna\\vendor\\laravel\\framework\\src\\Illuminate\\Foundation\\ProviderRepository.php:208)
[stacktrace]
#0 D:\\xampp8\\htdocs\\ramkrishna\\vendor\\laravel\\framework\\src\\Illuminate\\Foundation\\ProviderRepository.php(144): Illuminate\\Foundation\\ProviderRepository->createProvider('Bmatovu\\\\MultiAu...')
#1 D:\\xampp8\\htdocs\\ramkrishna\\vendor\\laravel\\framework\\src\\Illuminate\\Foundation\\ProviderRepository.php(61): Illuminate\\Foundation\\ProviderRepository->compileManifest(Array)
#2 D:\\xampp8\\htdocs\\ramkrishna\\vendor\\laravel\\framework\\src\\Illuminate\\Foundation\\Application.php(659): Illuminate\\Foundation\\ProviderRepository->load(Array)
#3 D:\\xampp8\\htdocs\\ramkrishna\\vendor\\laravel\\framework\\src\\Illuminate\\Foundation\\Bootstrap\\RegisterProviders.php(17): Illuminate\\Foundation\\Application->registerConfiguredProviders()
#4 D:\\xampp8\\htdocs\\ramkrishna\\vendor\\laravel\\framework\\src\\Illuminate\\Foundation\\Application.php(237): Illuminate\\Foundation\\Bootstrap\\RegisterProviders->bootstrap(Object(Illuminate\\Foundation\\Application))
#5 D:\\xampp8\\htdocs\\ramkrishna\\vendor\\laravel\\framework\\src\\Illuminate\\Foundation\\Console\\Kernel.php(310): Illuminate\\Foundation\\Application->bootstrapWith(Array)
#6 D:\\xampp8\\htdocs\\ramkrishna\\vendor\\laravel\\framework\\src\\Illuminate\\Foundation\\Console\\Kernel.php(127): Illuminate\\Foundation\\Console\\Kernel->bootstrap()
#7 D:\\xampp8\\htdocs\\ramkrishna\\artisan(37): Illuminate\\Foundation\\Console\\Kernel->handle(Object(Symfony\\Component\\Console\\Input\\ArgvInput), Object(Symfony\\Component\\Console\\Output\\ConsoleOutput))
#8 {main}
"} 
[2023-05-29 13:37:14] local.ERROR: Class 'Bmatovu\MultiAuth\MultiAuthServiceProvider' not found {"exception":"[object] (Error(code: 0): Class 'Bmatovu\\MultiAuth\\MultiAuthServiceProvider' not found at D:\\xampp8\\htdocs\\ramkrishna\\vendor\\laravel\\framework\\src\\Illuminate\\Foundation\\ProviderRepository.php:208)
[stacktrace]
#0 D:\\xampp8\\htdocs\\ramkrishna\\vendor\\laravel\\framework\\src\\Illuminate\\Foundation\\ProviderRepository.php(144): Illuminate\\Foundation\\ProviderRepository->createProvider('Bmatovu\\\\MultiAu...')
#1 D:\\xampp8\\htdocs\\ramkrishna\\vendor\\laravel\\framework\\src\\Illuminate\\Foundation\\ProviderRepository.php(61): Illuminate\\Foundation\\ProviderRepository->compileManifest(Array)
#2 D:\\xampp8\\htdocs\\ramkrishna\\vendor\\laravel\\framework\\src\\Illuminate\\Foundation\\Application.php(659): Illuminate\\Foundation\\ProviderRepository->load(Array)
#3 D:\\xampp8\\htdocs\\ramkrishna\\vendor\\laravel\\framework\\src\\Illuminate\\Foundation\\Bootstrap\\RegisterProviders.php(17): Illuminate\\Foundation\\Application->registerConfiguredProviders()
#4 D:\\xampp8\\htdocs\\ramkrishna\\vendor\\laravel\\framework\\src\\Illuminate\\Foundation\\Application.php(237): Illuminate\\Foundation\\Bootstrap\\RegisterProviders->bootstrap(Object(Illuminate\\Foundation\\Application))
#5 D:\\xampp8\\htdocs\\ramkrishna\\vendor\\laravel\\framework\\src\\Illuminate\\Foundation\\Console\\Kernel.php(310): Illuminate\\Foundation\\Application->bootstrapWith(Array)
#6 D:\\xampp8\\htdocs\\ramkrishna\\vendor\\laravel\\framework\\src\\Illuminate\\Foundation\\Console\\Kernel.php(127): Illuminate\\Foundation\\Console\\Kernel->bootstrap()
#7 D:\\xampp8\\htdocs\\ramkrishna\\artisan(37): Illuminate\\Foundation\\Console\\Kernel->handle(Object(Symfony\\Component\\Console\\Input\\ArgvInput), Object(Symfony\\Component\\Console\\Output\\ConsoleOutput))
#8 {main}
"} 
[2023-05-29 14:31:46] local.ERROR: Class 'Bmatovu\MultiAuth\MultiAuthServiceProvider' not found {"exception":"[object] (Error(code: 0): Class 'Bmatovu\\MultiAuth\\MultiAuthServiceProvider' not found at D:\\xampp8\\htdocs\\ramkrishna\\vendor\\laravel\\framework\\src\\Illuminate\\Foundation\\ProviderRepository.php:208)
[stacktrace]
#0 D:\\xampp8\\htdocs\\ramkrishna\\vendor\\laravel\\framework\\src\\Illuminate\\Foundation\\ProviderRepository.php(144): Illuminate\\Foundation\\ProviderRepository->createProvider('Bmatovu\\\\MultiAu...')
#1 D:\\xampp8\\htdocs\\ramkrishna\\vendor\\laravel\\framework\\src\\Illuminate\\Foundation\\ProviderRepository.php(61): Illuminate\\Foundation\\ProviderRepository->compileManifest(Array)
#2 D:\\xampp8\\htdocs\\ramkrishna\\vendor\\laravel\\framework\\src\\Illuminate\\Foundation\\Application.php(659): Illuminate\\Foundation\\ProviderRepository->load(Array)
#3 D:\\xampp8\\htdocs\\ramkrishna\\vendor\\laravel\\framework\\src\\Illuminate\\Foundation\\Bootstrap\\RegisterProviders.php(17): Illuminate\\Foundation\\Application->registerConfiguredProviders()
#4 D:\\xampp8\\htdocs\\ramkrishna\\vendor\\laravel\\framework\\src\\Illuminate\\Foundation\\Application.php(237): Illuminate\\Foundation\\Bootstrap\\RegisterProviders->bootstrap(Object(Illuminate\\Foundation\\Application))
#5 D:\\xampp8\\htdocs\\ramkrishna\\vendor\\laravel\\framework\\src\\Illuminate\\Foundation\\Console\\Kernel.php(310): Illuminate\\Foundation\\Application->bootstrapWith(Array)
#6 D:\\xampp8\\htdocs\\ramkrishna\\vendor\\laravel\\framework\\src\\Illuminate\\Foundation\\Console\\Kernel.php(127): Illuminate\\Foundation\\Console\\Kernel->bootstrap()
#7 D:\\xampp8\\htdocs\\ramkrishna\\artisan(37): Illuminate\\Foundation\\Console\\Kernel->handle(Object(Symfony\\Component\\Console\\Input\\ArgvInput), Object(Symfony\\Component\\Console\\Output\\ConsoleOutput))
#8 {main}
"} 
[2023-05-29 14:32:49] local.ERROR: Class 'Bmatovu\MultiAuth\MultiAuthServiceProvider' not found {"exception":"[object] (Error(code: 0): Class 'Bmatovu\\MultiAuth\\MultiAuthServiceProvider' not found at D:\\xampp8\\htdocs\\ramkrishna\\vendor\\laravel\\framework\\src\\Illuminate\\Foundation\\ProviderRepository.php:208)
[stacktrace]
#0 D:\\xampp8\\htdocs\\ramkrishna\\vendor\\laravel\\framework\\src\\Illuminate\\Foundation\\ProviderRepository.php(144): Illuminate\\Foundation\\ProviderRepository->createProvider('Bmatovu\\\\MultiAu...')
#1 D:\\xampp8\\htdocs\\ramkrishna\\vendor\\laravel\\framework\\src\\Illuminate\\Foundation\\ProviderRepository.php(61): Illuminate\\Foundation\\ProviderRepository->compileManifest(Array)
#2 D:\\xampp8\\htdocs\\ramkrishna\\vendor\\laravel\\framework\\src\\Illuminate\\Foundation\\Application.php(659): Illuminate\\Foundation\\ProviderRepository->load(Array)
#3 D:\\xampp8\\htdocs\\ramkrishna\\vendor\\laravel\\framework\\src\\Illuminate\\Foundation\\Bootstrap\\RegisterProviders.php(17): Illuminate\\Foundation\\Application->registerConfiguredProviders()
#4 D:\\xampp8\\htdocs\\ramkrishna\\vendor\\laravel\\framework\\src\\Illuminate\\Foundation\\Application.php(237): Illuminate\\Foundation\\Bootstrap\\RegisterProviders->bootstrap(Object(Illuminate\\Foundation\\Application))
#5 D:\\xampp8\\htdocs\\ramkrishna\\vendor\\laravel\\framework\\src\\Illuminate\\Foundation\\Console\\Kernel.php(310): Illuminate\\Foundation\\Application->bootstrapWith(Array)
#6 D:\\xampp8\\htdocs\\ramkrishna\\vendor\\laravel\\framework\\src\\Illuminate\\Foundation\\Console\\Kernel.php(127): Illuminate\\Foundation\\Console\\Kernel->bootstrap()
#7 D:\\xampp8\\htdocs\\ramkrishna\\artisan(37): Illuminate\\Foundation\\Console\\Kernel->handle(Object(Symfony\\Component\\Console\\Input\\ArgvInput), Object(Symfony\\Component\\Console\\Output\\ConsoleOutput))
#8 {main}
"} 
[2023-05-29 14:33:49] local.ERROR: Class 'Bmatovu\MultiAuth\MultiAuthServiceProvider' not found {"exception":"[object] (Error(code: 0): Class 'Bmatovu\\MultiAuth\\MultiAuthServiceProvider' not found at D:\\xampp8\\htdocs\\ramkrishna\\vendor\\laravel\\framework\\src\\Illuminate\\Foundation\\ProviderRepository.php:208)
[stacktrace]
#0 D:\\xampp8\\htdocs\\ramkrishna\\vendor\\laravel\\framework\\src\\Illuminate\\Foundation\\ProviderRepository.php(144): Illuminate\\Foundation\\ProviderRepository->createProvider('Bmatovu\\\\MultiAu...')
#1 D:\\xampp8\\htdocs\\ramkrishna\\vendor\\laravel\\framework\\src\\Illuminate\\Foundation\\ProviderRepository.php(61): Illuminate\\Foundation\\ProviderRepository->compileManifest(Array)
#2 D:\\xampp8\\htdocs\\ramkrishna\\vendor\\laravel\\framework\\src\\Illuminate\\Foundation\\Application.php(659): Illuminate\\Foundation\\ProviderRepository->load(Array)
#3 D:\\xampp8\\htdocs\\ramkrishna\\vendor\\laravel\\framework\\src\\Illuminate\\Foundation\\Bootstrap\\RegisterProviders.php(17): Illuminate\\Foundation\\Application->registerConfiguredProviders()
#4 D:\\xampp8\\htdocs\\ramkrishna\\vendor\\laravel\\framework\\src\\Illuminate\\Foundation\\Application.php(237): Illuminate\\Foundation\\Bootstrap\\RegisterProviders->bootstrap(Object(Illuminate\\Foundation\\Application))
#5 D:\\xampp8\\htdocs\\ramkrishna\\vendor\\laravel\\framework\\src\\Illuminate\\Foundation\\Console\\Kernel.php(310): Illuminate\\Foundation\\Application->bootstrapWith(Array)
#6 D:\\xampp8\\htdocs\\ramkrishna\\vendor\\laravel\\framework\\src\\Illuminate\\Foundation\\Console\\Kernel.php(127): Illuminate\\Foundation\\Console\\Kernel->bootstrap()
#7 D:\\xampp8\\htdocs\\ramkrishna\\artisan(37): Illuminate\\Foundation\\Console\\Kernel->handle(Object(Symfony\\Component\\Console\\Input\\ArgvInput), Object(Symfony\\Component\\Console\\Output\\ConsoleOutput))
#8 {main}
"} 
[2023-05-29 14:36:30] local.ERROR: Class 'Intervention\Image\ImageServiceProvider' not found {"exception":"[object] (Error(code: 0): Class 'Intervention\\Image\\ImageServiceProvider' not found at D:\\xampp8\\htdocs\\ramkrishna\\vendor\\laravel\\framework\\src\\Illuminate\\Foundation\\ProviderRepository.php:208)
[stacktrace]
#0 D:\\xampp8\\htdocs\\ramkrishna\\vendor\\laravel\\framework\\src\\Illuminate\\Foundation\\ProviderRepository.php(144): Illuminate\\Foundation\\ProviderRepository->createProvider('Intervention\\\\Im...')
#1 D:\\xampp8\\htdocs\\ramkrishna\\vendor\\laravel\\framework\\src\\Illuminate\\Foundation\\ProviderRepository.php(61): Illuminate\\Foundation\\ProviderRepository->compileManifest(Array)
#2 D:\\xampp8\\htdocs\\ramkrishna\\vendor\\laravel\\framework\\src\\Illuminate\\Foundation\\Application.php(659): Illuminate\\Foundation\\ProviderRepository->load(Array)
#3 D:\\xampp8\\htdocs\\ramkrishna\\vendor\\laravel\\framework\\src\\Illuminate\\Foundation\\Bootstrap\\RegisterProviders.php(17): Illuminate\\Foundation\\Application->registerConfiguredProviders()
#4 D:\\xampp8\\htdocs\\ramkrishna\\vendor\\laravel\\framework\\src\\Illuminate\\Foundation\\Application.php(237): Illuminate\\Foundation\\Bootstrap\\RegisterProviders->bootstrap(Object(Illuminate\\Foundation\\Application))
#5 D:\\xampp8\\htdocs\\ramkrishna\\vendor\\laravel\\framework\\src\\Illuminate\\Foundation\\Console\\Kernel.php(310): Illuminate\\Foundation\\Application->bootstrapWith(Array)
#6 D:\\xampp8\\htdocs\\ramkrishna\\vendor\\laravel\\framework\\src\\Illuminate\\Foundation\\Console\\Kernel.php(127): Illuminate\\Foundation\\Console\\Kernel->bootstrap()
#7 D:\\xampp8\\htdocs\\ramkrishna\\artisan(37): Illuminate\\Foundation\\Console\\Kernel->handle(Object(Symfony\\Component\\Console\\Input\\ArgvInput), Object(Symfony\\Component\\Console\\Output\\ConsoleOutput))
#8 {main}
"} 
[2023-05-29 14:36:52] local.ERROR: Class 'Intervention\Image\ImageServiceProvider' not found {"exception":"[object] (Error(code: 0): Class 'Intervention\\Image\\ImageServiceProvider' not found at D:\\xampp8\\htdocs\\ramkrishna\\vendor\\laravel\\framework\\src\\Illuminate\\Foundation\\ProviderRepository.php:208)
[stacktrace]
#0 D:\\xampp8\\htdocs\\ramkrishna\\vendor\\laravel\\framework\\src\\Illuminate\\Foundation\\ProviderRepository.php(144): Illuminate\\Foundation\\ProviderRepository->createProvider('Intervention\\\\Im...')
#1 D:\\xampp8\\htdocs\\ramkrishna\\vendor\\laravel\\framework\\src\\Illuminate\\Foundation\\ProviderRepository.php(61): Illuminate\\Foundation\\ProviderRepository->compileManifest(Array)
#2 D:\\xampp8\\htdocs\\ramkrishna\\vendor\\laravel\\framework\\src\\Illuminate\\Foundation\\Application.php(659): Illuminate\\Foundation\\ProviderRepository->load(Array)
#3 D:\\xampp8\\htdocs\\ramkrishna\\vendor\\laravel\\framework\\src\\Illuminate\\Foundation\\Bootstrap\\RegisterProviders.php(17): Illuminate\\Foundation\\Application->registerConfiguredProviders()
#4 D:\\xampp8\\htdocs\\ramkrishna\\vendor\\laravel\\framework\\src\\Illuminate\\Foundation\\Application.php(237): Illuminate\\Foundation\\Bootstrap\\RegisterProviders->bootstrap(Object(Illuminate\\Foundation\\Application))
#5 D:\\xampp8\\htdocs\\ramkrishna\\vendor\\laravel\\framework\\src\\Illuminate\\Foundation\\Console\\Kernel.php(310): Illuminate\\Foundation\\Application->bootstrapWith(Array)
#6 D:\\xampp8\\htdocs\\ramkrishna\\vendor\\laravel\\framework\\src\\Illuminate\\Foundation\\Console\\Kernel.php(127): Illuminate\\Foundation\\Console\\Kernel->bootstrap()
#7 D:\\xampp8\\htdocs\\ramkrishna\\artisan(37): Illuminate\\Foundation\\Console\\Kernel->handle(Object(Symfony\\Component\\Console\\Input\\ArgvInput), Object(Symfony\\Component\\Console\\Output\\ConsoleOutput))
#8 {main}
"} 
[2023-05-29 14:39:45] local.ERROR: Class "Intervention\Image\ImageServiceProvider" not found {"exception":"[object] (Error(code: 0): Class \"Intervention\\Image\\ImageServiceProvider\" not found at D:\\xampp8\\htdocs\\ramkrishna\\vendor\\laravel\\framework\\src\\Illuminate\\Foundation\\ProviderRepository.php:208)
[stacktrace]
#0 D:\\xampp8\\htdocs\\ramkrishna\\vendor\\laravel\\framework\\src\\Illuminate\\Foundation\\ProviderRepository.php(144): Illuminate\\Foundation\\ProviderRepository->createProvider('Intervention\\\\Im...')
#1 D:\\xampp8\\htdocs\\ramkrishna\\vendor\\laravel\\framework\\src\\Illuminate\\Foundation\\ProviderRepository.php(61): Illuminate\\Foundation\\ProviderRepository->compileManifest(Array)
#2 D:\\xampp8\\htdocs\\ramkrishna\\vendor\\laravel\\framework\\src\\Illuminate\\Foundation\\Application.php(659): Illuminate\\Foundation\\ProviderRepository->load(Array)
#3 D:\\xampp8\\htdocs\\ramkrishna\\vendor\\laravel\\framework\\src\\Illuminate\\Foundation\\Bootstrap\\RegisterProviders.php(17): Illuminate\\Foundation\\Application->registerConfiguredProviders()
#4 D:\\xampp8\\htdocs\\ramkrishna\\vendor\\laravel\\framework\\src\\Illuminate\\Foundation\\Application.php(237): Illuminate\\Foundation\\Bootstrap\\RegisterProviders->bootstrap(Object(Illuminate\\Foundation\\Application))
#5 D:\\xampp8\\htdocs\\ramkrishna\\vendor\\laravel\\framework\\src\\Illuminate\\Foundation\\Http\\Kernel.php(153): Illuminate\\Foundation\\Application->bootstrapWith(Array)
#6 D:\\xampp8\\htdocs\\ramkrishna\\vendor\\laravel\\framework\\src\\Illuminate\\Foundation\\Http\\Kernel.php(137): Illuminate\\Foundation\\Http\\Kernel->bootstrap()
#7 D:\\xampp8\\htdocs\\ramkrishna\\vendor\\laravel\\framework\\src\\Illuminate\\Foundation\\Http\\Kernel.php(111): Illuminate\\Foundation\\Http\\Kernel->sendRequestThroughRouter(Object(Illuminate\\Http\\Request))
#8 D:\\xampp8\\htdocs\\ramkrishna\\index.php(54): Illuminate\\Foundation\\Http\\Kernel->handle(Object(Illuminate\\Http\\Request))
#9 {main}
"} 
[2023-05-29 14:39:45] local.ERROR: Class "Fideloper\Proxy\TrustProxies" not found {"exception":"[object] (Error(code: 0): Class \"Fideloper\\Proxy\\TrustProxies\" not found at D:\\xampp8\\htdocs\\ramkrishna\\app\\Http\\Middleware\\TrustProxies.php:8)
[stacktrace]
#0 D:\\xampp8\\htdocs\\ramkrishna\\vendor\\composer\\ClassLoader.php(571): include()
#1 D:\\xampp8\\htdocs\\ramkrishna\\vendor\\composer\\ClassLoader.php(428): Composer\\Autoload\\includeFile('D:\\\\xampp8\\\\htdoc...')
#2 [internal function]: Composer\\Autoload\\ClassLoader->loadClass('App\\\\Http\\\\Middle...')
#3 D:\\xampp8\\htdocs\\ramkrishna\\vendor\\laravel\\framework\\src\\Illuminate\\Container\\Container.php(877): ReflectionClass->__construct('App\\\\Http\\\\Middle...')
#4 D:\\xampp8\\htdocs\\ramkrishna\\vendor\\laravel\\framework\\src\\Illuminate\\Container\\Container.php(758): Illuminate\\Container\\Container->build('App\\\\Http\\\\Middle...')
#5 D:\\xampp8\\htdocs\\ramkrishna\\vendor\\laravel\\framework\\src\\Illuminate\\Foundation\\Application.php(851): Illuminate\\Container\\Container->resolve('App\\\\Http\\\\Middle...', Array, true)
#6 D:\\xampp8\\htdocs\\ramkrishna\\vendor\\laravel\\framework\\src\\Illuminate\\Container\\Container.php(694): Illuminate\\Foundation\\Application->resolve('App\\\\Http\\\\Middle...', Array)
#7 D:\\xampp8\\htdocs\\ramkrishna\\vendor\\laravel\\framework\\src\\Illuminate\\Foundation\\Application.php(836): Illuminate\\Container\\Container->make('App\\\\Http\\\\Middle...', Array)
#8 D:\\xampp8\\htdocs\\ramkrishna\\vendor\\laravel\\framework\\src\\Illuminate\\Foundation\\Http\\Kernel.php(206): Illuminate\\Foundation\\Application->make('App\\\\Http\\\\Middle...')
#9 D:\\xampp8\\htdocs\\ramkrishna\\vendor\\laravel\\framework\\src\\Illuminate\\Foundation\\Http\\Kernel.php(180): Illuminate\\Foundation\\Http\\Kernel->terminateMiddleware(Object(Illuminate\\Http\\Request), Object(Illuminate\\Http\\Response))
#10 D:\\xampp8\\htdocs\\ramkrishna\\index.php(57): Illuminate\\Foundation\\Http\\Kernel->terminate(Object(Illuminate\\Http\\Request), Object(Illuminate\\Http\\Response))
#11 {main}
"} 
[2023-05-29 16:43:50] local.ERROR: Class 'Intervention\Image\ImageServiceProvider' not found {"exception":"[object] (Error(code: 0): Class 'Intervention\\Image\\ImageServiceProvider' not found at D:\\xampp8\\htdocs\\ramkrishna\\vendor\\laravel\\framework\\src\\Illuminate\\Foundation\\ProviderRepository.php:208)
[stacktrace]
#0 D:\\xampp8\\htdocs\\ramkrishna\\vendor\\laravel\\framework\\src\\Illuminate\\Foundation\\ProviderRepository.php(144): Illuminate\\Foundation\\ProviderRepository->createProvider('Intervention\\\\Im...')
#1 D:\\xampp8\\htdocs\\ramkrishna\\vendor\\laravel\\framework\\src\\Illuminate\\Foundation\\ProviderRepository.php(61): Illuminate\\Foundation\\ProviderRepository->compileManifest(Array)
#2 D:\\xampp8\\htdocs\\ramkrishna\\vendor\\laravel\\framework\\src\\Illuminate\\Foundation\\Application.php(659): Illuminate\\Foundation\\ProviderRepository->load(Array)
#3 D:\\xampp8\\htdocs\\ramkrishna\\vendor\\laravel\\framework\\src\\Illuminate\\Foundation\\Bootstrap\\RegisterProviders.php(17): Illuminate\\Foundation\\Application->registerConfiguredProviders()
#4 D:\\xampp8\\htdocs\\ramkrishna\\vendor\\laravel\\framework\\src\\Illuminate\\Foundation\\Application.php(237): Illuminate\\Foundation\\Bootstrap\\RegisterProviders->bootstrap(Object(Illuminate\\Foundation\\Application))
#5 D:\\xampp8\\htdocs\\ramkrishna\\vendor\\laravel\\framework\\src\\Illuminate\\Foundation\\Console\\Kernel.php(310): Illuminate\\Foundation\\Application->bootstrapWith(Array)
#6 D:\\xampp8\\htdocs\\ramkrishna\\vendor\\laravel\\framework\\src\\Illuminate\\Foundation\\Console\\Kernel.php(127): Illuminate\\Foundation\\Console\\Kernel->bootstrap()
#7 D:\\xampp8\\htdocs\\ramkrishna\\artisan(37): Illuminate\\Foundation\\Console\\Kernel->handle(Object(Symfony\\Component\\Console\\Input\\ArgvInput), Object(Symfony\\Component\\Console\\Output\\ConsoleOutput))
#8 {main}
"} 
[2023-05-29 16:44:14] local.ERROR: Class "Intervention\Image\ImageServiceProvider" not found {"exception":"[object] (Error(code: 0): Class \"Intervention\\Image\\ImageServiceProvider\" not found at D:\\xampp8\\htdocs\\ramkrishna\\vendor\\laravel\\framework\\src\\Illuminate\\Foundation\\ProviderRepository.php:208)
[stacktrace]
#0 D:\\xampp8\\htdocs\\ramkrishna\\vendor\\laravel\\framework\\src\\Illuminate\\Foundation\\ProviderRepository.php(144): Illuminate\\Foundation\\ProviderRepository->createProvider('Intervention\\\\Im...')
#1 D:\\xampp8\\htdocs\\ramkrishna\\vendor\\laravel\\framework\\src\\Illuminate\\Foundation\\ProviderRepository.php(61): Illuminate\\Foundation\\ProviderRepository->compileManifest(Array)
#2 D:\\xampp8\\htdocs\\ramkrishna\\vendor\\laravel\\framework\\src\\Illuminate\\Foundation\\Application.php(659): Illuminate\\Foundation\\ProviderRepository->load(Array)
#3 D:\\xampp8\\htdocs\\ramkrishna\\vendor\\laravel\\framework\\src\\Illuminate\\Foundation\\Bootstrap\\RegisterProviders.php(17): Illuminate\\Foundation\\Application->registerConfiguredProviders()
#4 D:\\xampp8\\htdocs\\ramkrishna\\vendor\\laravel\\framework\\src\\Illuminate\\Foundation\\Application.php(237): Illuminate\\Foundation\\Bootstrap\\RegisterProviders->bootstrap(Object(Illuminate\\Foundation\\Application))
#5 D:\\xampp8\\htdocs\\ramkrishna\\vendor\\laravel\\framework\\src\\Illuminate\\Foundation\\Http\\Kernel.php(153): Illuminate\\Foundation\\Application->bootstrapWith(Array)
#6 D:\\xampp8\\htdocs\\ramkrishna\\vendor\\laravel\\framework\\src\\Illuminate\\Foundation\\Http\\Kernel.php(137): Illuminate\\Foundation\\Http\\Kernel->bootstrap()
#7 D:\\xampp8\\htdocs\\ramkrishna\\vendor\\laravel\\framework\\src\\Illuminate\\Foundation\\Http\\Kernel.php(111): Illuminate\\Foundation\\Http\\Kernel->sendRequestThroughRouter(Object(Illuminate\\Http\\Request))
#8 D:\\xampp8\\htdocs\\ramkrishna\\index.php(54): Illuminate\\Foundation\\Http\\Kernel->handle(Object(Illuminate\\Http\\Request))
#9 {main}
"} 
[2023-05-29 16:45:20] local.ERROR: In order to use the Auth::routes() method, please install the laravel/ui package. {"exception":"[object] (RuntimeException(code: 0): In order to use the Auth::routes() method, please install the laravel/ui package. at D:\\xampp8\\htdocs\\ramkrishna\\vendor\\laravel\\framework\\src\\Illuminate\\Support\\Facades\\Auth.php:60)
[stacktrace]
#0 D:\\xampp8\\htdocs\\ramkrishna\\routes\\web.php(15): Illuminate\\Support\\Facades\\Auth::routes()
#1 D:\\xampp8\\htdocs\\ramkrishna\\vendor\\laravel\\framework\\src\\Illuminate\\Routing\\RouteFileRegistrar.php(35): require('D:\\\\xampp8\\\\htdoc...')
#2 D:\\xampp8\\htdocs\\ramkrishna\\vendor\\laravel\\framework\\src\\Illuminate\\Routing\\Router.php(425): Illuminate\\Routing\\RouteFileRegistrar->register('D:\\\\xampp8\\\\htdoc...')
#3 D:\\xampp8\\htdocs\\ramkrishna\\vendor\\laravel\\framework\\src\\Illuminate\\Routing\\Router.php(382): Illuminate\\Routing\\Router->loadRoutes('D:\\\\xampp8\\\\htdoc...')
#4 D:\\xampp8\\htdocs\\ramkrishna\\vendor\\laravel\\framework\\src\\Illuminate\\Routing\\RouteRegistrar.php(163): Illuminate\\Routing\\Router->group(Array, 'D:\\\\xampp8\\\\htdoc...')
#5 D:\\xampp8\\htdocs\\ramkrishna\\app\\Providers\\RouteServiceProvider.php(73): Illuminate\\Routing\\RouteRegistrar->group('D:\\\\xampp8\\\\htdoc...')
#6 D:\\xampp8\\htdocs\\ramkrishna\\app\\Providers\\RouteServiceProvider.php(40): App\\Providers\\RouteServiceProvider->mapWebRoutes()
#7 D:\\xampp8\\htdocs\\ramkrishna\\vendor\\laravel\\framework\\src\\Illuminate\\Container\\BoundMethod.php(36): App\\Providers\\RouteServiceProvider->map()
#8 D:\\xampp8\\htdocs\\ramkrishna\\vendor\\laravel\\framework\\src\\Illuminate\\Container\\Util.php(40): Illuminate\\Container\\BoundMethod::Illuminate\\Container\\{closure}()
#9 D:\\xampp8\\htdocs\\ramkrishna\\vendor\\laravel\\framework\\src\\Illuminate\\Container\\BoundMethod.php(93): Illuminate\\Container\\Util::unwrapIfClosure(Object(Closure))
#10 D:\\xampp8\\htdocs\\ramkrishna\\vendor\\laravel\\framework\\src\\Illuminate\\Container\\BoundMethod.php(37): Illuminate\\Container\\BoundMethod::callBoundMethod(Object(Illuminate\\Foundation\\Application), Array, Object(Closure))
#11 D:\\xampp8\\htdocs\\ramkrishna\\vendor\\laravel\\framework\\src\\Illuminate\\Container\\Container.php(653): Illuminate\\Container\\BoundMethod::call(Object(Illuminate\\Foundation\\Application), Array, Array, NULL)
#12 D:\\xampp8\\htdocs\\ramkrishna\\vendor\\laravel\\framework\\src\\Illuminate\\Foundation\\Support\\Providers\\RouteServiceProvider.php(122): Illuminate\\Container\\Container->call(Array)
#13 D:\\xampp8\\htdocs\\ramkrishna\\vendor\\laravel\\framework\\src\\Illuminate\\Foundation\\Support\\Providers\\RouteServiceProvider.php(45): Illuminate\\Foundation\\Support\\Providers\\RouteServiceProvider->loadRoutes()
#14 D:\\xampp8\\htdocs\\ramkrishna\\vendor\\laravel\\framework\\src\\Illuminate\\Container\\BoundMethod.php(36): Illuminate\\Foundation\\Support\\Providers\\RouteServiceProvider->Illuminate\\Foundation\\Support\\Providers\\{closure}()
#15 D:\\xampp8\\htdocs\\ramkrishna\\vendor\\laravel\\framework\\src\\Illuminate\\Container\\Util.php(40): Illuminate\\Container\\BoundMethod::Illuminate\\Container\\{closure}()
#16 D:\\xampp8\\htdocs\\ramkrishna\\vendor\\laravel\\framework\\src\\Illuminate\\Container\\BoundMethod.php(81): Illuminate\\Container\\Util::unwrapIfClosure(Object(Closure))
#17 D:\\xampp8\\htdocs\\ramkrishna\\vendor\\laravel\\framework\\src\\Illuminate\\Container\\BoundMethod.php(37): Illuminate\\Container\\BoundMethod::callBoundMethod(Object(Illuminate\\Foundation\\Application), Object(Closure), Object(Closure))
#18 D:\\xampp8\\htdocs\\ramkrishna\\vendor\\laravel\\framework\\src\\Illuminate\\Container\\Container.php(653): Illuminate\\Container\\BoundMethod::call(Object(Illuminate\\Foundation\\Application), Object(Closure), Array, NULL)
#19 D:\\xampp8\\htdocs\\ramkrishna\\vendor\\laravel\\framework\\src\\Illuminate\\Support\\ServiceProvider.php(119): Illuminate\\Container\\Container->call(Object(Closure))
#20 D:\\xampp8\\htdocs\\ramkrishna\\vendor\\laravel\\framework\\src\\Illuminate\\Foundation\\Application.php(927): Illuminate\\Support\\ServiceProvider->callBootedCallbacks()
#21 D:\\xampp8\\htdocs\\ramkrishna\\vendor\\laravel\\framework\\src\\Illuminate\\Foundation\\Application.php(905): Illuminate\\Foundation\\Application->bootProvider(Object(App\\Providers\\RouteServiceProvider))
#22 [internal function]: Illuminate\\Foundation\\Application->Illuminate\\Foundation\\{closure}(Object(App\\Providers\\RouteServiceProvider), 26)
#23 D:\\xampp8\\htdocs\\ramkrishna\\vendor\\laravel\\framework\\src\\Illuminate\\Foundation\\Application.php(906): array_walk(Array, Object(Closure))
#24 D:\\xampp8\\htdocs\\ramkrishna\\vendor\\laravel\\framework\\src\\Illuminate\\Foundation\\Bootstrap\\BootProviders.php(17): Illuminate\\Foundation\\Application->boot()
#25 D:\\xampp8\\htdocs\\ramkrishna\\vendor\\laravel\\framework\\src\\Illuminate\\Foundation\\Application.php(237): Illuminate\\Foundation\\Bootstrap\\BootProviders->bootstrap(Object(Illuminate\\Foundation\\Application))
#26 D:\\xampp8\\htdocs\\ramkrishna\\vendor\\laravel\\framework\\src\\Illuminate\\Foundation\\Console\\Kernel.php(310): Illuminate\\Foundation\\Application->bootstrapWith(Array)
#27 D:\\xampp8\\htdocs\\ramkrishna\\vendor\\laravel\\framework\\src\\Illuminate\\Foundation\\Console\\Kernel.php(127): Illuminate\\Foundation\\Console\\Kernel->bootstrap()
#28 D:\\xampp8\\htdocs\\ramkrishna\\artisan(37): Illuminate\\Foundation\\Console\\Kernel->handle(Object(Symfony\\Component\\Console\\Input\\ArgvInput), Object(Symfony\\Component\\Console\\Output\\ConsoleOutput))
#29 {main}
"} 
[2023-05-29 17:14:46] local.ERROR: SQLSTATE[HY000] [2002] No connection could be made because the target machine actively refused it (SQL: select * from `admins` where `email` = info@admin.com limit 1) {"exception":"[object] (Illuminate\\Database\\QueryException(code: 2002): SQLSTATE[HY000] [2002] No connection could be made because the target machine actively refused it (SQL: select * from `admins` where `email` = info@admin.com limit 1) at D:\\xampp8\\htdocs\\ramkrishna\\vendor\\laravel\\framework\\src\\Illuminate\\Database\\Connection.php:712)
[stacktrace]
#0 D:\\xampp8\\htdocs\\ramkrishna\\vendor\\laravel\\framework\\src\\Illuminate\\Database\\Connection.php(672): Illuminate\\Database\\Connection->runQueryCallback('select * from `...', Array, Object(Closure))
#1 D:\\xampp8\\htdocs\\ramkrishna\\vendor\\laravel\\framework\\src\\Illuminate\\Database\\Connection.php(376): Illuminate\\Database\\Connection->run('select * from `...', Array, Object(Closure))
#2 D:\\xampp8\\htdocs\\ramkrishna\\vendor\\laravel\\framework\\src\\Illuminate\\Database\\Query\\Builder.php(2414): Illuminate\\Database\\Connection->select('select * from `...', Array, true)
#3 D:\\xampp8\\htdocs\\ramkrishna\\vendor\\laravel\\framework\\src\\Illuminate\\Database\\Query\\Builder.php(2402): Illuminate\\Database\\Query\\Builder->runSelect()
#4 D:\\xampp8\\htdocs\\ramkrishna\\vendor\\laravel\\framework\\src\\Illuminate\\Database\\Query\\Builder.php(2936): Illuminate\\Database\\Query\\Builder->Illuminate\\Database\\Query\\{closure}()
#5 D:\\xampp8\\htdocs\\ramkrishna\\vendor\\laravel\\framework\\src\\Illuminate\\Database\\Query\\Builder.php(2403): Illuminate\\Database\\Query\\Builder->onceWithColumns(Array, Object(Closure))
#6 D:\\xampp8\\htdocs\\ramkrishna\\vendor\\laravel\\framework\\src\\Illuminate\\Database\\Eloquent\\Builder.php(625): Illuminate\\Database\\Query\\Builder->get(Array)
#7 D:\\xampp8\\htdocs\\ramkrishna\\vendor\\laravel\\framework\\src\\Illuminate\\Database\\Eloquent\\Builder.php(609): Illuminate\\Database\\Eloquent\\Builder->getModels(Array)
#8 D:\\xampp8\\htdocs\\ramkrishna\\vendor\\laravel\\framework\\src\\Illuminate\\Database\\Concerns\\BuildsQueries.php(294): Illuminate\\Database\\Eloquent\\Builder->get(Array)
#9 D:\\xampp8\\htdocs\\ramkrishna\\vendor\\laravel\\framework\\src\\Illuminate\\Auth\\EloquentUserProvider.php(134): Illuminate\\Database\\Eloquent\\Builder->first()
#10 D:\\xampp8\\htdocs\\ramkrishna\\vendor\\laravel\\framework\\src\\Illuminate\\Auth\\SessionGuard.php(377): Illuminate\\Auth\\EloquentUserProvider->retrieveByCredentials(Array)
#11 D:\\xampp8\\htdocs\\ramkrishna\\vendor\\laravel\\ui\\auth-backend\\AuthenticatesUsers.php(87): Illuminate\\Auth\\SessionGuard->attempt(Array, false)
#12 D:\\xampp8\\htdocs\\ramkrishna\\vendor\\laravel\\ui\\auth-backend\\AuthenticatesUsers.php(46): App\\Http\\Controllers\\Admin\\Auth\\LoginController->attemptLogin(Object(Illuminate\\Http\\Request))
#13 D:\\xampp8\\htdocs\\ramkrishna\\vendor\\laravel\\framework\\src\\Illuminate\\Routing\\Controller.php(54): App\\Http\\Controllers\\Admin\\Auth\\LoginController->login(Object(Illuminate\\Http\\Request))
#14 D:\\xampp8\\htdocs\\ramkrishna\\vendor\\laravel\\framework\\src\\Illuminate\\Routing\\ControllerDispatcher.php(45): Illuminate\\Routing\\Controller->callAction('login', Array)
#15 D:\\xampp8\\htdocs\\ramkrishna\\vendor\\laravel\\framework\\src\\Illuminate\\Routing\\Route.php(262): Illuminate\\Routing\\ControllerDispatcher->dispatch(Object(Illuminate\\Routing\\Route), Object(App\\Http\\Controllers\\Admin\\Auth\\LoginController), 'login')
#16 D:\\xampp8\\htdocs\\ramkrishna\\vendor\\laravel\\framework\\src\\Illuminate\\Routing\\Route.php(205): Illuminate\\Routing\\Route->runController()
#17 D:\\xampp8\\htdocs\\ramkrishna\\vendor\\laravel\\framework\\src\\Illuminate\\Routing\\Router.php(721): Illuminate\\Routing\\Route->run()
#18 D:\\xampp8\\htdocs\\ramkrishna\\vendor\\laravel\\framework\\src\\Illuminate\\Pipeline\\Pipeline.php(128): Illuminate\\Routing\\Router->Illuminate\\Routing\\{closure}(Object(Illuminate\\Http\\Request))
#19 D:\\xampp8\\htdocs\\ramkrishna\\app\\Http\\Middleware\\RedirectIfAdmin.php(25): Illuminate\\Pipeline\\Pipeline->Illuminate\\Pipeline\\{closure}(Object(Illuminate\\Http\\Request))
#20 D:\\xampp8\\htdocs\\ramkrishna\\vendor\\laravel\\framework\\src\\Illuminate\\Pipeline\\Pipeline.php(167): App\\Http\\Middleware\\RedirectIfAdmin->handle(Object(Illuminate\\Http\\Request), Object(Closure), 'admin')
#21 D:\\xampp8\\htdocs\\ramkrishna\\vendor\\laravel\\framework\\src\\Illuminate\\Routing\\Middleware\\SubstituteBindings.php(50): Illuminate\\Pipeline\\Pipeline->Illuminate\\Pipeline\\{closure}(Object(Illuminate\\Http\\Request))
#22 D:\\xampp8\\htdocs\\ramkrishna\\vendor\\laravel\\framework\\src\\Illuminate\\Pipeline\\Pipeline.php(167): Illuminate\\Routing\\Middleware\\SubstituteBindings->handle(Object(Illuminate\\Http\\Request), Object(Closure))
#23 D:\\xampp8\\htdocs\\ramkrishna\\vendor\\laravel\\framework\\src\\Illuminate\\Foundation\\Http\\Middleware\\VerifyCsrfToken.php(78): Illuminate\\Pipeline\\Pipeline->Illuminate\\Pipeline\\{closure}(Object(Illuminate\\Http\\Request))
#24 D:\\xampp8\\htdocs\\ramkrishna\\vendor\\laravel\\framework\\src\\Illuminate\\Pipeline\\Pipeline.php(167): Illuminate\\Foundation\\Http\\Middleware\\VerifyCsrfToken->handle(Object(Illuminate\\Http\\Request), Object(Closure))
#25 D:\\xampp8\\htdocs\\ramkrishna\\vendor\\laravel\\framework\\src\\Illuminate\\View\\Middleware\\ShareErrorsFromSession.php(49): Illuminate\\Pipeline\\Pipeline->Illuminate\\Pipeline\\{closure}(Object(Illuminate\\Http\\Request))
#26 D:\\xampp8\\htdocs\\ramkrishna\\vendor\\laravel\\framework\\src\\Illuminate\\Pipeline\\Pipeline.php(167): Illuminate\\View\\Middleware\\ShareErrorsFromSession->handle(Object(Illuminate\\Http\\Request), Object(Closure))
#27 D:\\xampp8\\htdocs\\ramkrishna\\vendor\\laravel\\framework\\src\\Illuminate\\Session\\Middleware\\StartSession.php(121): Illuminate\\Pipeline\\Pipeline->Illuminate\\Pipeline\\{closure}(Object(Illuminate\\Http\\Request))
#28 D:\\xampp8\\htdocs\\ramkrishna\\vendor\\laravel\\framework\\src\\Illuminate\\Session\\Middleware\\StartSession.php(64): Illuminate\\Session\\Middleware\\StartSession->handleStatefulRequest(Object(Illuminate\\Http\\Request), Object(Illuminate\\Session\\Store), Object(Closure))
#29 D:\\xampp8\\htdocs\\ramkrishna\\vendor\\laravel\\framework\\src\\Illuminate\\Pipeline\\Pipeline.php(167): Illuminate\\Session\\Middleware\\StartSession->handle(Object(Illuminate\\Http\\Request), Object(Closure))
#30 D:\\xampp8\\htdocs\\ramkrishna\\vendor\\laravel\\framework\\src\\Illuminate\\Cookie\\Middleware\\AddQueuedCookiesToResponse.php(37): Illuminate\\Pipeline\\Pipeline->Illuminate\\Pipeline\\{closure}(Object(Illuminate\\Http\\Request))
#31 D:\\xampp8\\htdocs\\ramkrishna\\vendor\\laravel\\framework\\src\\Illuminate\\Pipeline\\Pipeline.php(167): Illuminate\\Cookie\\Middleware\\AddQueuedCookiesToResponse->handle(Object(Illuminate\\Http\\Request), Object(Closure))
#32 D:\\xampp8\\htdocs\\ramkrishna\\vendor\\laravel\\framework\\src\\Illuminate\\Cookie\\Middleware\\EncryptCookies.php(67): Illuminate\\Pipeline\\Pipeline->Illuminate\\Pipeline\\{closure}(Object(Illuminate\\Http\\Request))
#33 D:\\xampp8\\htdocs\\ramkrishna\\vendor\\laravel\\framework\\src\\Illuminate\\Pipeline\\Pipeline.php(167): Illuminate\\Cookie\\Middleware\\EncryptCookies->handle(Object(Illuminate\\Http\\Request), Object(Closure))
#34 D:\\xampp8\\htdocs\\ramkrishna\\vendor\\laravel\\framework\\src\\Illuminate\\Pipeline\\Pipeline.php(103): Illuminate\\Pipeline\\Pipeline->Illuminate\\Pipeline\\{closure}(Object(Illuminate\\Http\\Request))
#35 D:\\xampp8\\htdocs\\ramkrishna\\vendor\\laravel\\framework\\src\\Illuminate\\Routing\\Router.php(723): Illuminate\\Pipeline\\Pipeline->then(Object(Closure))
#36 D:\\xampp8\\htdocs\\ramkrishna\\vendor\\laravel\\framework\\src\\Illuminate\\Routing\\Router.php(698): Illuminate\\Routing\\Router->runRouteWithinStack(Object(Illuminate\\Routing\\Route), Object(Illuminate\\Http\\Request))
#37 D:\\xampp8\\htdocs\\ramkrishna\\vendor\\laravel\\framework\\src\\Illuminate\\Routing\\Router.php(662): Illuminate\\Routing\\Router->runRoute(Object(Illuminate\\Http\\Request), Object(Illuminate\\Routing\\Route))
#38 D:\\xampp8\\htdocs\\ramkrishna\\vendor\\laravel\\framework\\src\\Illuminate\\Routing\\Router.php(651): Illuminate\\Routing\\Router->dispatchToRoute(Object(Illuminate\\Http\\Request))
#39 D:\\xampp8\\htdocs\\ramkrishna\\vendor\\laravel\\framework\\src\\Illuminate\\Foundation\\Http\\Kernel.php(167): Illuminate\\Routing\\Router->dispatch(Object(Illuminate\\Http\\Request))
#40 D:\\xampp8\\htdocs\\ramkrishna\\vendor\\laravel\\framework\\src\\Illuminate\\Pipeline\\Pipeline.php(128): Illuminate\\Foundation\\Http\\Kernel->Illuminate\\Foundation\\Http\\{closure}(Object(Illuminate\\Http\\Request))
#41 D:\\xampp8\\htdocs\\ramkrishna\\vendor\\laravel\\framework\\src\\Illuminate\\Foundation\\Http\\Middleware\\TransformsRequest.php(21): Illuminate\\Pipeline\\Pipeline->Illuminate\\Pipeline\\{closure}(Object(Illuminate\\Http\\Request))
#42 D:\\xampp8\\htdocs\\ramkrishna\\vendor\\laravel\\framework\\src\\Illuminate\\Foundation\\Http\\Middleware\\ConvertEmptyStringsToNull.php(31): Illuminate\\Foundation\\Http\\Middleware\\TransformsRequest->handle(Object(Illuminate\\Http\\Request), Object(Closure))
#43 D:\\xampp8\\htdocs\\ramkrishna\\vendor\\laravel\\framework\\src\\Illuminate\\Pipeline\\Pipeline.php(167): Illuminate\\Foundation\\Http\\Middleware\\ConvertEmptyStringsToNull->handle(Object(Illuminate\\Http\\Request), Object(Closure))
#44 D:\\xampp8\\htdocs\\ramkrishna\\vendor\\laravel\\framework\\src\\Illuminate\\Foundation\\Http\\Middleware\\TransformsRequest.php(21): Illuminate\\Pipeline\\Pipeline->Illuminate\\Pipeline\\{closure}(Object(Illuminate\\Http\\Request))
#45 D:\\xampp8\\htdocs\\ramkrishna\\vendor\\laravel\\framework\\src\\Illuminate\\Foundation\\Http\\Middleware\\TrimStrings.php(40): Illuminate\\Foundation\\Http\\Middleware\\TransformsRequest->handle(Object(Illuminate\\Http\\Request), Object(Closure))
#46 D:\\xampp8\\htdocs\\ramkrishna\\vendor\\laravel\\framework\\src\\Illuminate\\Pipeline\\Pipeline.php(167): Illuminate\\Foundation\\Http\\Middleware\\TrimStrings->handle(Object(Illuminate\\Http\\Request), Object(Closure))
#47 D:\\xampp8\\htdocs\\ramkrishna\\vendor\\laravel\\framework\\src\\Illuminate\\Foundation\\Http\\Middleware\\ValidatePostSize.php(27): Illuminate\\Pipeline\\Pipeline->Illuminate\\Pipeline\\{closure}(Object(Illuminate\\Http\\Request))
#48 D:\\xampp8\\htdocs\\ramkrishna\\vendor\\laravel\\framework\\src\\Illuminate\\Pipeline\\Pipeline.php(167): Illuminate\\Foundation\\Http\\Middleware\\ValidatePostSize->handle(Object(Illuminate\\Http\\Request), Object(Closure))
#49 D:\\xampp8\\htdocs\\ramkrishna\\vendor\\laravel\\framework\\src\\Illuminate\\Foundation\\Http\\Middleware\\PreventRequestsDuringMaintenance.php(86): Illuminate\\Pipeline\\Pipeline->Illuminate\\Pipeline\\{closure}(Object(Illuminate\\Http\\Request))
#50 D:\\xampp8\\htdocs\\ramkrishna\\vendor\\laravel\\framework\\src\\Illuminate\\Pipeline\\Pipeline.php(167): Illuminate\\Foundation\\Http\\Middleware\\PreventRequestsDuringMaintenance->handle(Object(Illuminate\\Http\\Request), Object(Closure))
#51 D:\\xampp8\\htdocs\\ramkrishna\\vendor\\fideloper\\proxy\\src\\TrustProxies.php(57): Illuminate\\Pipeline\\Pipeline->Illuminate\\Pipeline\\{closure}(Object(Illuminate\\Http\\Request))
#52 D:\\xampp8\\htdocs\\ramkrishna\\vendor\\laravel\\framework\\src\\Illuminate\\Pipeline\\Pipeline.php(167): Fideloper\\Proxy\\TrustProxies->handle(Object(Illuminate\\Http\\Request), Object(Closure))
#53 D:\\xampp8\\htdocs\\ramkrishna\\vendor\\laravel\\framework\\src\\Illuminate\\Pipeline\\Pipeline.php(103): Illuminate\\Pipeline\\Pipeline->Illuminate\\Pipeline\\{closure}(Object(Illuminate\\Http\\Request))
#54 D:\\xampp8\\htdocs\\ramkrishna\\vendor\\laravel\\framework\\src\\Illuminate\\Foundation\\Http\\Kernel.php(142): Illuminate\\Pipeline\\Pipeline->then(Object(Closure))
#55 D:\\xampp8\\htdocs\\ramkrishna\\vendor\\laravel\\framework\\src\\Illuminate\\Foundation\\Http\\Kernel.php(111): Illuminate\\Foundation\\Http\\Kernel->sendRequestThroughRouter(Object(Illuminate\\Http\\Request))
#56 D:\\xampp8\\htdocs\\ramkrishna\\index.php(54): Illuminate\\Foundation\\Http\\Kernel->handle(Object(Illuminate\\Http\\Request))
#57 {main}

[previous exception] [object] (PDOException(code: 2002): SQLSTATE[HY000] [2002] No connection could be made because the target machine actively refused it at D:\\xampp8\\htdocs\\ramkrishna\\vendor\\laravel\\framework\\src\\Illuminate\\Database\\Connectors\\Connector.php:70)
[stacktrace]
#0 D:\\xampp8\\htdocs\\ramkrishna\\vendor\\laravel\\framework\\src\\Illuminate\\Database\\Connectors\\Connector.php(70): PDO->__construct('mysql:host=127....', 'root', '', Array)
#1 D:\\xampp8\\htdocs\\ramkrishna\\vendor\\laravel\\framework\\src\\Illuminate\\Database\\Connectors\\Connector.php(46): Illuminate\\Database\\Connectors\\Connector->createPdoConnection('mysql:host=127....', 'root', '', Array)
#2 D:\\xampp8\\htdocs\\ramkrishna\\vendor\\laravel\\framework\\src\\Illuminate\\Database\\Connectors\\MySqlConnector.php(24): Illuminate\\Database\\Connectors\\Connector->createConnection('mysql:host=127....', Array, Array)
#3 D:\\xampp8\\htdocs\\ramkrishna\\vendor\\laravel\\framework\\src\\Illuminate\\Database\\Connectors\\ConnectionFactory.php(184): Illuminate\\Database\\Connectors\\MySqlConnector->connect(Array)
#4 [internal function]: Illuminate\\Database\\Connectors\\ConnectionFactory->Illuminate\\Database\\Connectors\\{closure}()
#5 D:\\xampp8\\htdocs\\ramkrishna\\vendor\\laravel\\framework\\src\\Illuminate\\Database\\Connection.php(1064): call_user_func(Object(Closure))
#6 D:\\xampp8\\htdocs\\ramkrishna\\vendor\\laravel\\framework\\src\\Illuminate\\Database\\Connection.php(1100): Illuminate\\Database\\Connection->getPdo()
#7 D:\\xampp8\\htdocs\\ramkrishna\\vendor\\laravel\\framework\\src\\Illuminate\\Database\\Connection.php(442): Illuminate\\Database\\Connection->getReadPdo()
#8 D:\\xampp8\\htdocs\\ramkrishna\\vendor\\laravel\\framework\\src\\Illuminate\\Database\\Connection.php(368): Illuminate\\Database\\Connection->getPdoForSelect(true)
#9 D:\\xampp8\\htdocs\\ramkrishna\\vendor\\laravel\\framework\\src\\Illuminate\\Database\\Connection.php(705): Illuminate\\Database\\Connection->Illuminate\\Database\\{closure}('select * from `...', Array)
#10 D:\\xampp8\\htdocs\\ramkrishna\\vendor\\laravel\\framework\\src\\Illuminate\\Database\\Connection.php(672): Illuminate\\Database\\Connection->runQueryCallback('select * from `...', Array, Object(Closure))
#11 D:\\xampp8\\htdocs\\ramkrishna\\vendor\\laravel\\framework\\src\\Illuminate\\Database\\Connection.php(376): Illuminate\\Database\\Connection->run('select * from `...', Array, Object(Closure))
#12 D:\\xampp8\\htdocs\\ramkrishna\\vendor\\laravel\\framework\\src\\Illuminate\\Database\\Query\\Builder.php(2414): Illuminate\\Database\\Connection->select('select * from `...', Array, true)
#13 D:\\xampp8\\htdocs\\ramkrishna\\vendor\\laravel\\framework\\src\\Illuminate\\Database\\Query\\Builder.php(2402): Illuminate\\Database\\Query\\Builder->runSelect()
#14 D:\\xampp8\\htdocs\\ramkrishna\\vendor\\laravel\\framework\\src\\Illuminate\\Database\\Query\\Builder.php(2936): Illuminate\\Database\\Query\\Builder->Illuminate\\Database\\Query\\{closure}()
#15 D:\\xampp8\\htdocs\\ramkrishna\\vendor\\laravel\\framework\\src\\Illuminate\\Database\\Query\\Builder.php(2403): Illuminate\\Database\\Query\\Builder->onceWithColumns(Array, Object(Closure))
#16 D:\\xampp8\\htdocs\\ramkrishna\\vendor\\laravel\\framework\\src\\Illuminate\\Database\\Eloquent\\Builder.php(625): Illuminate\\Database\\Query\\Builder->get(Array)
#17 D:\\xampp8\\htdocs\\ramkrishna\\vendor\\laravel\\framework\\src\\Illuminate\\Database\\Eloquent\\Builder.php(609): Illuminate\\Database\\Eloquent\\Builder->getModels(Array)
#18 D:\\xampp8\\htdocs\\ramkrishna\\vendor\\laravel\\framework\\src\\Illuminate\\Database\\Concerns\\BuildsQueries.php(294): Illuminate\\Database\\Eloquent\\Builder->get(Array)
#19 D:\\xampp8\\htdocs\\ramkrishna\\vendor\\laravel\\framework\\src\\Illuminate\\Auth\\EloquentUserProvider.php(134): Illuminate\\Database\\Eloquent\\Builder->first()
#20 D:\\xampp8\\htdocs\\ramkrishna\\vendor\\laravel\\framework\\src\\Illuminate\\Auth\\SessionGuard.php(377): Illuminate\\Auth\\EloquentUserProvider->retrieveByCredentials(Array)
#21 D:\\xampp8\\htdocs\\ramkrishna\\vendor\\laravel\\ui\\auth-backend\\AuthenticatesUsers.php(87): Illuminate\\Auth\\SessionGuard->attempt(Array, false)
#22 D:\\xampp8\\htdocs\\ramkrishna\\vendor\\laravel\\ui\\auth-backend\\AuthenticatesUsers.php(46): App\\Http\\Controllers\\Admin\\Auth\\LoginController->attemptLogin(Object(Illuminate\\Http\\Request))
#23 D:\\xampp8\\htdocs\\ramkrishna\\vendor\\laravel\\framework\\src\\Illuminate\\Routing\\Controller.php(54): App\\Http\\Controllers\\Admin\\Auth\\LoginController->login(Object(Illuminate\\Http\\Request))
#24 D:\\xampp8\\htdocs\\ramkrishna\\vendor\\laravel\\framework\\src\\Illuminate\\Routing\\ControllerDispatcher.php(45): Illuminate\\Routing\\Controller->callAction('login', Array)
#25 D:\\xampp8\\htdocs\\ramkrishna\\vendor\\laravel\\framework\\src\\Illuminate\\Routing\\Route.php(262): Illuminate\\Routing\\ControllerDispatcher->dispatch(Object(Illuminate\\Routing\\Route), Object(App\\Http\\Controllers\\Admin\\Auth\\LoginController), 'login')
#26 D:\\xampp8\\htdocs\\ramkrishna\\vendor\\laravel\\framework\\src\\Illuminate\\Routing\\Route.php(205): Illuminate\\Routing\\Route->runController()
#27 D:\\xampp8\\htdocs\\ramkrishna\\vendor\\laravel\\framework\\src\\Illuminate\\Routing\\Router.php(721): Illuminate\\Routing\\Route->run()
#28 D:\\xampp8\\htdocs\\ramkrishna\\vendor\\laravel\\framework\\src\\Illuminate\\Pipeline\\Pipeline.php(128): Illuminate\\Routing\\Router->Illuminate\\Routing\\{closure}(Object(Illuminate\\Http\\Request))
#29 D:\\xampp8\\htdocs\\ramkrishna\\app\\Http\\Middleware\\RedirectIfAdmin.php(25): Illuminate\\Pipeline\\Pipeline->Illuminate\\Pipeline\\{closure}(Object(Illuminate\\Http\\Request))
#30 D:\\xampp8\\htdocs\\ramkrishna\\vendor\\laravel\\framework\\src\\Illuminate\\Pipeline\\Pipeline.php(167): App\\Http\\Middleware\\RedirectIfAdmin->handle(Object(Illuminate\\Http\\Request), Object(Closure), 'admin')
#31 D:\\xampp8\\htdocs\\ramkrishna\\vendor\\laravel\\framework\\src\\Illuminate\\Routing\\Middleware\\SubstituteBindings.php(50): Illuminate\\Pipeline\\Pipeline->Illuminate\\Pipeline\\{closure}(Object(Illuminate\\Http\\Request))
#32 D:\\xampp8\\htdocs\\ramkrishna\\vendor\\laravel\\framework\\src\\Illuminate\\Pipeline\\Pipeline.php(167): Illuminate\\Routing\\Middleware\\SubstituteBindings->handle(Object(Illuminate\\Http\\Request), Object(Closure))
#33 D:\\xampp8\\htdocs\\ramkrishna\\vendor\\laravel\\framework\\src\\Illuminate\\Foundation\\Http\\Middleware\\VerifyCsrfToken.php(78): Illuminate\\Pipeline\\Pipeline->Illuminate\\Pipeline\\{closure}(Object(Illuminate\\Http\\Request))
#34 D:\\xampp8\\htdocs\\ramkrishna\\vendor\\laravel\\framework\\src\\Illuminate\\Pipeline\\Pipeline.php(167): Illuminate\\Foundation\\Http\\Middleware\\VerifyCsrfToken->handle(Object(Illuminate\\Http\\Request), Object(Closure))
#35 D:\\xampp8\\htdocs\\ramkrishna\\vendor\\laravel\\framework\\src\\Illuminate\\View\\Middleware\\ShareErrorsFromSession.php(49): Illuminate\\Pipeline\\Pipeline->Illuminate\\Pipeline\\{closure}(Object(Illuminate\\Http\\Request))
#36 D:\\xampp8\\htdocs\\ramkrishna\\vendor\\laravel\\framework\\src\\Illuminate\\Pipeline\\Pipeline.php(167): Illuminate\\View\\Middleware\\ShareErrorsFromSession->handle(Object(Illuminate\\Http\\Request), Object(Closure))
#37 D:\\xampp8\\htdocs\\ramkrishna\\vendor\\laravel\\framework\\src\\Illuminate\\Session\\Middleware\\StartSession.php(121): Illuminate\\Pipeline\\Pipeline->Illuminate\\Pipeline\\{closure}(Object(Illuminate\\Http\\Request))
#38 D:\\xampp8\\htdocs\\ramkrishna\\vendor\\laravel\\framework\\src\\Illuminate\\Session\\Middleware\\StartSession.php(64): Illuminate\\Session\\Middleware\\StartSession->handleStatefulRequest(Object(Illuminate\\Http\\Request), Object(Illuminate\\Session\\Store), Object(Closure))
#39 D:\\xampp8\\htdocs\\ramkrishna\\vendor\\laravel\\framework\\src\\Illuminate\\Pipeline\\Pipeline.php(167): Illuminate\\Session\\Middleware\\StartSession->handle(Object(Illuminate\\Http\\Request), Object(Closure))
#40 D:\\xampp8\\htdocs\\ramkrishna\\vendor\\laravel\\framework\\src\\Illuminate\\Cookie\\Middleware\\AddQueuedCookiesToResponse.php(37): Illuminate\\Pipeline\\Pipeline->Illuminate\\Pipeline\\{closure}(Object(Illuminate\\Http\\Request))
#41 D:\\xampp8\\htdocs\\ramkrishna\\vendor\\laravel\\framework\\src\\Illuminate\\Pipeline\\Pipeline.php(167): Illuminate\\Cookie\\Middleware\\AddQueuedCookiesToResponse->handle(Object(Illuminate\\Http\\Request), Object(Closure))
#42 D:\\xampp8\\htdocs\\ramkrishna\\vendor\\laravel\\framework\\src\\Illuminate\\Cookie\\Middleware\\EncryptCookies.php(67): Illuminate\\Pipeline\\Pipeline->Illuminate\\Pipeline\\{closure}(Object(Illuminate\\Http\\Request))
#43 D:\\xampp8\\htdocs\\ramkrishna\\vendor\\laravel\\framework\\src\\Illuminate\\Pipeline\\Pipeline.php(167): Illuminate\\Cookie\\Middleware\\EncryptCookies->handle(Object(Illuminate\\Http\\Request), Object(Closure))
#44 D:\\xampp8\\htdocs\\ramkrishna\\vendor\\laravel\\framework\\src\\Illuminate\\Pipeline\\Pipeline.php(103): Illuminate\\Pipeline\\Pipeline->Illuminate\\Pipeline\\{closure}(Object(Illuminate\\Http\\Request))
#45 D:\\xampp8\\htdocs\\ramkrishna\\vendor\\laravel\\framework\\src\\Illuminate\\Routing\\Router.php(723): Illuminate\\Pipeline\\Pipeline->then(Object(Closure))
#46 D:\\xampp8\\htdocs\\ramkrishna\\vendor\\laravel\\framework\\src\\Illuminate\\Routing\\Router.php(698): Illuminate\\Routing\\Router->runRouteWithinStack(Object(Illuminate\\Routing\\Route), Object(Illuminate\\Http\\Request))
#47 D:\\xampp8\\htdocs\\ramkrishna\\vendor\\laravel\\framework\\src\\Illuminate\\Routing\\Router.php(662): Illuminate\\Routing\\Router->runRoute(Object(Illuminate\\Http\\Request), Object(Illuminate\\Routing\\Route))
#48 D:\\xampp8\\htdocs\\ramkrishna\\vendor\\laravel\\framework\\src\\Illuminate\\Routing\\Router.php(651): Illuminate\\Routing\\Router->dispatchToRoute(Object(Illuminate\\Http\\Request))
#49 D:\\xampp8\\htdocs\\ramkrishna\\vendor\\laravel\\framework\\src\\Illuminate\\Foundation\\Http\\Kernel.php(167): Illuminate\\Routing\\Router->dispatch(Object(Illuminate\\Http\\Request))
#50 D:\\xampp8\\htdocs\\ramkrishna\\vendor\\laravel\\framework\\src\\Illuminate\\Pipeline\\Pipeline.php(128): Illuminate\\Foundation\\Http\\Kernel->Illuminate\\Foundation\\Http\\{closure}(Object(Illuminate\\Http\\Request))
#51 D:\\xampp8\\htdocs\\ramkrishna\\vendor\\laravel\\framework\\src\\Illuminate\\Foundation\\Http\\Middleware\\TransformsRequest.php(21): Illuminate\\Pipeline\\Pipeline->Illuminate\\Pipeline\\{closure}(Object(Illuminate\\Http\\Request))
#52 D:\\xampp8\\htdocs\\ramkrishna\\vendor\\laravel\\framework\\src\\Illuminate\\Foundation\\Http\\Middleware\\ConvertEmptyStringsToNull.php(31): Illuminate\\Foundation\\Http\\Middleware\\TransformsRequest->handle(Object(Illuminate\\Http\\Request), Object(Closure))
#53 D:\\xampp8\\htdocs\\ramkrishna\\vendor\\laravel\\framework\\src\\Illuminate\\Pipeline\\Pipeline.php(167): Illuminate\\Foundation\\Http\\Middleware\\ConvertEmptyStringsToNull->handle(Object(Illuminate\\Http\\Request), Object(Closure))
#54 D:\\xampp8\\htdocs\\ramkrishna\\vendor\\laravel\\framework\\src\\Illuminate\\Foundation\\Http\\Middleware\\TransformsRequest.php(21): Illuminate\\Pipeline\\Pipeline->Illuminate\\Pipeline\\{closure}(Object(Illuminate\\Http\\Request))
#55 D:\\xampp8\\htdocs\\ramkrishna\\vendor\\laravel\\framework\\src\\Illuminate\\Foundation\\Http\\Middleware\\TrimStrings.php(40): Illuminate\\Foundation\\Http\\Middleware\\TransformsRequest->handle(Object(Illuminate\\Http\\Request), Object(Closure))
#56 D:\\xampp8\\htdocs\\ramkrishna\\vendor\\laravel\\framework\\src\\Illuminate\\Pipeline\\Pipeline.php(167): Illuminate\\Foundation\\Http\\Middleware\\TrimStrings->handle(Object(Illuminate\\Http\\Request), Object(Closure))
#57 D:\\xampp8\\htdocs\\ramkrishna\\vendor\\laravel\\framework\\src\\Illuminate\\Foundation\\Http\\Middleware\\ValidatePostSize.php(27): Illuminate\\Pipeline\\Pipeline->Illuminate\\Pipeline\\{closure}(Object(Illuminate\\Http\\Request))
#58 D:\\xampp8\\htdocs\\ramkrishna\\vendor\\laravel\\framework\\src\\Illuminate\\Pipeline\\Pipeline.php(167): Illuminate\\Foundation\\Http\\Middleware\\ValidatePostSize->handle(Object(Illuminate\\Http\\Request), Object(Closure))
#59 D:\\xampp8\\htdocs\\ramkrishna\\vendor\\laravel\\framework\\src\\Illuminate\\Foundation\\Http\\Middleware\\PreventRequestsDuringMaintenance.php(86): Illuminate\\Pipeline\\Pipeline->Illuminate\\Pipeline\\{closure}(Object(Illuminate\\Http\\Request))
#60 D:\\xampp8\\htdocs\\ramkrishna\\vendor\\laravel\\framework\\src\\Illuminate\\Pipeline\\Pipeline.php(167): Illuminate\\Foundation\\Http\\Middleware\\PreventRequestsDuringMaintenance->handle(Object(Illuminate\\Http\\Request), Object(Closure))
#61 D:\\xampp8\\htdocs\\ramkrishna\\vendor\\fideloper\\proxy\\src\\TrustProxies.php(57): Illuminate\\Pipeline\\Pipeline->Illuminate\\Pipeline\\{closure}(Object(Illuminate\\Http\\Request))
#62 D:\\xampp8\\htdocs\\ramkrishna\\vendor\\laravel\\framework\\src\\Illuminate\\Pipeline\\Pipeline.php(167): Fideloper\\Proxy\\TrustProxies->handle(Object(Illuminate\\Http\\Request), Object(Closure))
#63 D:\\xampp8\\htdocs\\ramkrishna\\vendor\\laravel\\framework\\src\\Illuminate\\Pipeline\\Pipeline.php(103): Illuminate\\Pipeline\\Pipeline->Illuminate\\Pipeline\\{closure}(Object(Illuminate\\Http\\Request))
#64 D:\\xampp8\\htdocs\\ramkrishna\\vendor\\laravel\\framework\\src\\Illuminate\\Foundation\\Http\\Kernel.php(142): Illuminate\\Pipeline\\Pipeline->then(Object(Closure))
#65 D:\\xampp8\\htdocs\\ramkrishna\\vendor\\laravel\\framework\\src\\Illuminate\\Foundation\\Http\\Kernel.php(111): Illuminate\\Foundation\\Http\\Kernel->sendRequestThroughRouter(Object(Illuminate\\Http\\Request))
#66 D:\\xampp8\\htdocs\\ramkrishna\\index.php(54): Illuminate\\Foundation\\Http\\Kernel->handle(Object(Illuminate\\Http\\Request))
#67 {main}
"} 
[2023-05-29 17:16:56] local.ERROR: SQLSTATE[HY000] [1049] Unknown database 'beas_ramkrishna' (SQL: select * from `admins` where `email` = info@admin.com limit 1) {"exception":"[object] (Illuminate\\Database\\QueryException(code: 1049): SQLSTATE[HY000] [1049] Unknown database 'beas_ramkrishna' (SQL: select * from `admins` where `email` = info@admin.com limit 1) at D:\\xampp8\\htdocs\\ramkrishna\\vendor\\laravel\\framework\\src\\Illuminate\\Database\\Connection.php:712)
[stacktrace]
#0 D:\\xampp8\\htdocs\\ramkrishna\\vendor\\laravel\\framework\\src\\Illuminate\\Database\\Connection.php(672): Illuminate\\Database\\Connection->runQueryCallback('select * from `...', Array, Object(Closure))
#1 D:\\xampp8\\htdocs\\ramkrishna\\vendor\\laravel\\framework\\src\\Illuminate\\Database\\Connection.php(376): Illuminate\\Database\\Connection->run('select * from `...', Array, Object(Closure))
#2 D:\\xampp8\\htdocs\\ramkrishna\\vendor\\laravel\\framework\\src\\Illuminate\\Database\\Query\\Builder.php(2414): Illuminate\\Database\\Connection->select('select * from `...', Array, true)
#3 D:\\xampp8\\htdocs\\ramkrishna\\vendor\\laravel\\framework\\src\\Illuminate\\Database\\Query\\Builder.php(2402): Illuminate\\Database\\Query\\Builder->runSelect()
#4 D:\\xampp8\\htdocs\\ramkrishna\\vendor\\laravel\\framework\\src\\Illuminate\\Database\\Query\\Builder.php(2936): Illuminate\\Database\\Query\\Builder->Illuminate\\Database\\Query\\{closure}()
#5 D:\\xampp8\\htdocs\\ramkrishna\\vendor\\laravel\\framework\\src\\Illuminate\\Database\\Query\\Builder.php(2403): Illuminate\\Database\\Query\\Builder->onceWithColumns(Array, Object(Closure))
#6 D:\\xampp8\\htdocs\\ramkrishna\\vendor\\laravel\\framework\\src\\Illuminate\\Database\\Eloquent\\Builder.php(625): Illuminate\\Database\\Query\\Builder->get(Array)
#7 D:\\xampp8\\htdocs\\ramkrishna\\vendor\\laravel\\framework\\src\\Illuminate\\Database\\Eloquent\\Builder.php(609): Illuminate\\Database\\Eloquent\\Builder->getModels(Array)
#8 D:\\xampp8\\htdocs\\ramkrishna\\vendor\\laravel\\framework\\src\\Illuminate\\Database\\Concerns\\BuildsQueries.php(294): Illuminate\\Database\\Eloquent\\Builder->get(Array)
#9 D:\\xampp8\\htdocs\\ramkrishna\\vendor\\laravel\\framework\\src\\Illuminate\\Auth\\EloquentUserProvider.php(134): Illuminate\\Database\\Eloquent\\Builder->first()
#10 D:\\xampp8\\htdocs\\ramkrishna\\vendor\\laravel\\framework\\src\\Illuminate\\Auth\\SessionGuard.php(377): Illuminate\\Auth\\EloquentUserProvider->retrieveByCredentials(Array)
#11 D:\\xampp8\\htdocs\\ramkrishna\\vendor\\laravel\\ui\\auth-backend\\AuthenticatesUsers.php(87): Illuminate\\Auth\\SessionGuard->attempt(Array, false)
#12 D:\\xampp8\\htdocs\\ramkrishna\\vendor\\laravel\\ui\\auth-backend\\AuthenticatesUsers.php(46): App\\Http\\Controllers\\Admin\\Auth\\LoginController->attemptLogin(Object(Illuminate\\Http\\Request))
#13 D:\\xampp8\\htdocs\\ramkrishna\\vendor\\laravel\\framework\\src\\Illuminate\\Routing\\Controller.php(54): App\\Http\\Controllers\\Admin\\Auth\\LoginController->login(Object(Illuminate\\Http\\Request))
#14 D:\\xampp8\\htdocs\\ramkrishna\\vendor\\laravel\\framework\\src\\Illuminate\\Routing\\ControllerDispatcher.php(45): Illuminate\\Routing\\Controller->callAction('login', Array)
#15 D:\\xampp8\\htdocs\\ramkrishna\\vendor\\laravel\\framework\\src\\Illuminate\\Routing\\Route.php(262): Illuminate\\Routing\\ControllerDispatcher->dispatch(Object(Illuminate\\Routing\\Route), Object(App\\Http\\Controllers\\Admin\\Auth\\LoginController), 'login')
#16 D:\\xampp8\\htdocs\\ramkrishna\\vendor\\laravel\\framework\\src\\Illuminate\\Routing\\Route.php(205): Illuminate\\Routing\\Route->runController()
#17 D:\\xampp8\\htdocs\\ramkrishna\\vendor\\laravel\\framework\\src\\Illuminate\\Routing\\Router.php(721): Illuminate\\Routing\\Route->run()
#18 D:\\xampp8\\htdocs\\ramkrishna\\vendor\\laravel\\framework\\src\\Illuminate\\Pipeline\\Pipeline.php(128): Illuminate\\Routing\\Router->Illuminate\\Routing\\{closure}(Object(Illuminate\\Http\\Request))
#19 D:\\xampp8\\htdocs\\ramkrishna\\app\\Http\\Middleware\\RedirectIfAdmin.php(25): Illuminate\\Pipeline\\Pipeline->Illuminate\\Pipeline\\{closure}(Object(Illuminate\\Http\\Request))
#20 D:\\xampp8\\htdocs\\ramkrishna\\vendor\\laravel\\framework\\src\\Illuminate\\Pipeline\\Pipeline.php(167): App\\Http\\Middleware\\RedirectIfAdmin->handle(Object(Illuminate\\Http\\Request), Object(Closure), 'admin')
#21 D:\\xampp8\\htdocs\\ramkrishna\\vendor\\laravel\\framework\\src\\Illuminate\\Routing\\Middleware\\SubstituteBindings.php(50): Illuminate\\Pipeline\\Pipeline->Illuminate\\Pipeline\\{closure}(Object(Illuminate\\Http\\Request))
#22 D:\\xampp8\\htdocs\\ramkrishna\\vendor\\laravel\\framework\\src\\Illuminate\\Pipeline\\Pipeline.php(167): Illuminate\\Routing\\Middleware\\SubstituteBindings->handle(Object(Illuminate\\Http\\Request), Object(Closure))
#23 D:\\xampp8\\htdocs\\ramkrishna\\vendor\\laravel\\framework\\src\\Illuminate\\Foundation\\Http\\Middleware\\VerifyCsrfToken.php(78): Illuminate\\Pipeline\\Pipeline->Illuminate\\Pipeline\\{closure}(Object(Illuminate\\Http\\Request))
#24 D:\\xampp8\\htdocs\\ramkrishna\\vendor\\laravel\\framework\\src\\Illuminate\\Pipeline\\Pipeline.php(167): Illuminate\\Foundation\\Http\\Middleware\\VerifyCsrfToken->handle(Object(Illuminate\\Http\\Request), Object(Closure))
#25 D:\\xampp8\\htdocs\\ramkrishna\\vendor\\laravel\\framework\\src\\Illuminate\\View\\Middleware\\ShareErrorsFromSession.php(49): Illuminate\\Pipeline\\Pipeline->Illuminate\\Pipeline\\{closure}(Object(Illuminate\\Http\\Request))
#26 D:\\xampp8\\htdocs\\ramkrishna\\vendor\\laravel\\framework\\src\\Illuminate\\Pipeline\\Pipeline.php(167): Illuminate\\View\\Middleware\\ShareErrorsFromSession->handle(Object(Illuminate\\Http\\Request), Object(Closure))
#27 D:\\xampp8\\htdocs\\ramkrishna\\vendor\\laravel\\framework\\src\\Illuminate\\Session\\Middleware\\StartSession.php(121): Illuminate\\Pipeline\\Pipeline->Illuminate\\Pipeline\\{closure}(Object(Illuminate\\Http\\Request))
#28 D:\\xampp8\\htdocs\\ramkrishna\\vendor\\laravel\\framework\\src\\Illuminate\\Session\\Middleware\\StartSession.php(64): Illuminate\\Session\\Middleware\\StartSession->handleStatefulRequest(Object(Illuminate\\Http\\Request), Object(Illuminate\\Session\\Store), Object(Closure))
#29 D:\\xampp8\\htdocs\\ramkrishna\\vendor\\laravel\\framework\\src\\Illuminate\\Pipeline\\Pipeline.php(167): Illuminate\\Session\\Middleware\\StartSession->handle(Object(Illuminate\\Http\\Request), Object(Closure))
#30 D:\\xampp8\\htdocs\\ramkrishna\\vendor\\laravel\\framework\\src\\Illuminate\\Cookie\\Middleware\\AddQueuedCookiesToResponse.php(37): Illuminate\\Pipeline\\Pipeline->Illuminate\\Pipeline\\{closure}(Object(Illuminate\\Http\\Request))
#31 D:\\xampp8\\htdocs\\ramkrishna\\vendor\\laravel\\framework\\src\\Illuminate\\Pipeline\\Pipeline.php(167): Illuminate\\Cookie\\Middleware\\AddQueuedCookiesToResponse->handle(Object(Illuminate\\Http\\Request), Object(Closure))
#32 D:\\xampp8\\htdocs\\ramkrishna\\vendor\\laravel\\framework\\src\\Illuminate\\Cookie\\Middleware\\EncryptCookies.php(67): Illuminate\\Pipeline\\Pipeline->Illuminate\\Pipeline\\{closure}(Object(Illuminate\\Http\\Request))
#33 D:\\xampp8\\htdocs\\ramkrishna\\vendor\\laravel\\framework\\src\\Illuminate\\Pipeline\\Pipeline.php(167): Illuminate\\Cookie\\Middleware\\EncryptCookies->handle(Object(Illuminate\\Http\\Request), Object(Closure))
#34 D:\\xampp8\\htdocs\\ramkrishna\\vendor\\laravel\\framework\\src\\Illuminate\\Pipeline\\Pipeline.php(103): Illuminate\\Pipeline\\Pipeline->Illuminate\\Pipeline\\{closure}(Object(Illuminate\\Http\\Request))
#35 D:\\xampp8\\htdocs\\ramkrishna\\vendor\\laravel\\framework\\src\\Illuminate\\Routing\\Router.php(723): Illuminate\\Pipeline\\Pipeline->then(Object(Closure))
#36 D:\\xampp8\\htdocs\\ramkrishna\\vendor\\laravel\\framework\\src\\Illuminate\\Routing\\Router.php(698): Illuminate\\Routing\\Router->runRouteWithinStack(Object(Illuminate\\Routing\\Route), Object(Illuminate\\Http\\Request))
#37 D:\\xampp8\\htdocs\\ramkrishna\\vendor\\laravel\\framework\\src\\Illuminate\\Routing\\Router.php(662): Illuminate\\Routing\\Router->runRoute(Object(Illuminate\\Http\\Request), Object(Illuminate\\Routing\\Route))
#38 D:\\xampp8\\htdocs\\ramkrishna\\vendor\\laravel\\framework\\src\\Illuminate\\Routing\\Router.php(651): Illuminate\\Routing\\Router->dispatchToRoute(Object(Illuminate\\Http\\Request))
#39 D:\\xampp8\\htdocs\\ramkrishna\\vendor\\laravel\\framework\\src\\Illuminate\\Foundation\\Http\\Kernel.php(167): Illuminate\\Routing\\Router->dispatch(Object(Illuminate\\Http\\Request))
#40 D:\\xampp8\\htdocs\\ramkrishna\\vendor\\laravel\\framework\\src\\Illuminate\\Pipeline\\Pipeline.php(128): Illuminate\\Foundation\\Http\\Kernel->Illuminate\\Foundation\\Http\\{closure}(Object(Illuminate\\Http\\Request))
#41 D:\\xampp8\\htdocs\\ramkrishna\\vendor\\laravel\\framework\\src\\Illuminate\\Foundation\\Http\\Middleware\\TransformsRequest.php(21): Illuminate\\Pipeline\\Pipeline->Illuminate\\Pipeline\\{closure}(Object(Illuminate\\Http\\Request))
#42 D:\\xampp8\\htdocs\\ramkrishna\\vendor\\laravel\\framework\\src\\Illuminate\\Foundation\\Http\\Middleware\\ConvertEmptyStringsToNull.php(31): Illuminate\\Foundation\\Http\\Middleware\\TransformsRequest->handle(Object(Illuminate\\Http\\Request), Object(Closure))
#43 D:\\xampp8\\htdocs\\ramkrishna\\vendor\\laravel\\framework\\src\\Illuminate\\Pipeline\\Pipeline.php(167): Illuminate\\Foundation\\Http\\Middleware\\ConvertEmptyStringsToNull->handle(Object(Illuminate\\Http\\Request), Object(Closure))
#44 D:\\xampp8\\htdocs\\ramkrishna\\vendor\\laravel\\framework\\src\\Illuminate\\Foundation\\Http\\Middleware\\TransformsRequest.php(21): Illuminate\\Pipeline\\Pipeline->Illuminate\\Pipeline\\{closure}(Object(Illuminate\\Http\\Request))
#45 D:\\xampp8\\htdocs\\ramkrishna\\vendor\\laravel\\framework\\src\\Illuminate\\Foundation\\Http\\Middleware\\TrimStrings.php(40): Illuminate\\Foundation\\Http\\Middleware\\TransformsRequest->handle(Object(Illuminate\\Http\\Request), Object(Closure))
#46 D:\\xampp8\\htdocs\\ramkrishna\\vendor\\laravel\\framework\\src\\Illuminate\\Pipeline\\Pipeline.php(167): Illuminate\\Foundation\\Http\\Middleware\\TrimStrings->handle(Object(Illuminate\\Http\\Request), Object(Closure))
#47 D:\\xampp8\\htdocs\\ramkrishna\\vendor\\laravel\\framework\\src\\Illuminate\\Foundation\\Http\\Middleware\\ValidatePostSize.php(27): Illuminate\\Pipeline\\Pipeline->Illuminate\\Pipeline\\{closure}(Object(Illuminate\\Http\\Request))
#48 D:\\xampp8\\htdocs\\ramkrishna\\vendor\\laravel\\framework\\src\\Illuminate\\Pipeline\\Pipeline.php(167): Illuminate\\Foundation\\Http\\Middleware\\ValidatePostSize->handle(Object(Illuminate\\Http\\Request), Object(Closure))
#49 D:\\xampp8\\htdocs\\ramkrishna\\vendor\\laravel\\framework\\src\\Illuminate\\Foundation\\Http\\Middleware\\PreventRequestsDuringMaintenance.php(86): Illuminate\\Pipeline\\Pipeline->Illuminate\\Pipeline\\{closure}(Object(Illuminate\\Http\\Request))
#50 D:\\xampp8\\htdocs\\ramkrishna\\vendor\\laravel\\framework\\src\\Illuminate\\Pipeline\\Pipeline.php(167): Illuminate\\Foundation\\Http\\Middleware\\PreventRequestsDuringMaintenance->handle(Object(Illuminate\\Http\\Request), Object(Closure))
#51 D:\\xampp8\\htdocs\\ramkrishna\\vendor\\fideloper\\proxy\\src\\TrustProxies.php(57): Illuminate\\Pipeline\\Pipeline->Illuminate\\Pipeline\\{closure}(Object(Illuminate\\Http\\Request))
#52 D:\\xampp8\\htdocs\\ramkrishna\\vendor\\laravel\\framework\\src\\Illuminate\\Pipeline\\Pipeline.php(167): Fideloper\\Proxy\\TrustProxies->handle(Object(Illuminate\\Http\\Request), Object(Closure))
#53 D:\\xampp8\\htdocs\\ramkrishna\\vendor\\laravel\\framework\\src\\Illuminate\\Pipeline\\Pipeline.php(103): Illuminate\\Pipeline\\Pipeline->Illuminate\\Pipeline\\{closure}(Object(Illuminate\\Http\\Request))
#54 D:\\xampp8\\htdocs\\ramkrishna\\vendor\\laravel\\framework\\src\\Illuminate\\Foundation\\Http\\Kernel.php(142): Illuminate\\Pipeline\\Pipeline->then(Object(Closure))
#55 D:\\xampp8\\htdocs\\ramkrishna\\vendor\\laravel\\framework\\src\\Illuminate\\Foundation\\Http\\Kernel.php(111): Illuminate\\Foundation\\Http\\Kernel->sendRequestThroughRouter(Object(Illuminate\\Http\\Request))
#56 D:\\xampp8\\htdocs\\ramkrishna\\index.php(54): Illuminate\\Foundation\\Http\\Kernel->handle(Object(Illuminate\\Http\\Request))
#57 {main}

[previous exception] [object] (PDOException(code: 1049): SQLSTATE[HY000] [1049] Unknown database 'beas_ramkrishna' at D:\\xampp8\\htdocs\\ramkrishna\\vendor\\laravel\\framework\\src\\Illuminate\\Database\\Connectors\\Connector.php:70)
[stacktrace]
#0 D:\\xampp8\\htdocs\\ramkrishna\\vendor\\laravel\\framework\\src\\Illuminate\\Database\\Connectors\\Connector.php(70): PDO->__construct('mysql:host=127....', 'root', '', Array)
#1 D:\\xampp8\\htdocs\\ramkrishna\\vendor\\laravel\\framework\\src\\Illuminate\\Database\\Connectors\\Connector.php(46): Illuminate\\Database\\Connectors\\Connector->createPdoConnection('mysql:host=127....', 'root', '', Array)
#2 D:\\xampp8\\htdocs\\ramkrishna\\vendor\\laravel\\framework\\src\\Illuminate\\Database\\Connectors\\MySqlConnector.php(24): Illuminate\\Database\\Connectors\\Connector->createConnection('mysql:host=127....', Array, Array)
#3 D:\\xampp8\\htdocs\\ramkrishna\\vendor\\laravel\\framework\\src\\Illuminate\\Database\\Connectors\\ConnectionFactory.php(184): Illuminate\\Database\\Connectors\\MySqlConnector->connect(Array)
#4 [internal function]: Illuminate\\Database\\Connectors\\ConnectionFactory->Illuminate\\Database\\Connectors\\{closure}()
#5 D:\\xampp8\\htdocs\\ramkrishna\\vendor\\laravel\\framework\\src\\Illuminate\\Database\\Connection.php(1064): call_user_func(Object(Closure))
#6 D:\\xampp8\\htdocs\\ramkrishna\\vendor\\laravel\\framework\\src\\Illuminate\\Database\\Connection.php(1100): Illuminate\\Database\\Connection->getPdo()
#7 D:\\xampp8\\htdocs\\ramkrishna\\vendor\\laravel\\framework\\src\\Illuminate\\Database\\Connection.php(442): Illuminate\\Database\\Connection->getReadPdo()
#8 D:\\xampp8\\htdocs\\ramkrishna\\vendor\\laravel\\framework\\src\\Illuminate\\Database\\Connection.php(368): Illuminate\\Database\\Connection->getPdoForSelect(true)
#9 D:\\xampp8\\htdocs\\ramkrishna\\vendor\\laravel\\framework\\src\\Illuminate\\Database\\Connection.php(705): Illuminate\\Database\\Connection->Illuminate\\Database\\{closure}('select * from `...', Array)
#10 D:\\xampp8\\htdocs\\ramkrishna\\vendor\\laravel\\framework\\src\\Illuminate\\Database\\Connection.php(672): Illuminate\\Database\\Connection->runQueryCallback('select * from `...', Array, Object(Closure))
#11 D:\\xampp8\\htdocs\\ramkrishna\\vendor\\laravel\\framework\\src\\Illuminate\\Database\\Connection.php(376): Illuminate\\Database\\Connection->run('select * from `...', Array, Object(Closure))
#12 D:\\xampp8\\htdocs\\ramkrishna\\vendor\\laravel\\framework\\src\\Illuminate\\Database\\Query\\Builder.php(2414): Illuminate\\Database\\Connection->select('select * from `...', Array, true)
#13 D:\\xampp8\\htdocs\\ramkrishna\\vendor\\laravel\\framework\\src\\Illuminate\\Database\\Query\\Builder.php(2402): Illuminate\\Database\\Query\\Builder->runSelect()
#14 D:\\xampp8\\htdocs\\ramkrishna\\vendor\\laravel\\framework\\src\\Illuminate\\Database\\Query\\Builder.php(2936): Illuminate\\Database\\Query\\Builder->Illuminate\\Database\\Query\\{closure}()
#15 D:\\xampp8\\htdocs\\ramkrishna\\vendor\\laravel\\framework\\src\\Illuminate\\Database\\Query\\Builder.php(2403): Illuminate\\Database\\Query\\Builder->onceWithColumns(Array, Object(Closure))
#16 D:\\xampp8\\htdocs\\ramkrishna\\vendor\\laravel\\framework\\src\\Illuminate\\Database\\Eloquent\\Builder.php(625): Illuminate\\Database\\Query\\Builder->get(Array)
#17 D:\\xampp8\\htdocs\\ramkrishna\\vendor\\laravel\\framework\\src\\Illuminate\\Database\\Eloquent\\Builder.php(609): Illuminate\\Database\\Eloquent\\Builder->getModels(Array)
#18 D:\\xampp8\\htdocs\\ramkrishna\\vendor\\laravel\\framework\\src\\Illuminate\\Database\\Concerns\\BuildsQueries.php(294): Illuminate\\Database\\Eloquent\\Builder->get(Array)
#19 D:\\xampp8\\htdocs\\ramkrishna\\vendor\\laravel\\framework\\src\\Illuminate\\Auth\\EloquentUserProvider.php(134): Illuminate\\Database\\Eloquent\\Builder->first()
#20 D:\\xampp8\\htdocs\\ramkrishna\\vendor\\laravel\\framework\\src\\Illuminate\\Auth\\SessionGuard.php(377): Illuminate\\Auth\\EloquentUserProvider->retrieveByCredentials(Array)
#21 D:\\xampp8\\htdocs\\ramkrishna\\vendor\\laravel\\ui\\auth-backend\\AuthenticatesUsers.php(87): Illuminate\\Auth\\SessionGuard->attempt(Array, false)
#22 D:\\xampp8\\htdocs\\ramkrishna\\vendor\\laravel\\ui\\auth-backend\\AuthenticatesUsers.php(46): App\\Http\\Controllers\\Admin\\Auth\\LoginController->attemptLogin(Object(Illuminate\\Http\\Request))
#23 D:\\xampp8\\htdocs\\ramkrishna\\vendor\\laravel\\framework\\src\\Illuminate\\Routing\\Controller.php(54): App\\Http\\Controllers\\Admin\\Auth\\LoginController->login(Object(Illuminate\\Http\\Request))
#24 D:\\xampp8\\htdocs\\ramkrishna\\vendor\\laravel\\framework\\src\\Illuminate\\Routing\\ControllerDispatcher.php(45): Illuminate\\Routing\\Controller->callAction('login', Array)
#25 D:\\xampp8\\htdocs\\ramkrishna\\vendor\\laravel\\framework\\src\\Illuminate\\Routing\\Route.php(262): Illuminate\\Routing\\ControllerDispatcher->dispatch(Object(Illuminate\\Routing\\Route), Object(App\\Http\\Controllers\\Admin\\Auth\\LoginController), 'login')
#26 D:\\xampp8\\htdocs\\ramkrishna\\vendor\\laravel\\framework\\src\\Illuminate\\Routing\\Route.php(205): Illuminate\\Routing\\Route->runController()
#27 D:\\xampp8\\htdocs\\ramkrishna\\vendor\\laravel\\framework\\src\\Illuminate\\Routing\\Router.php(721): Illuminate\\Routing\\Route->run()
#28 D:\\xampp8\\htdocs\\ramkrishna\\vendor\\laravel\\framework\\src\\Illuminate\\Pipeline\\Pipeline.php(128): Illuminate\\Routing\\Router->Illuminate\\Routing\\{closure}(Object(Illuminate\\Http\\Request))
#29 D:\\xampp8\\htdocs\\ramkrishna\\app\\Http\\Middleware\\RedirectIfAdmin.php(25): Illuminate\\Pipeline\\Pipeline->Illuminate\\Pipeline\\{closure}(Object(Illuminate\\Http\\Request))
#30 D:\\xampp8\\htdocs\\ramkrishna\\vendor\\laravel\\framework\\src\\Illuminate\\Pipeline\\Pipeline.php(167): App\\Http\\Middleware\\RedirectIfAdmin->handle(Object(Illuminate\\Http\\Request), Object(Closure), 'admin')
#31 D:\\xampp8\\htdocs\\ramkrishna\\vendor\\laravel\\framework\\src\\Illuminate\\Routing\\Middleware\\SubstituteBindings.php(50): Illuminate\\Pipeline\\Pipeline->Illuminate\\Pipeline\\{closure}(Object(Illuminate\\Http\\Request))
#32 D:\\xampp8\\htdocs\\ramkrishna\\vendor\\laravel\\framework\\src\\Illuminate\\Pipeline\\Pipeline.php(167): Illuminate\\Routing\\Middleware\\SubstituteBindings->handle(Object(Illuminate\\Http\\Request), Object(Closure))
#33 D:\\xampp8\\htdocs\\ramkrishna\\vendor\\laravel\\framework\\src\\Illuminate\\Foundation\\Http\\Middleware\\VerifyCsrfToken.php(78): Illuminate\\Pipeline\\Pipeline->Illuminate\\Pipeline\\{closure}(Object(Illuminate\\Http\\Request))
#34 D:\\xampp8\\htdocs\\ramkrishna\\vendor\\laravel\\framework\\src\\Illuminate\\Pipeline\\Pipeline.php(167): Illuminate\\Foundation\\Http\\Middleware\\VerifyCsrfToken->handle(Object(Illuminate\\Http\\Request), Object(Closure))
#35 D:\\xampp8\\htdocs\\ramkrishna\\vendor\\laravel\\framework\\src\\Illuminate\\View\\Middleware\\ShareErrorsFromSession.php(49): Illuminate\\Pipeline\\Pipeline->Illuminate\\Pipeline\\{closure}(Object(Illuminate\\Http\\Request))
#36 D:\\xampp8\\htdocs\\ramkrishna\\vendor\\laravel\\framework\\src\\Illuminate\\Pipeline\\Pipeline.php(167): Illuminate\\View\\Middleware\\ShareErrorsFromSession->handle(Object(Illuminate\\Http\\Request), Object(Closure))
#37 D:\\xampp8\\htdocs\\ramkrishna\\vendor\\laravel\\framework\\src\\Illuminate\\Session\\Middleware\\StartSession.php(121): Illuminate\\Pipeline\\Pipeline->Illuminate\\Pipeline\\{closure}(Object(Illuminate\\Http\\Request))
#38 D:\\xampp8\\htdocs\\ramkrishna\\vendor\\laravel\\framework\\src\\Illuminate\\Session\\Middleware\\StartSession.php(64): Illuminate\\Session\\Middleware\\StartSession->handleStatefulRequest(Object(Illuminate\\Http\\Request), Object(Illuminate\\Session\\Store), Object(Closure))
#39 D:\\xampp8\\htdocs\\ramkrishna\\vendor\\laravel\\framework\\src\\Illuminate\\Pipeline\\Pipeline.php(167): Illuminate\\Session\\Middleware\\StartSession->handle(Object(Illuminate\\Http\\Request), Object(Closure))
#40 D:\\xampp8\\htdocs\\ramkrishna\\vendor\\laravel\\framework\\src\\Illuminate\\Cookie\\Middleware\\AddQueuedCookiesToResponse.php(37): Illuminate\\Pipeline\\Pipeline->Illuminate\\Pipeline\\{closure}(Object(Illuminate\\Http\\Request))
#41 D:\\xampp8\\htdocs\\ramkrishna\\vendor\\laravel\\framework\\src\\Illuminate\\Pipeline\\Pipeline.php(167): Illuminate\\Cookie\\Middleware\\AddQueuedCookiesToResponse->handle(Object(Illuminate\\Http\\Request), Object(Closure))
#42 D:\\xampp8\\htdocs\\ramkrishna\\vendor\\laravel\\framework\\src\\Illuminate\\Cookie\\Middleware\\EncryptCookies.php(67): Illuminate\\Pipeline\\Pipeline->Illuminate\\Pipeline\\{closure}(Object(Illuminate\\Http\\Request))
#43 D:\\xampp8\\htdocs\\ramkrishna\\vendor\\laravel\\framework\\src\\Illuminate\\Pipeline\\Pipeline.php(167): Illuminate\\Cookie\\Middleware\\EncryptCookies->handle(Object(Illuminate\\Http\\Request), Object(Closure))
#44 D:\\xampp8\\htdocs\\ramkrishna\\vendor\\laravel\\framework\\src\\Illuminate\\Pipeline\\Pipeline.php(103): Illuminate\\Pipeline\\Pipeline->Illuminate\\Pipeline\\{closure}(Object(Illuminate\\Http\\Request))
#45 D:\\xampp8\\htdocs\\ramkrishna\\vendor\\laravel\\framework\\src\\Illuminate\\Routing\\Router.php(723): Illuminate\\Pipeline\\Pipeline->then(Object(Closure))
#46 D:\\xampp8\\htdocs\\ramkrishna\\vendor\\laravel\\framework\\src\\Illuminate\\Routing\\Router.php(698): Illuminate\\Routing\\Router->runRouteWithinStack(Object(Illuminate\\Routing\\Route), Object(Illuminate\\Http\\Request))
#47 D:\\xampp8\\htdocs\\ramkrishna\\vendor\\laravel\\framework\\src\\Illuminate\\Routing\\Router.php(662): Illuminate\\Routing\\Router->runRoute(Object(Illuminate\\Http\\Request), Object(Illuminate\\Routing\\Route))
#48 D:\\xampp8\\htdocs\\ramkrishna\\vendor\\laravel\\framework\\src\\Illuminate\\Routing\\Router.php(651): Illuminate\\Routing\\Router->dispatchToRoute(Object(Illuminate\\Http\\Request))
#49 D:\\xampp8\\htdocs\\ramkrishna\\vendor\\laravel\\framework\\src\\Illuminate\\Foundation\\Http\\Kernel.php(167): Illuminate\\Routing\\Router->dispatch(Object(Illuminate\\Http\\Request))
#50 D:\\xampp8\\htdocs\\ramkrishna\\vendor\\laravel\\framework\\src\\Illuminate\\Pipeline\\Pipeline.php(128): Illuminate\\Foundation\\Http\\Kernel->Illuminate\\Foundation\\Http\\{closure}(Object(Illuminate\\Http\\Request))
#51 D:\\xampp8\\htdocs\\ramkrishna\\vendor\\laravel\\framework\\src\\Illuminate\\Foundation\\Http\\Middleware\\TransformsRequest.php(21): Illuminate\\Pipeline\\Pipeline->Illuminate\\Pipeline\\{closure}(Object(Illuminate\\Http\\Request))
#52 D:\\xampp8\\htdocs\\ramkrishna\\vendor\\laravel\\framework\\src\\Illuminate\\Foundation\\Http\\Middleware\\ConvertEmptyStringsToNull.php(31): Illuminate\\Foundation\\Http\\Middleware\\TransformsRequest->handle(Object(Illuminate\\Http\\Request), Object(Closure))
#53 D:\\xampp8\\htdocs\\ramkrishna\\vendor\\laravel\\framework\\src\\Illuminate\\Pipeline\\Pipeline.php(167): Illuminate\\Foundation\\Http\\Middleware\\ConvertEmptyStringsToNull->handle(Object(Illuminate\\Http\\Request), Object(Closure))
#54 D:\\xampp8\\htdocs\\ramkrishna\\vendor\\laravel\\framework\\src\\Illuminate\\Foundation\\Http\\Middleware\\TransformsRequest.php(21): Illuminate\\Pipeline\\Pipeline->Illuminate\\Pipeline\\{closure}(Object(Illuminate\\Http\\Request))
#55 D:\\xampp8\\htdocs\\ramkrishna\\vendor\\laravel\\framework\\src\\Illuminate\\Foundation\\Http\\Middleware\\TrimStrings.php(40): Illuminate\\Foundation\\Http\\Middleware\\TransformsRequest->handle(Object(Illuminate\\Http\\Request), Object(Closure))
#56 D:\\xampp8\\htdocs\\ramkrishna\\vendor\\laravel\\framework\\src\\Illuminate\\Pipeline\\Pipeline.php(167): Illuminate\\Foundation\\Http\\Middleware\\TrimStrings->handle(Object(Illuminate\\Http\\Request), Object(Closure))
#57 D:\\xampp8\\htdocs\\ramkrishna\\vendor\\laravel\\framework\\src\\Illuminate\\Foundation\\Http\\Middleware\\ValidatePostSize.php(27): Illuminate\\Pipeline\\Pipeline->Illuminate\\Pipeline\\{closure}(Object(Illuminate\\Http\\Request))
#58 D:\\xampp8\\htdocs\\ramkrishna\\vendor\\laravel\\framework\\src\\Illuminate\\Pipeline\\Pipeline.php(167): Illuminate\\Foundation\\Http\\Middleware\\ValidatePostSize->handle(Object(Illuminate\\Http\\Request), Object(Closure))
#59 D:\\xampp8\\htdocs\\ramkrishna\\vendor\\laravel\\framework\\src\\Illuminate\\Foundation\\Http\\Middleware\\PreventRequestsDuringMaintenance.php(86): Illuminate\\Pipeline\\Pipeline->Illuminate\\Pipeline\\{closure}(Object(Illuminate\\Http\\Request))
#60 D:\\xampp8\\htdocs\\ramkrishna\\vendor\\laravel\\framework\\src\\Illuminate\\Pipeline\\Pipeline.php(167): Illuminate\\Foundation\\Http\\Middleware\\PreventRequestsDuringMaintenance->handle(Object(Illuminate\\Http\\Request), Object(Closure))
#61 D:\\xampp8\\htdocs\\ramkrishna\\vendor\\fideloper\\proxy\\src\\TrustProxies.php(57): Illuminate\\Pipeline\\Pipeline->Illuminate\\Pipeline\\{closure}(Object(Illuminate\\Http\\Request))
#62 D:\\xampp8\\htdocs\\ramkrishna\\vendor\\laravel\\framework\\src\\Illuminate\\Pipeline\\Pipeline.php(167): Fideloper\\Proxy\\TrustProxies->handle(Object(Illuminate\\Http\\Request), Object(Closure))
#63 D:\\xampp8\\htdocs\\ramkrishna\\vendor\\laravel\\framework\\src\\Illuminate\\Pipeline\\Pipeline.php(103): Illuminate\\Pipeline\\Pipeline->Illuminate\\Pipeline\\{closure}(Object(Illuminate\\Http\\Request))
#64 D:\\xampp8\\htdocs\\ramkrishna\\vendor\\laravel\\framework\\src\\Illuminate\\Foundation\\Http\\Kernel.php(142): Illuminate\\Pipeline\\Pipeline->then(Object(Closure))
#65 D:\\xampp8\\htdocs\\ramkrishna\\vendor\\laravel\\framework\\src\\Illuminate\\Foundation\\Http\\Kernel.php(111): Illuminate\\Foundation\\Http\\Kernel->sendRequestThroughRouter(Object(Illuminate\\Http\\Request))
#66 D:\\xampp8\\htdocs\\ramkrishna\\index.php(54): Illuminate\\Foundation\\Http\\Kernel->handle(Object(Illuminate\\Http\\Request))
#67 {main}
"} 
[2023-05-29 17:21:34] local.ERROR: Auth driver [jwt] for guard [api] is not defined. {"exception":"[object] (InvalidArgumentException(code: 0): Auth driver [jwt] for guard [api] is not defined. at D:\\xampp8\\htdocs\\ramkrishna\\vendor\\laravel\\framework\\src\\Illuminate\\Auth\\AuthManager.php:97)
[stacktrace]
#0 D:\\xampp8\\htdocs\\ramkrishna\\vendor\\laravel\\framework\\src\\Illuminate\\Auth\\AuthManager.php(68): Illuminate\\Auth\\AuthManager->resolve('api')
#1 D:\\xampp8\\htdocs\\ramkrishna\\vendor\\laravel\\framework\\src\\Illuminate\\Auth\\AuthManager.php(54): Illuminate\\Auth\\AuthManager->guard('api')
#2 [internal function]: Illuminate\\Auth\\AuthManager->Illuminate\\Auth\\{closure}(NULL)
#3 D:\\xampp8\\htdocs\\ramkrishna\\vendor\\laravel\\framework\\src\\Illuminate\\Auth\\AuthServiceProvider.php(97): call_user_func(Object(Closure), NULL)
#4 [internal function]: Illuminate\\Auth\\AuthServiceProvider->Illuminate\\Auth\\{closure}(NULL)
#5 D:\\xampp8\\htdocs\\ramkrishna\\vendor\\laravel\\framework\\src\\Illuminate\\Http\\Request.php(550): call_user_func(Object(Closure), NULL)
#6 D:\\xampp8\\htdocs\\ramkrishna\\vendor\\laravel\\framework\\src\\Illuminate\\Routing\\Middleware\\ThrottleRequests.php(170): Illuminate\\Http\\Request->user()
#7 D:\\xampp8\\htdocs\\ramkrishna\\vendor\\laravel\\framework\\src\\Illuminate\\Routing\\Middleware\\ThrottleRequests.php(63): Illuminate\\Routing\\Middleware\\ThrottleRequests->resolveRequestSignature(Object(Illuminate\\Http\\Request))
#8 D:\\xampp8\\htdocs\\ramkrishna\\vendor\\laravel\\framework\\src\\Illuminate\\Pipeline\\Pipeline.php(167): Illuminate\\Routing\\Middleware\\ThrottleRequests->handle(Object(Illuminate\\Http\\Request), Object(Closure), '60', '1')
#9 D:\\xampp8\\htdocs\\ramkrishna\\vendor\\laravel\\framework\\src\\Illuminate\\Pipeline\\Pipeline.php(103): Illuminate\\Pipeline\\Pipeline->Illuminate\\Pipeline\\{closure}(Object(Illuminate\\Http\\Request))
#10 D:\\xampp8\\htdocs\\ramkrishna\\vendor\\laravel\\framework\\src\\Illuminate\\Routing\\Router.php(723): Illuminate\\Pipeline\\Pipeline->then(Object(Closure))
#11 D:\\xampp8\\htdocs\\ramkrishna\\vendor\\laravel\\framework\\src\\Illuminate\\Routing\\Router.php(698): Illuminate\\Routing\\Router->runRouteWithinStack(Object(Illuminate\\Routing\\Route), Object(Illuminate\\Http\\Request))
#12 D:\\xampp8\\htdocs\\ramkrishna\\vendor\\laravel\\framework\\src\\Illuminate\\Routing\\Router.php(662): Illuminate\\Routing\\Router->runRoute(Object(Illuminate\\Http\\Request), Object(Illuminate\\Routing\\Route))
#13 D:\\xampp8\\htdocs\\ramkrishna\\vendor\\laravel\\framework\\src\\Illuminate\\Routing\\Router.php(651): Illuminate\\Routing\\Router->dispatchToRoute(Object(Illuminate\\Http\\Request))
#14 D:\\xampp8\\htdocs\\ramkrishna\\vendor\\laravel\\framework\\src\\Illuminate\\Foundation\\Http\\Kernel.php(167): Illuminate\\Routing\\Router->dispatch(Object(Illuminate\\Http\\Request))
#15 D:\\xampp8\\htdocs\\ramkrishna\\vendor\\laravel\\framework\\src\\Illuminate\\Pipeline\\Pipeline.php(128): Illuminate\\Foundation\\Http\\Kernel->Illuminate\\Foundation\\Http\\{closure}(Object(Illuminate\\Http\\Request))
#16 D:\\xampp8\\htdocs\\ramkrishna\\vendor\\laravel\\framework\\src\\Illuminate\\Foundation\\Http\\Middleware\\TransformsRequest.php(21): Illuminate\\Pipeline\\Pipeline->Illuminate\\Pipeline\\{closure}(Object(Illuminate\\Http\\Request))
#17 D:\\xampp8\\htdocs\\ramkrishna\\vendor\\laravel\\framework\\src\\Illuminate\\Foundation\\Http\\Middleware\\ConvertEmptyStringsToNull.php(31): Illuminate\\Foundation\\Http\\Middleware\\TransformsRequest->handle(Object(Illuminate\\Http\\Request), Object(Closure))
#18 D:\\xampp8\\htdocs\\ramkrishna\\vendor\\laravel\\framework\\src\\Illuminate\\Pipeline\\Pipeline.php(167): Illuminate\\Foundation\\Http\\Middleware\\ConvertEmptyStringsToNull->handle(Object(Illuminate\\Http\\Request), Object(Closure))
#19 D:\\xampp8\\htdocs\\ramkrishna\\vendor\\laravel\\framework\\src\\Illuminate\\Foundation\\Http\\Middleware\\TransformsRequest.php(21): Illuminate\\Pipeline\\Pipeline->Illuminate\\Pipeline\\{closure}(Object(Illuminate\\Http\\Request))
#20 D:\\xampp8\\htdocs\\ramkrishna\\vendor\\laravel\\framework\\src\\Illuminate\\Foundation\\Http\\Middleware\\TrimStrings.php(40): Illuminate\\Foundation\\Http\\Middleware\\TransformsRequest->handle(Object(Illuminate\\Http\\Request), Object(Closure))
#21 D:\\xampp8\\htdocs\\ramkrishna\\vendor\\laravel\\framework\\src\\Illuminate\\Pipeline\\Pipeline.php(167): Illuminate\\Foundation\\Http\\Middleware\\TrimStrings->handle(Object(Illuminate\\Http\\Request), Object(Closure))
#22 D:\\xampp8\\htdocs\\ramkrishna\\vendor\\laravel\\framework\\src\\Illuminate\\Foundation\\Http\\Middleware\\ValidatePostSize.php(27): Illuminate\\Pipeline\\Pipeline->Illuminate\\Pipeline\\{closure}(Object(Illuminate\\Http\\Request))
#23 D:\\xampp8\\htdocs\\ramkrishna\\vendor\\laravel\\framework\\src\\Illuminate\\Pipeline\\Pipeline.php(167): Illuminate\\Foundation\\Http\\Middleware\\ValidatePostSize->handle(Object(Illuminate\\Http\\Request), Object(Closure))
#24 D:\\xampp8\\htdocs\\ramkrishna\\vendor\\laravel\\framework\\src\\Illuminate\\Foundation\\Http\\Middleware\\PreventRequestsDuringMaintenance.php(86): Illuminate\\Pipeline\\Pipeline->Illuminate\\Pipeline\\{closure}(Object(Illuminate\\Http\\Request))
#25 D:\\xampp8\\htdocs\\ramkrishna\\vendor\\laravel\\framework\\src\\Illuminate\\Pipeline\\Pipeline.php(167): Illuminate\\Foundation\\Http\\Middleware\\PreventRequestsDuringMaintenance->handle(Object(Illuminate\\Http\\Request), Object(Closure))
#26 D:\\xampp8\\htdocs\\ramkrishna\\vendor\\fideloper\\proxy\\src\\TrustProxies.php(57): Illuminate\\Pipeline\\Pipeline->Illuminate\\Pipeline\\{closure}(Object(Illuminate\\Http\\Request))
#27 D:\\xampp8\\htdocs\\ramkrishna\\vendor\\laravel\\framework\\src\\Illuminate\\Pipeline\\Pipeline.php(167): Fideloper\\Proxy\\TrustProxies->handle(Object(Illuminate\\Http\\Request), Object(Closure))
#28 D:\\xampp8\\htdocs\\ramkrishna\\vendor\\laravel\\framework\\src\\Illuminate\\Pipeline\\Pipeline.php(103): Illuminate\\Pipeline\\Pipeline->Illuminate\\Pipeline\\{closure}(Object(Illuminate\\Http\\Request))
#29 D:\\xampp8\\htdocs\\ramkrishna\\vendor\\laravel\\framework\\src\\Illuminate\\Foundation\\Http\\Kernel.php(142): Illuminate\\Pipeline\\Pipeline->then(Object(Closure))
#30 D:\\xampp8\\htdocs\\ramkrishna\\vendor\\laravel\\framework\\src\\Illuminate\\Foundation\\Http\\Kernel.php(111): Illuminate\\Foundation\\Http\\Kernel->sendRequestThroughRouter(Object(Illuminate\\Http\\Request))
#31 D:\\xampp8\\htdocs\\ramkrishna\\index.php(54): Illuminate\\Foundation\\Http\\Kernel->handle(Object(Illuminate\\Http\\Request))
#32 {main}
"} 
[2023-05-29 17:42:36] local.ERROR: Auth driver [jwt] for guard [api] is not defined. {"exception":"[object] (InvalidArgumentException(code: 0): Auth driver [jwt] for guard [api] is not defined. at D:\\xampp8\\htdocs\\ramkrishna\\vendor\\laravel\\framework\\src\\Illuminate\\Auth\\AuthManager.php:97)
[stacktrace]
#0 D:\\xampp8\\htdocs\\ramkrishna\\vendor\\laravel\\framework\\src\\Illuminate\\Auth\\AuthManager.php(68): Illuminate\\Auth\\AuthManager->resolve('api')
#1 D:\\xampp8\\htdocs\\ramkrishna\\vendor\\laravel\\framework\\src\\Illuminate\\Auth\\AuthManager.php(54): Illuminate\\Auth\\AuthManager->guard('api')
#2 [internal function]: Illuminate\\Auth\\AuthManager->Illuminate\\Auth\\{closure}(NULL)
#3 D:\\xampp8\\htdocs\\ramkrishna\\vendor\\laravel\\framework\\src\\Illuminate\\Auth\\AuthServiceProvider.php(97): call_user_func(Object(Closure), NULL)
#4 [internal function]: Illuminate\\Auth\\AuthServiceProvider->Illuminate\\Auth\\{closure}(NULL)
#5 D:\\xampp8\\htdocs\\ramkrishna\\vendor\\laravel\\framework\\src\\Illuminate\\Http\\Request.php(550): call_user_func(Object(Closure), NULL)
#6 D:\\xampp8\\htdocs\\ramkrishna\\vendor\\laravel\\framework\\src\\Illuminate\\Routing\\Middleware\\ThrottleRequests.php(170): Illuminate\\Http\\Request->user()
#7 D:\\xampp8\\htdocs\\ramkrishna\\vendor\\laravel\\framework\\src\\Illuminate\\Routing\\Middleware\\ThrottleRequests.php(63): Illuminate\\Routing\\Middleware\\ThrottleRequests->resolveRequestSignature(Object(Illuminate\\Http\\Request))
#8 D:\\xampp8\\htdocs\\ramkrishna\\vendor\\laravel\\framework\\src\\Illuminate\\Pipeline\\Pipeline.php(167): Illuminate\\Routing\\Middleware\\ThrottleRequests->handle(Object(Illuminate\\Http\\Request), Object(Closure), '60', '1')
#9 D:\\xampp8\\htdocs\\ramkrishna\\vendor\\laravel\\framework\\src\\Illuminate\\Pipeline\\Pipeline.php(103): Illuminate\\Pipeline\\Pipeline->Illuminate\\Pipeline\\{closure}(Object(Illuminate\\Http\\Request))
#10 D:\\xampp8\\htdocs\\ramkrishna\\vendor\\laravel\\framework\\src\\Illuminate\\Routing\\Router.php(723): Illuminate\\Pipeline\\Pipeline->then(Object(Closure))
#11 D:\\xampp8\\htdocs\\ramkrishna\\vendor\\laravel\\framework\\src\\Illuminate\\Routing\\Router.php(698): Illuminate\\Routing\\Router->runRouteWithinStack(Object(Illuminate\\Routing\\Route), Object(Illuminate\\Http\\Request))
#12 D:\\xampp8\\htdocs\\ramkrishna\\vendor\\laravel\\framework\\src\\Illuminate\\Routing\\Router.php(662): Illuminate\\Routing\\Router->runRoute(Object(Illuminate\\Http\\Request), Object(Illuminate\\Routing\\Route))
#13 D:\\xampp8\\htdocs\\ramkrishna\\vendor\\laravel\\framework\\src\\Illuminate\\Routing\\Router.php(651): Illuminate\\Routing\\Router->dispatchToRoute(Object(Illuminate\\Http\\Request))
#14 D:\\xampp8\\htdocs\\ramkrishna\\vendor\\laravel\\framework\\src\\Illuminate\\Foundation\\Http\\Kernel.php(167): Illuminate\\Routing\\Router->dispatch(Object(Illuminate\\Http\\Request))
#15 D:\\xampp8\\htdocs\\ramkrishna\\vendor\\laravel\\framework\\src\\Illuminate\\Pipeline\\Pipeline.php(128): Illuminate\\Foundation\\Http\\Kernel->Illuminate\\Foundation\\Http\\{closure}(Object(Illuminate\\Http\\Request))
#16 D:\\xampp8\\htdocs\\ramkrishna\\vendor\\laravel\\framework\\src\\Illuminate\\Foundation\\Http\\Middleware\\TransformsRequest.php(21): Illuminate\\Pipeline\\Pipeline->Illuminate\\Pipeline\\{closure}(Object(Illuminate\\Http\\Request))
#17 D:\\xampp8\\htdocs\\ramkrishna\\vendor\\laravel\\framework\\src\\Illuminate\\Foundation\\Http\\Middleware\\ConvertEmptyStringsToNull.php(31): Illuminate\\Foundation\\Http\\Middleware\\TransformsRequest->handle(Object(Illuminate\\Http\\Request), Object(Closure))
#18 D:\\xampp8\\htdocs\\ramkrishna\\vendor\\laravel\\framework\\src\\Illuminate\\Pipeline\\Pipeline.php(167): Illuminate\\Foundation\\Http\\Middleware\\ConvertEmptyStringsToNull->handle(Object(Illuminate\\Http\\Request), Object(Closure))
#19 D:\\xampp8\\htdocs\\ramkrishna\\vendor\\laravel\\framework\\src\\Illuminate\\Foundation\\Http\\Middleware\\TransformsRequest.php(21): Illuminate\\Pipeline\\Pipeline->Illuminate\\Pipeline\\{closure}(Object(Illuminate\\Http\\Request))
#20 D:\\xampp8\\htdocs\\ramkrishna\\vendor\\laravel\\framework\\src\\Illuminate\\Foundation\\Http\\Middleware\\TrimStrings.php(40): Illuminate\\Foundation\\Http\\Middleware\\TransformsRequest->handle(Object(Illuminate\\Http\\Request), Object(Closure))
#21 D:\\xampp8\\htdocs\\ramkrishna\\vendor\\laravel\\framework\\src\\Illuminate\\Pipeline\\Pipeline.php(167): Illuminate\\Foundation\\Http\\Middleware\\TrimStrings->handle(Object(Illuminate\\Http\\Request), Object(Closure))
#22 D:\\xampp8\\htdocs\\ramkrishna\\vendor\\laravel\\framework\\src\\Illuminate\\Foundation\\Http\\Middleware\\ValidatePostSize.php(27): Illuminate\\Pipeline\\Pipeline->Illuminate\\Pipeline\\{closure}(Object(Illuminate\\Http\\Request))
#23 D:\\xampp8\\htdocs\\ramkrishna\\vendor\\laravel\\framework\\src\\Illuminate\\Pipeline\\Pipeline.php(167): Illuminate\\Foundation\\Http\\Middleware\\ValidatePostSize->handle(Object(Illuminate\\Http\\Request), Object(Closure))
#24 D:\\xampp8\\htdocs\\ramkrishna\\vendor\\laravel\\framework\\src\\Illuminate\\Foundation\\Http\\Middleware\\PreventRequestsDuringMaintenance.php(86): Illuminate\\Pipeline\\Pipeline->Illuminate\\Pipeline\\{closure}(Object(Illuminate\\Http\\Request))
#25 D:\\xampp8\\htdocs\\ramkrishna\\vendor\\laravel\\framework\\src\\Illuminate\\Pipeline\\Pipeline.php(167): Illuminate\\Foundation\\Http\\Middleware\\PreventRequestsDuringMaintenance->handle(Object(Illuminate\\Http\\Request), Object(Closure))
#26 D:\\xampp8\\htdocs\\ramkrishna\\vendor\\fideloper\\proxy\\src\\TrustProxies.php(57): Illuminate\\Pipeline\\Pipeline->Illuminate\\Pipeline\\{closure}(Object(Illuminate\\Http\\Request))
#27 D:\\xampp8\\htdocs\\ramkrishna\\vendor\\laravel\\framework\\src\\Illuminate\\Pipeline\\Pipeline.php(167): Fideloper\\Proxy\\TrustProxies->handle(Object(Illuminate\\Http\\Request), Object(Closure))
#28 D:\\xampp8\\htdocs\\ramkrishna\\vendor\\laravel\\framework\\src\\Illuminate\\Pipeline\\Pipeline.php(103): Illuminate\\Pipeline\\Pipeline->Illuminate\\Pipeline\\{closure}(Object(Illuminate\\Http\\Request))
#29 D:\\xampp8\\htdocs\\ramkrishna\\vendor\\laravel\\framework\\src\\Illuminate\\Foundation\\Http\\Kernel.php(142): Illuminate\\Pipeline\\Pipeline->then(Object(Closure))
#30 D:\\xampp8\\htdocs\\ramkrishna\\vendor\\laravel\\framework\\src\\Illuminate\\Foundation\\Http\\Kernel.php(111): Illuminate\\Foundation\\Http\\Kernel->sendRequestThroughRouter(Object(Illuminate\\Http\\Request))
#31 D:\\xampp8\\htdocs\\ramkrishna\\index.php(54): Illuminate\\Foundation\\Http\\Kernel->handle(Object(Illuminate\\Http\\Request))
#32 {main}
"} 
