[2023-07-20 13:23:29] local.ERROR: SQLSTATE[42000]: Syntax error or access violation: 1118 Row size too large (> 8126). Changing some columns to TEXT or BLOB or using ROW_FORMAT=DYNAMIC or ROW_FORMAT=COMPRESSED may help. In current row format, BLOB prefix of 768 bytes is stored inline. (SQL: update `about` set `footer_text` = <p>“ নারায়ণং পদ্মভবং বশিষ্ঠ শক্তিঞ্চ তৎপুত্র পরাশরঞ্চ ব্যাসং শুকং গৌর পাদং মহান্তং গোবিন্দ যোগিদ্রমথাস্য শিষ্যম্‌</p>
<p>শ্রী শঙ্করাচার্য্য মথাস্য পদ্মপাদঞ্চ হস্তামলকং চ শিষ্যম্‌। তন্দ্রোটকং বার্তিককারমন্যান অস্মদ গুরুন সন্তত মাতোহস্মি।</p>
<p>শ্রুতি স্মৃতিপুরাণানামালয়ং করুণালয়ং। নমামি ভগবৎপাদং শঙ্করং লোকশঙ্করম্‌। সূত্রভাস্যকৃতৌ বন্দে ভগবন্তৌ পুনঃ পুনঃ</p>
<p>ঈশ্বরো গুরুরাত্মেতি মূর্ত্তিভেদা বিভাগিনে ব্যোমবৎ ব্যাপ্ত দেহায় দক্ষিণামূর্তয়ে নমঃ। ”</p>
<p>ইতি গুরুপরম্পরা স্ত্রোত্রম্‌।</p>, `footer_text_english` = Narayanang Padmabhabang Vashishta Shaktinch Tatputra Parasranch Vyasang Shukong Gaur Padang Mahantang Govinda Yogadramthasya Shishyam<br /><br />Sri Shankaracharya Mathasya Padmapadancha Hastamlakang Cha Shishyam. Tandrotakong Bartikarmanana Asmad Gurun Santat Matohsmi.<br /><br />Shruti SmritiPurananamalang Karunalong. Namami Bhagavadpadong Sankarang Lokshankaram. Sutrabhasyakartau Bande Bhagwantau Re-Re<br /><br />Ishwaro Gururatmati Murtiveda Divisione Byomvata Is a deep deha in dakshinamurtay namah. ”<br /><br />Iti Guruparampra Strotram ., `facebook_link` = https://www.facebook.com/, `address` = <strong>শ্রী রামকৃষ্ণ ধর্ম চক্র</strong><br />২১১ এ, গিরিশ ঘোষ রোড, বেলুড়<br />পিও- বেলুড়মঠ,<br />হাওড়া -৭১১১২0২, `address_english` = Sri Ramakrishna Dharmachakra<br />211 A, Girish Ghosh Road,<br />Belur, P.O.- Belurmath,<br />Howrah -7111202, `youtube_link` = https://www.youtube.com/, `twitter_link` = ?, `instagram_link` = ?, `email` = ramkrishnadharmachakra@gmail.com, `phone_one` = +913326548075, `phone_two` = +919830043596, `phone_three` = +919804473647, `phone_one_bengali` = +৯১৩৩২৬৫৪৮0৭৫, `phone_two_bengali` = +৯১৯৮৩00৪৩৫৯৬, `phone_three_bengali` = +৯১৯৮0৪৪৭৩৬৪৭, `about`.`updated_at` = 2023-07-20 13:23:28 where `id` = 1) {"exception":"[object] (Illuminate\\Database\\QueryException(code: 42000): SQLSTATE[42000]: Syntax error or access violation: 1118 Row size too large (> 8126). Changing some columns to TEXT or BLOB or using ROW_FORMAT=DYNAMIC or ROW_FORMAT=COMPRESSED may help. In current row format, BLOB prefix of 768 bytes is stored inline. (SQL: update `about` set `footer_text` = <p>“ নারায়ণং পদ্মভবং বশিষ্ঠ শক্তিঞ্চ তৎপুত্র পরাশরঞ্চ ব্যাসং শুকং গৌর পাদং মহান্তং গোবিন্দ যোগিদ্রমথাস্য শিষ্যম্‌</p>

<p>শ্রী শঙ্করাচার্য্য মথাস্য পদ্মপাদঞ্চ হস্তামলকং চ শিষ্যম্‌। তন্দ্রোটকং বার্তিককারমন্যান অস্মদ গুরুন সন্তত মাতোহস্মি।</p>

<p>শ্রুতি স্মৃতিপুরাণানামালয়ং করুণালয়ং। নমামি ভগবৎপাদং শঙ্করং লোকশঙ্করম্‌। সূত্রভাস্যকৃতৌ বন্দে ভগবন্তৌ পুনঃ পুনঃ</p>

<p>ঈশ্বরো গুরুরাত্মেতি মূর্ত্তিভেদা বিভাগিনে ব্যোমবৎ ব্যাপ্ত দেহায় দক্ষিণামূর্তয়ে নমঃ। ”</p>

<p>ইতি গুরুপরম্পরা স্ত্রোত্রম্‌।</p>, `footer_text_english` = Narayanang Padmabhabang Vashishta Shaktinch Tatputra Parasranch Vyasang Shukong Gaur Padang Mahantang Govinda Yogadramthasya Shishyam<br /><br />Sri Shankaracharya Mathasya Padmapadancha Hastamlakang Cha Shishyam. Tandrotakong Bartikarmanana Asmad Gurun Santat Matohsmi.<br /><br />Shruti SmritiPurananamalang Karunalong. Namami Bhagavadpadong Sankarang Lokshankaram. Sutrabhasyakartau Bande Bhagwantau Re-Re<br /><br />Ishwaro Gururatmati Murtiveda Divisione Byomvata Is a deep deha in dakshinamurtay namah. ”<br /><br />Iti Guruparampra Strotram ., `facebook_link` = https://www.facebook.com/, `address` = <strong>শ্রী রামকৃষ্ণ ধর্ম চক্র</strong><br />২১১ এ, গিরিশ ঘোষ রোড, বেলুড়<br />পিও- বেলুড়মঠ,<br />হাওড়া -৭১১১২0২, `address_english` = Sri Ramakrishna Dharmachakra<br />211 A, Girish Ghosh Road,<br />Belur, P.O.- Belurmath,<br />Howrah -7111202, `youtube_link` = https://www.youtube.com/, `twitter_link` = ?, `instagram_link` = ?, `email` = ramkrishnadharmachakra@gmail.com, `phone_one` = +913326548075, `phone_two` = +919830043596, `phone_three` = +919804473647, `phone_one_bengali` = +৯১৩৩২৬৫৪৮0৭৫, `phone_two_bengali` = +৯১৯৮৩00৪৩৫৯৬, `phone_three_bengali` = +৯১৯৮0৪৪৭৩৬৪৭, `about`.`updated_at` = 2023-07-20 13:23:28 where `id` = 1) at /var/www/beas.in/public_html/ramkrishna_dharma_chakra/vendor/laravel/framework/src/Illuminate/Database/Connection.php:712)
[stacktrace]
#0 /var/www/beas.in/public_html/ramkrishna_dharma_chakra/vendor/laravel/framework/src/Illuminate/Database/Connection.php(672): Illuminate\\Database\\Connection->runQueryCallback('update `about` ...', Array, Object(Closure))
#1 /var/www/beas.in/public_html/ramkrishna_dharma_chakra/vendor/laravel/framework/src/Illuminate/Database/Connection.php(533): Illuminate\\Database\\Connection->run('update `about` ...', Array, Object(Closure))
#2 /var/www/beas.in/public_html/ramkrishna_dharma_chakra/vendor/laravel/framework/src/Illuminate/Database/Connection.php(466): Illuminate\\Database\\Connection->affectingStatement('update `about` ...', Array)
#3 /var/www/beas.in/public_html/ramkrishna_dharma_chakra/vendor/laravel/framework/src/Illuminate/Database/Query/Builder.php(3063): Illuminate\\Database\\Connection->update('update `about` ...', Array)
#4 /var/www/beas.in/public_html/ramkrishna_dharma_chakra/vendor/laravel/framework/src/Illuminate/Database/Eloquent/Builder.php(921): Illuminate\\Database\\Query\\Builder->update(Array)
#5 /var/www/beas.in/public_html/ramkrishna_dharma_chakra/app/Http/Controllers/Admin/Modules/About/AboutController.php(108): Illuminate\\Database\\Eloquent\\Builder->update(Array)
#6 /var/www/beas.in/public_html/ramkrishna_dharma_chakra/vendor/laravel/framework/src/Illuminate/Routing/Controller.php(54): App\\Http\\Controllers\\Admin\\Modules\\About\\AboutController->footerUpdate(Object(Illuminate\\Http\\Request))
#7 /var/www/beas.in/public_html/ramkrishna_dharma_chakra/vendor/laravel/framework/src/Illuminate/Routing/ControllerDispatcher.php(45): Illuminate\\Routing\\Controller->callAction('footerUpdate', Array)
#8 /var/www/beas.in/public_html/ramkrishna_dharma_chakra/vendor/laravel/framework/src/Illuminate/Routing/Route.php(262): Illuminate\\Routing\\ControllerDispatcher->dispatch(Object(Illuminate\\Routing\\Route), Object(App\\Http\\Controllers\\Admin\\Modules\\About\\AboutController), 'footerUpdate')
#9 /var/www/beas.in/public_html/ramkrishna_dharma_chakra/vendor/laravel/framework/src/Illuminate/Routing/Route.php(205): Illuminate\\Routing\\Route->runController()
#10 /var/www/beas.in/public_html/ramkrishna_dharma_chakra/vendor/laravel/framework/src/Illuminate/Routing/Router.php(721): Illuminate\\Routing\\Route->run()
#11 /var/www/beas.in/public_html/ramkrishna_dharma_chakra/vendor/laravel/framework/src/Illuminate/Pipeline/Pipeline.php(128): Illuminate\\Routing\\Router->Illuminate\\Routing\\{closure}(Object(Illuminate\\Http\\Request))
#12 /var/www/beas.in/public_html/ramkrishna_dharma_chakra/vendor/laravel/framework/src/Illuminate/Routing/Middleware/SubstituteBindings.php(50): Illuminate\\Pipeline\\Pipeline->Illuminate\\Pipeline\\{closure}(Object(Illuminate\\Http\\Request))
#13 /var/www/beas.in/public_html/ramkrishna_dharma_chakra/vendor/laravel/framework/src/Illuminate/Pipeline/Pipeline.php(167): Illuminate\\Routing\\Middleware\\SubstituteBindings->handle(Object(Illuminate\\Http\\Request), Object(Closure))
#14 /var/www/beas.in/public_html/ramkrishna_dharma_chakra/vendor/laravel/framework/src/Illuminate/Foundation/Http/Middleware/VerifyCsrfToken.php(78): Illuminate\\Pipeline\\Pipeline->Illuminate\\Pipeline\\{closure}(Object(Illuminate\\Http\\Request))
#15 /var/www/beas.in/public_html/ramkrishna_dharma_chakra/vendor/laravel/framework/src/Illuminate/Pipeline/Pipeline.php(167): Illuminate\\Foundation\\Http\\Middleware\\VerifyCsrfToken->handle(Object(Illuminate\\Http\\Request), Object(Closure))
#16 /var/www/beas.in/public_html/ramkrishna_dharma_chakra/vendor/laravel/framework/src/Illuminate/View/Middleware/ShareErrorsFromSession.php(49): Illuminate\\Pipeline\\Pipeline->Illuminate\\Pipeline\\{closure}(Object(Illuminate\\Http\\Request))
#17 /var/www/beas.in/public_html/ramkrishna_dharma_chakra/vendor/laravel/framework/src/Illuminate/Pipeline/Pipeline.php(167): Illuminate\\View\\Middleware\\ShareErrorsFromSession->handle(Object(Illuminate\\Http\\Request), Object(Closure))
#18 /var/www/beas.in/public_html/ramkrishna_dharma_chakra/vendor/laravel/framework/src/Illuminate/Session/Middleware/StartSession.php(121): Illuminate\\Pipeline\\Pipeline->Illuminate\\Pipeline\\{closure}(Object(Illuminate\\Http\\Request))
#19 /var/www/beas.in/public_html/ramkrishna_dharma_chakra/vendor/laravel/framework/src/Illuminate/Session/Middleware/StartSession.php(64): Illuminate\\Session\\Middleware\\StartSession->handleStatefulRequest(Object(Illuminate\\Http\\Request), Object(Illuminate\\Session\\Store), Object(Closure))
#20 /var/www/beas.in/public_html/ramkrishna_dharma_chakra/vendor/laravel/framework/src/Illuminate/Pipeline/Pipeline.php(167): Illuminate\\Session\\Middleware\\StartSession->handle(Object(Illuminate\\Http\\Request), Object(Closure))
#21 /var/www/beas.in/public_html/ramkrishna_dharma_chakra/vendor/laravel/framework/src/Illuminate/Cookie/Middleware/AddQueuedCookiesToResponse.php(37): Illuminate\\Pipeline\\Pipeline->Illuminate\\Pipeline\\{closure}(Object(Illuminate\\Http\\Request))
#22 /var/www/beas.in/public_html/ramkrishna_dharma_chakra/vendor/laravel/framework/src/Illuminate/Pipeline/Pipeline.php(167): Illuminate\\Cookie\\Middleware\\AddQueuedCookiesToResponse->handle(Object(Illuminate\\Http\\Request), Object(Closure))
#23 /var/www/beas.in/public_html/ramkrishna_dharma_chakra/vendor/laravel/framework/src/Illuminate/Cookie/Middleware/EncryptCookies.php(67): Illuminate\\Pipeline\\Pipeline->Illuminate\\Pipeline\\{closure}(Object(Illuminate\\Http\\Request))
#24 /var/www/beas.in/public_html/ramkrishna_dharma_chakra/vendor/laravel/framework/src/Illuminate/Pipeline/Pipeline.php(167): Illuminate\\Cookie\\Middleware\\EncryptCookies->handle(Object(Illuminate\\Http\\Request), Object(Closure))
#25 /var/www/beas.in/public_html/ramkrishna_dharma_chakra/vendor/laravel/framework/src/Illuminate/Pipeline/Pipeline.php(103): Illuminate\\Pipeline\\Pipeline->Illuminate\\Pipeline\\{closure}(Object(Illuminate\\Http\\Request))
#26 /var/www/beas.in/public_html/ramkrishna_dharma_chakra/vendor/laravel/framework/src/Illuminate/Routing/Router.php(723): Illuminate\\Pipeline\\Pipeline->then(Object(Closure))
#27 /var/www/beas.in/public_html/ramkrishna_dharma_chakra/vendor/laravel/framework/src/Illuminate/Routing/Router.php(698): Illuminate\\Routing\\Router->runRouteWithinStack(Object(Illuminate\\Routing\\Route), Object(Illuminate\\Http\\Request))
#28 /var/www/beas.in/public_html/ramkrishna_dharma_chakra/vendor/laravel/framework/src/Illuminate/Routing/Router.php(662): Illuminate\\Routing\\Router->runRoute(Object(Illuminate\\Http\\Request), Object(Illuminate\\Routing\\Route))
#29 /var/www/beas.in/public_html/ramkrishna_dharma_chakra/vendor/laravel/framework/src/Illuminate/Routing/Router.php(651): Illuminate\\Routing\\Router->dispatchToRoute(Object(Illuminate\\Http\\Request))
#30 /var/www/beas.in/public_html/ramkrishna_dharma_chakra/vendor/laravel/framework/src/Illuminate/Foundation/Http/Kernel.php(167): Illuminate\\Routing\\Router->dispatch(Object(Illuminate\\Http\\Request))
#31 /var/www/beas.in/public_html/ramkrishna_dharma_chakra/vendor/laravel/framework/src/Illuminate/Pipeline/Pipeline.php(128): Illuminate\\Foundation\\Http\\Kernel->Illuminate\\Foundation\\Http\\{closure}(Object(Illuminate\\Http\\Request))
#32 /var/www/beas.in/public_html/ramkrishna_dharma_chakra/vendor/laravel/framework/src/Illuminate/Foundation/Http/Middleware/TransformsRequest.php(21): Illuminate\\Pipeline\\Pipeline->Illuminate\\Pipeline\\{closure}(Object(Illuminate\\Http\\Request))
#33 /var/www/beas.in/public_html/ramkrishna_dharma_chakra/vendor/laravel/framework/src/Illuminate/Foundation/Http/Middleware/ConvertEmptyStringsToNull.php(31): Illuminate\\Foundation\\Http\\Middleware\\TransformsRequest->handle(Object(Illuminate\\Http\\Request), Object(Closure))
#34 /var/www/beas.in/public_html/ramkrishna_dharma_chakra/vendor/laravel/framework/src/Illuminate/Pipeline/Pipeline.php(167): Illuminate\\Foundation\\Http\\Middleware\\ConvertEmptyStringsToNull->handle(Object(Illuminate\\Http\\Request), Object(Closure))
#35 /var/www/beas.in/public_html/ramkrishna_dharma_chakra/vendor/laravel/framework/src/Illuminate/Foundation/Http/Middleware/TransformsRequest.php(21): Illuminate\\Pipeline\\Pipeline->Illuminate\\Pipeline\\{closure}(Object(Illuminate\\Http\\Request))
#36 /var/www/beas.in/public_html/ramkrishna_dharma_chakra/vendor/laravel/framework/src/Illuminate/Foundation/Http/Middleware/TrimStrings.php(40): Illuminate\\Foundation\\Http\\Middleware\\TransformsRequest->handle(Object(Illuminate\\Http\\Request), Object(Closure))
#37 /var/www/beas.in/public_html/ramkrishna_dharma_chakra/vendor/laravel/framework/src/Illuminate/Pipeline/Pipeline.php(167): Illuminate\\Foundation\\Http\\Middleware\\TrimStrings->handle(Object(Illuminate\\Http\\Request), Object(Closure))
#38 /var/www/beas.in/public_html/ramkrishna_dharma_chakra/vendor/laravel/framework/src/Illuminate/Foundation/Http/Middleware/ValidatePostSize.php(27): Illuminate\\Pipeline\\Pipeline->Illuminate\\Pipeline\\{closure}(Object(Illuminate\\Http\\Request))
#39 /var/www/beas.in/public_html/ramkrishna_dharma_chakra/vendor/laravel/framework/src/Illuminate/Pipeline/Pipeline.php(167): Illuminate\\Foundation\\Http\\Middleware\\ValidatePostSize->handle(Object(Illuminate\\Http\\Request), Object(Closure))
#40 /var/www/beas.in/public_html/ramkrishna_dharma_chakra/vendor/laravel/framework/src/Illuminate/Foundation/Http/Middleware/PreventRequestsDuringMaintenance.php(86): Illuminate\\Pipeline\\Pipeline->Illuminate\\Pipeline\\{closure}(Object(Illuminate\\Http\\Request))
#41 /var/www/beas.in/public_html/ramkrishna_dharma_chakra/vendor/laravel/framework/src/Illuminate/Pipeline/Pipeline.php(167): Illuminate\\Foundation\\Http\\Middleware\\PreventRequestsDuringMaintenance->handle(Object(Illuminate\\Http\\Request), Object(Closure))
#42 /var/www/beas.in/public_html/ramkrishna_dharma_chakra/vendor/fideloper/proxy/src/TrustProxies.php(57): Illuminate\\Pipeline\\Pipeline->Illuminate\\Pipeline\\{closure}(Object(Illuminate\\Http\\Request))
#43 /var/www/beas.in/public_html/ramkrishna_dharma_chakra/vendor/laravel/framework/src/Illuminate/Pipeline/Pipeline.php(167): Fideloper\\Proxy\\TrustProxies->handle(Object(Illuminate\\Http\\Request), Object(Closure))
#44 /var/www/beas.in/public_html/ramkrishna_dharma_chakra/vendor/laravel/framework/src/Illuminate/Pipeline/Pipeline.php(103): Illuminate\\Pipeline\\Pipeline->Illuminate\\Pipeline\\{closure}(Object(Illuminate\\Http\\Request))
#45 /var/www/beas.in/public_html/ramkrishna_dharma_chakra/vendor/laravel/framework/src/Illuminate/Foundation/Http/Kernel.php(142): Illuminate\\Pipeline\\Pipeline->then(Object(Closure))
#46 /var/www/beas.in/public_html/ramkrishna_dharma_chakra/vendor/laravel/framework/src/Illuminate/Foundation/Http/Kernel.php(111): Illuminate\\Foundation\\Http\\Kernel->sendRequestThroughRouter(Object(Illuminate\\Http\\Request))
#47 /var/www/beas.in/public_html/ramkrishna_dharma_chakra/index.php(54): Illuminate\\Foundation\\Http\\Kernel->handle(Object(Illuminate\\Http\\Request))
#48 {main}

[previous exception] [object] (PDOException(code: 42000): SQLSTATE[42000]: Syntax error or access violation: 1118 Row size too large (> 8126). Changing some columns to TEXT or BLOB or using ROW_FORMAT=DYNAMIC or ROW_FORMAT=COMPRESSED may help. In current row format, BLOB prefix of 768 bytes is stored inline. at /var/www/beas.in/public_html/ramkrishna_dharma_chakra/vendor/laravel/framework/src/Illuminate/Database/Connection.php:526)
[stacktrace]
#0 /var/www/beas.in/public_html/ramkrishna_dharma_chakra/vendor/laravel/framework/src/Illuminate/Database/Connection.php(526): PDOStatement->execute()
#1 /var/www/beas.in/public_html/ramkrishna_dharma_chakra/vendor/laravel/framework/src/Illuminate/Database/Connection.php(705): Illuminate\\Database\\Connection->Illuminate\\Database\\{closure}('update `about` ...', Array)
#2 /var/www/beas.in/public_html/ramkrishna_dharma_chakra/vendor/laravel/framework/src/Illuminate/Database/Connection.php(672): Illuminate\\Database\\Connection->runQueryCallback('update `about` ...', Array, Object(Closure))
#3 /var/www/beas.in/public_html/ramkrishna_dharma_chakra/vendor/laravel/framework/src/Illuminate/Database/Connection.php(533): Illuminate\\Database\\Connection->run('update `about` ...', Array, Object(Closure))
#4 /var/www/beas.in/public_html/ramkrishna_dharma_chakra/vendor/laravel/framework/src/Illuminate/Database/Connection.php(466): Illuminate\\Database\\Connection->affectingStatement('update `about` ...', Array)
#5 /var/www/beas.in/public_html/ramkrishna_dharma_chakra/vendor/laravel/framework/src/Illuminate/Database/Query/Builder.php(3063): Illuminate\\Database\\Connection->update('update `about` ...', Array)
#6 /var/www/beas.in/public_html/ramkrishna_dharma_chakra/vendor/laravel/framework/src/Illuminate/Database/Eloquent/Builder.php(921): Illuminate\\Database\\Query\\Builder->update(Array)
#7 /var/www/beas.in/public_html/ramkrishna_dharma_chakra/app/Http/Controllers/Admin/Modules/About/AboutController.php(108): Illuminate\\Database\\Eloquent\\Builder->update(Array)
#8 /var/www/beas.in/public_html/ramkrishna_dharma_chakra/vendor/laravel/framework/src/Illuminate/Routing/Controller.php(54): App\\Http\\Controllers\\Admin\\Modules\\About\\AboutController->footerUpdate(Object(Illuminate\\Http\\Request))
#9 /var/www/beas.in/public_html/ramkrishna_dharma_chakra/vendor/laravel/framework/src/Illuminate/Routing/ControllerDispatcher.php(45): Illuminate\\Routing\\Controller->callAction('footerUpdate', Array)
#10 /var/www/beas.in/public_html/ramkrishna_dharma_chakra/vendor/laravel/framework/src/Illuminate/Routing/Route.php(262): Illuminate\\Routing\\ControllerDispatcher->dispatch(Object(Illuminate\\Routing\\Route), Object(App\\Http\\Controllers\\Admin\\Modules\\About\\AboutController), 'footerUpdate')
#11 /var/www/beas.in/public_html/ramkrishna_dharma_chakra/vendor/laravel/framework/src/Illuminate/Routing/Route.php(205): Illuminate\\Routing\\Route->runController()
#12 /var/www/beas.in/public_html/ramkrishna_dharma_chakra/vendor/laravel/framework/src/Illuminate/Routing/Router.php(721): Illuminate\\Routing\\Route->run()
#13 /var/www/beas.in/public_html/ramkrishna_dharma_chakra/vendor/laravel/framework/src/Illuminate/Pipeline/Pipeline.php(128): Illuminate\\Routing\\Router->Illuminate\\Routing\\{closure}(Object(Illuminate\\Http\\Request))
#14 /var/www/beas.in/public_html/ramkrishna_dharma_chakra/vendor/laravel/framework/src/Illuminate/Routing/Middleware/SubstituteBindings.php(50): Illuminate\\Pipeline\\Pipeline->Illuminate\\Pipeline\\{closure}(Object(Illuminate\\Http\\Request))
#15 /var/www/beas.in/public_html/ramkrishna_dharma_chakra/vendor/laravel/framework/src/Illuminate/Pipeline/Pipeline.php(167): Illuminate\\Routing\\Middleware\\SubstituteBindings->handle(Object(Illuminate\\Http\\Request), Object(Closure))
#16 /var/www/beas.in/public_html/ramkrishna_dharma_chakra/vendor/laravel/framework/src/Illuminate/Foundation/Http/Middleware/VerifyCsrfToken.php(78): Illuminate\\Pipeline\\Pipeline->Illuminate\\Pipeline\\{closure}(Object(Illuminate\\Http\\Request))
#17 /var/www/beas.in/public_html/ramkrishna_dharma_chakra/vendor/laravel/framework/src/Illuminate/Pipeline/Pipeline.php(167): Illuminate\\Foundation\\Http\\Middleware\\VerifyCsrfToken->handle(Object(Illuminate\\Http\\Request), Object(Closure))
#18 /var/www/beas.in/public_html/ramkrishna_dharma_chakra/vendor/laravel/framework/src/Illuminate/View/Middleware/ShareErrorsFromSession.php(49): Illuminate\\Pipeline\\Pipeline->Illuminate\\Pipeline\\{closure}(Object(Illuminate\\Http\\Request))
#19 /var/www/beas.in/public_html/ramkrishna_dharma_chakra/vendor/laravel/framework/src/Illuminate/Pipeline/Pipeline.php(167): Illuminate\\View\\Middleware\\ShareErrorsFromSession->handle(Object(Illuminate\\Http\\Request), Object(Closure))
#20 /var/www/beas.in/public_html/ramkrishna_dharma_chakra/vendor/laravel/framework/src/Illuminate/Session/Middleware/StartSession.php(121): Illuminate\\Pipeline\\Pipeline->Illuminate\\Pipeline\\{closure}(Object(Illuminate\\Http\\Request))
#21 /var/www/beas.in/public_html/ramkrishna_dharma_chakra/vendor/laravel/framework/src/Illuminate/Session/Middleware/StartSession.php(64): Illuminate\\Session\\Middleware\\StartSession->handleStatefulRequest(Object(Illuminate\\Http\\Request), Object(Illuminate\\Session\\Store), Object(Closure))
#22 /var/www/beas.in/public_html/ramkrishna_dharma_chakra/vendor/laravel/framework/src/Illuminate/Pipeline/Pipeline.php(167): Illuminate\\Session\\Middleware\\StartSession->handle(Object(Illuminate\\Http\\Request), Object(Closure))
#23 /var/www/beas.in/public_html/ramkrishna_dharma_chakra/vendor/laravel/framework/src/Illuminate/Cookie/Middleware/AddQueuedCookiesToResponse.php(37): Illuminate\\Pipeline\\Pipeline->Illuminate\\Pipeline\\{closure}(Object(Illuminate\\Http\\Request))
#24 /var/www/beas.in/public_html/ramkrishna_dharma_chakra/vendor/laravel/framework/src/Illuminate/Pipeline/Pipeline.php(167): Illuminate\\Cookie\\Middleware\\AddQueuedCookiesToResponse->handle(Object(Illuminate\\Http\\Request), Object(Closure))
#25 /var/www/beas.in/public_html/ramkrishna_dharma_chakra/vendor/laravel/framework/src/Illuminate/Cookie/Middleware/EncryptCookies.php(67): Illuminate\\Pipeline\\Pipeline->Illuminate\\Pipeline\\{closure}(Object(Illuminate\\Http\\Request))
#26 /var/www/beas.in/public_html/ramkrishna_dharma_chakra/vendor/laravel/framework/src/Illuminate/Pipeline/Pipeline.php(167): Illuminate\\Cookie\\Middleware\\EncryptCookies->handle(Object(Illuminate\\Http\\Request), Object(Closure))
#27 /var/www/beas.in/public_html/ramkrishna_dharma_chakra/vendor/laravel/framework/src/Illuminate/Pipeline/Pipeline.php(103): Illuminate\\Pipeline\\Pipeline->Illuminate\\Pipeline\\{closure}(Object(Illuminate\\Http\\Request))
#28 /var/www/beas.in/public_html/ramkrishna_dharma_chakra/vendor/laravel/framework/src/Illuminate/Routing/Router.php(723): Illuminate\\Pipeline\\Pipeline->then(Object(Closure))
#29 /var/www/beas.in/public_html/ramkrishna_dharma_chakra/vendor/laravel/framework/src/Illuminate/Routing/Router.php(698): Illuminate\\Routing\\Router->runRouteWithinStack(Object(Illuminate\\Routing\\Route), Object(Illuminate\\Http\\Request))
#30 /var/www/beas.in/public_html/ramkrishna_dharma_chakra/vendor/laravel/framework/src/Illuminate/Routing/Router.php(662): Illuminate\\Routing\\Router->runRoute(Object(Illuminate\\Http\\Request), Object(Illuminate\\Routing\\Route))
#31 /var/www/beas.in/public_html/ramkrishna_dharma_chakra/vendor/laravel/framework/src/Illuminate/Routing/Router.php(651): Illuminate\\Routing\\Router->dispatchToRoute(Object(Illuminate\\Http\\Request))
#32 /var/www/beas.in/public_html/ramkrishna_dharma_chakra/vendor/laravel/framework/src/Illuminate/Foundation/Http/Kernel.php(167): Illuminate\\Routing\\Router->dispatch(Object(Illuminate\\Http\\Request))
#33 /var/www/beas.in/public_html/ramkrishna_dharma_chakra/vendor/laravel/framework/src/Illuminate/Pipeline/Pipeline.php(128): Illuminate\\Foundation\\Http\\Kernel->Illuminate\\Foundation\\Http\\{closure}(Object(Illuminate\\Http\\Request))
#34 /var/www/beas.in/public_html/ramkrishna_dharma_chakra/vendor/laravel/framework/src/Illuminate/Foundation/Http/Middleware/TransformsRequest.php(21): Illuminate\\Pipeline\\Pipeline->Illuminate\\Pipeline\\{closure}(Object(Illuminate\\Http\\Request))
#35 /var/www/beas.in/public_html/ramkrishna_dharma_chakra/vendor/laravel/framework/src/Illuminate/Foundation/Http/Middleware/ConvertEmptyStringsToNull.php(31): Illuminate\\Foundation\\Http\\Middleware\\TransformsRequest->handle(Object(Illuminate\\Http\\Request), Object(Closure))
#36 /var/www/beas.in/public_html/ramkrishna_dharma_chakra/vendor/laravel/framework/src/Illuminate/Pipeline/Pipeline.php(167): Illuminate\\Foundation\\Http\\Middleware\\ConvertEmptyStringsToNull->handle(Object(Illuminate\\Http\\Request), Object(Closure))
#37 /var/www/beas.in/public_html/ramkrishna_dharma_chakra/vendor/laravel/framework/src/Illuminate/Foundation/Http/Middleware/TransformsRequest.php(21): Illuminate\\Pipeline\\Pipeline->Illuminate\\Pipeline\\{closure}(Object(Illuminate\\Http\\Request))
#38 /var/www/beas.in/public_html/ramkrishna_dharma_chakra/vendor/laravel/framework/src/Illuminate/Foundation/Http/Middleware/TrimStrings.php(40): Illuminate\\Foundation\\Http\\Middleware\\TransformsRequest->handle(Object(Illuminate\\Http\\Request), Object(Closure))
#39 /var/www/beas.in/public_html/ramkrishna_dharma_chakra/vendor/laravel/framework/src/Illuminate/Pipeline/Pipeline.php(167): Illuminate\\Foundation\\Http\\Middleware\\TrimStrings->handle(Object(Illuminate\\Http\\Request), Object(Closure))
#40 /var/www/beas.in/public_html/ramkrishna_dharma_chakra/vendor/laravel/framework/src/Illuminate/Foundation/Http/Middleware/ValidatePostSize.php(27): Illuminate\\Pipeline\\Pipeline->Illuminate\\Pipeline\\{closure}(Object(Illuminate\\Http\\Request))
#41 /var/www/beas.in/public_html/ramkrishna_dharma_chakra/vendor/laravel/framework/src/Illuminate/Pipeline/Pipeline.php(167): Illuminate\\Foundation\\Http\\Middleware\\ValidatePostSize->handle(Object(Illuminate\\Http\\Request), Object(Closure))
#42 /var/www/beas.in/public_html/ramkrishna_dharma_chakra/vendor/laravel/framework/src/Illuminate/Foundation/Http/Middleware/PreventRequestsDuringMaintenance.php(86): Illuminate\\Pipeline\\Pipeline->Illuminate\\Pipeline\\{closure}(Object(Illuminate\\Http\\Request))
#43 /var/www/beas.in/public_html/ramkrishna_dharma_chakra/vendor/laravel/framework/src/Illuminate/Pipeline/Pipeline.php(167): Illuminate\\Foundation\\Http\\Middleware\\PreventRequestsDuringMaintenance->handle(Object(Illuminate\\Http\\Request), Object(Closure))
#44 /var/www/beas.in/public_html/ramkrishna_dharma_chakra/vendor/fideloper/proxy/src/TrustProxies.php(57): Illuminate\\Pipeline\\Pipeline->Illuminate\\Pipeline\\{closure}(Object(Illuminate\\Http\\Request))
#45 /var/www/beas.in/public_html/ramkrishna_dharma_chakra/vendor/laravel/framework/src/Illuminate/Pipeline/Pipeline.php(167): Fideloper\\Proxy\\TrustProxies->handle(Object(Illuminate\\Http\\Request), Object(Closure))
#46 /var/www/beas.in/public_html/ramkrishna_dharma_chakra/vendor/laravel/framework/src/Illuminate/Pipeline/Pipeline.php(103): Illuminate\\Pipeline\\Pipeline->Illuminate\\Pipeline\\{closure}(Object(Illuminate\\Http\\Request))
#47 /var/www/beas.in/public_html/ramkrishna_dharma_chakra/vendor/laravel/framework/src/Illuminate/Foundation/Http/Kernel.php(142): Illuminate\\Pipeline\\Pipeline->then(Object(Closure))
#48 /var/www/beas.in/public_html/ramkrishna_dharma_chakra/vendor/laravel/framework/src/Illuminate/Foundation/Http/Kernel.php(111): Illuminate\\Foundation\\Http\\Kernel->sendRequestThroughRouter(Object(Illuminate\\Http\\Request))
#49 /var/www/beas.in/public_html/ramkrishna_dharma_chakra/index.php(54): Illuminate\\Foundation\\Http\\Kernel->handle(Object(Illuminate\\Http\\Request))
#50 {main}
"} 
[2023-07-20 13:25:51] local.ERROR: SQLSTATE[42000]: Syntax error or access violation: 1118 Row size too large (> 8126). Changing some columns to TEXT or BLOB or using ROW_FORMAT=DYNAMIC or ROW_FORMAT=COMPRESSED may help. In current row format, BLOB prefix of 768 bytes is stored inline. (SQL: update `about` set `footer_text` = <p>&lt;p&gt;“ নারায়ণং পদ্মভবং বশিষ্ঠ শক্তিঞ্চ তৎপুত্র পরাশরঞ্চ ব্যাসং শুকং গৌর পাদং মহান্তং গোবিন্দ যোগিদ্রমথাস্য শিষ্যম্‌&lt;/p&gt; &lt;p&gt;শ্রী শঙ্করাচার্য্য মথাস্য পদ্মপাদঞ্চ হস্তামলকং চ শিষ্যম্‌। তন্দ্রোটকং বার্তিককারমন্যান অস্মদ গুরুন সন্তত মাতোহস্মি।&lt;/p&gt; &lt;p&gt;শ্রুতি স্মৃতিপুরাণানামালয়ং করুণালয়ং। নমামি ভগবৎপাদং শঙ্করং লোকশঙ্করম্‌। সূত্রভাস্যকৃতৌ বন্দে ভগবন্তৌ পুনঃ পুনঃ&lt;/p&gt; &lt;p&gt;ঈশ্বরো গুরুরাত্মেতি মূর্ত্তিভেদা বিভাগিনে ব্যোমবৎ ব্যাপ্ত দেহায় দক্ষিণামূর্তয়ে নমঃ। ”&lt;/p&gt; &lt;p&gt;ইতি গুরুপরম্পরা স্ত্রোত্রম্‌।</p>, `footer_text_english` = &lt;/p&gt;, `Narayanang Padmabhabang Vashishta Shaktinch Tatputra Parasranch Vyasang Shukong Gaur Padang Mahantang Govinda Yogadramthasya Shishyam&lt;br /&gt;&lt;br /&gt;Sri Shankaracharya Mathasya Padmapadancha Hastamlakang Cha Shishyam. Tandrotakong Bartikarmanana Asmad Gurun Santat Matohsmi.&lt;br /&gt;&lt;br /&gt;Shruti SmritiPurananamalang Karunalong. Namami Bhagavadpadong Sankarang Lokshankaram. Sutrabhasyakartau Bande Bhagwantau Re-Re&lt;br /&gt;&lt;br /&gt;Ishwaro Gururatmati Murtiveda Divisione Byomvata Is a deep deha in dakshinamurtay namah. ”&lt;br /&gt;&lt;br /&gt;Iti Guruparampra Strotram .,, `facebook_link` = https://www.facebook.com/, `address` = <strong>শ্রী রামকৃষ্ণ ধর্ম চক্র</strong><br />২১১ এ, গিরিশ ঘোষ রোড, বেলুড়<br />পিও- বেলুড়মঠ,<br />হাওড়া -৭১১১২0২, `address_english` = Sri Ramakrishna Dharmachakra<br />211 A, Girish Ghosh Road,<br />Belur, P.O.- Belurmath,<br />Howrah -7111202, `youtube_link` = https://www.youtube.com/, `twitter_link` = ?, `instagram_link` = ?, `email` = ramkrishnadharmachakra@gmail.com, `phone_one` = +913326548075, `phone_two` = +919830043596, `phone_three` = +919804473647, `phone_one_bengali` = +৯১৩৩২৬৫৪৮0৭৫, `phone_two_bengali` = +৯১৯৮৩00৪৩৫৯৬, `phone_three_bengali` = +৯১৯৮0৪৪৭৩৬৪৭, `about`.`updated_at` = 2023-07-20 13:25:51 where `id` = 1) {"exception":"[object] (Illuminate\\Database\\QueryException(code: 42000): SQLSTATE[42000]: Syntax error or access violation: 1118 Row size too large (> 8126). Changing some columns to TEXT or BLOB or using ROW_FORMAT=DYNAMIC or ROW_FORMAT=COMPRESSED may help. In current row format, BLOB prefix of 768 bytes is stored inline. (SQL: update `about` set `footer_text` = <p>&lt;p&gt;“ নারায়ণং পদ্মভবং বশিষ্ঠ শক্তিঞ্চ তৎপুত্র পরাশরঞ্চ ব্যাসং শুকং গৌর পাদং মহান্তং গোবিন্দ যোগিদ্রমথাস্য শিষ্যম্‌&lt;/p&gt; &lt;p&gt;শ্রী শঙ্করাচার্য্য মথাস্য পদ্মপাদঞ্চ হস্তামলকং চ শিষ্যম্‌। তন্দ্রোটকং বার্তিককারমন্যান অস্মদ গুরুন সন্তত মাতোহস্মি।&lt;/p&gt; &lt;p&gt;শ্রুতি স্মৃতিপুরাণানামালয়ং করুণালয়ং। নমামি ভগবৎপাদং শঙ্করং লোকশঙ্করম্‌। সূত্রভাস্যকৃতৌ বন্দে ভগবন্তৌ পুনঃ পুনঃ&lt;/p&gt; &lt;p&gt;ঈশ্বরো গুরুরাত্মেতি মূর্ত্তিভেদা বিভাগিনে ব্যোমবৎ ব্যাপ্ত দেহায় দক্ষিণামূর্তয়ে নমঃ। ”&lt;/p&gt; &lt;p&gt;ইতি গুরুপরম্পরা স্ত্রোত্রম্‌।</p>, `footer_text_english` = &lt;/p&gt;, `Narayanang Padmabhabang Vashishta Shaktinch Tatputra Parasranch Vyasang Shukong Gaur Padang Mahantang Govinda Yogadramthasya Shishyam&lt;br /&gt;&lt;br /&gt;Sri Shankaracharya Mathasya Padmapadancha Hastamlakang Cha Shishyam. Tandrotakong Bartikarmanana Asmad Gurun Santat Matohsmi.&lt;br /&gt;&lt;br /&gt;Shruti SmritiPurananamalang Karunalong. Namami Bhagavadpadong Sankarang Lokshankaram. Sutrabhasyakartau Bande Bhagwantau Re-Re&lt;br /&gt;&lt;br /&gt;Ishwaro Gururatmati Murtiveda Divisione Byomvata Is a deep deha in dakshinamurtay namah. ”&lt;br /&gt;&lt;br /&gt;Iti Guruparampra Strotram .,, `facebook_link` = https://www.facebook.com/, `address` = <strong>শ্রী রামকৃষ্ণ ধর্ম চক্র</strong><br />২১১ এ, গিরিশ ঘোষ রোড, বেলুড়<br />পিও- বেলুড়মঠ,<br />হাওড়া -৭১১১২0২, `address_english` = Sri Ramakrishna Dharmachakra<br />211 A, Girish Ghosh Road,<br />Belur, P.O.- Belurmath,<br />Howrah -7111202, `youtube_link` = https://www.youtube.com/, `twitter_link` = ?, `instagram_link` = ?, `email` = ramkrishnadharmachakra@gmail.com, `phone_one` = +913326548075, `phone_two` = +919830043596, `phone_three` = +919804473647, `phone_one_bengali` = +৯১৩৩২৬৫৪৮0৭৫, `phone_two_bengali` = +৯১৯৮৩00৪৩৫৯৬, `phone_three_bengali` = +৯১৯৮0৪৪৭৩৬৪৭, `about`.`updated_at` = 2023-07-20 13:25:51 where `id` = 1) at /var/www/beas.in/public_html/ramkrishna_dharma_chakra/vendor/laravel/framework/src/Illuminate/Database/Connection.php:712)
[stacktrace]
#0 /var/www/beas.in/public_html/ramkrishna_dharma_chakra/vendor/laravel/framework/src/Illuminate/Database/Connection.php(672): Illuminate\\Database\\Connection->runQueryCallback('update `about` ...', Array, Object(Closure))
#1 /var/www/beas.in/public_html/ramkrishna_dharma_chakra/vendor/laravel/framework/src/Illuminate/Database/Connection.php(533): Illuminate\\Database\\Connection->run('update `about` ...', Array, Object(Closure))
#2 /var/www/beas.in/public_html/ramkrishna_dharma_chakra/vendor/laravel/framework/src/Illuminate/Database/Connection.php(466): Illuminate\\Database\\Connection->affectingStatement('update `about` ...', Array)
#3 /var/www/beas.in/public_html/ramkrishna_dharma_chakra/vendor/laravel/framework/src/Illuminate/Database/Query/Builder.php(3063): Illuminate\\Database\\Connection->update('update `about` ...', Array)
#4 /var/www/beas.in/public_html/ramkrishna_dharma_chakra/vendor/laravel/framework/src/Illuminate/Database/Eloquent/Builder.php(921): Illuminate\\Database\\Query\\Builder->update(Array)
#5 /var/www/beas.in/public_html/ramkrishna_dharma_chakra/app/Http/Controllers/Admin/Modules/About/AboutController.php(108): Illuminate\\Database\\Eloquent\\Builder->update(Array)
#6 /var/www/beas.in/public_html/ramkrishna_dharma_chakra/vendor/laravel/framework/src/Illuminate/Routing/Controller.php(54): App\\Http\\Controllers\\Admin\\Modules\\About\\AboutController->footerUpdate(Object(Illuminate\\Http\\Request))
#7 /var/www/beas.in/public_html/ramkrishna_dharma_chakra/vendor/laravel/framework/src/Illuminate/Routing/ControllerDispatcher.php(45): Illuminate\\Routing\\Controller->callAction('footerUpdate', Array)
#8 /var/www/beas.in/public_html/ramkrishna_dharma_chakra/vendor/laravel/framework/src/Illuminate/Routing/Route.php(262): Illuminate\\Routing\\ControllerDispatcher->dispatch(Object(Illuminate\\Routing\\Route), Object(App\\Http\\Controllers\\Admin\\Modules\\About\\AboutController), 'footerUpdate')
#9 /var/www/beas.in/public_html/ramkrishna_dharma_chakra/vendor/laravel/framework/src/Illuminate/Routing/Route.php(205): Illuminate\\Routing\\Route->runController()
#10 /var/www/beas.in/public_html/ramkrishna_dharma_chakra/vendor/laravel/framework/src/Illuminate/Routing/Router.php(721): Illuminate\\Routing\\Route->run()
#11 /var/www/beas.in/public_html/ramkrishna_dharma_chakra/vendor/laravel/framework/src/Illuminate/Pipeline/Pipeline.php(128): Illuminate\\Routing\\Router->Illuminate\\Routing\\{closure}(Object(Illuminate\\Http\\Request))
#12 /var/www/beas.in/public_html/ramkrishna_dharma_chakra/vendor/laravel/framework/src/Illuminate/Routing/Middleware/SubstituteBindings.php(50): Illuminate\\Pipeline\\Pipeline->Illuminate\\Pipeline\\{closure}(Object(Illuminate\\Http\\Request))
#13 /var/www/beas.in/public_html/ramkrishna_dharma_chakra/vendor/laravel/framework/src/Illuminate/Pipeline/Pipeline.php(167): Illuminate\\Routing\\Middleware\\SubstituteBindings->handle(Object(Illuminate\\Http\\Request), Object(Closure))
#14 /var/www/beas.in/public_html/ramkrishna_dharma_chakra/vendor/laravel/framework/src/Illuminate/Foundation/Http/Middleware/VerifyCsrfToken.php(78): Illuminate\\Pipeline\\Pipeline->Illuminate\\Pipeline\\{closure}(Object(Illuminate\\Http\\Request))
#15 /var/www/beas.in/public_html/ramkrishna_dharma_chakra/vendor/laravel/framework/src/Illuminate/Pipeline/Pipeline.php(167): Illuminate\\Foundation\\Http\\Middleware\\VerifyCsrfToken->handle(Object(Illuminate\\Http\\Request), Object(Closure))
#16 /var/www/beas.in/public_html/ramkrishna_dharma_chakra/vendor/laravel/framework/src/Illuminate/View/Middleware/ShareErrorsFromSession.php(49): Illuminate\\Pipeline\\Pipeline->Illuminate\\Pipeline\\{closure}(Object(Illuminate\\Http\\Request))
#17 /var/www/beas.in/public_html/ramkrishna_dharma_chakra/vendor/laravel/framework/src/Illuminate/Pipeline/Pipeline.php(167): Illuminate\\View\\Middleware\\ShareErrorsFromSession->handle(Object(Illuminate\\Http\\Request), Object(Closure))
#18 /var/www/beas.in/public_html/ramkrishna_dharma_chakra/vendor/laravel/framework/src/Illuminate/Session/Middleware/StartSession.php(121): Illuminate\\Pipeline\\Pipeline->Illuminate\\Pipeline\\{closure}(Object(Illuminate\\Http\\Request))
#19 /var/www/beas.in/public_html/ramkrishna_dharma_chakra/vendor/laravel/framework/src/Illuminate/Session/Middleware/StartSession.php(64): Illuminate\\Session\\Middleware\\StartSession->handleStatefulRequest(Object(Illuminate\\Http\\Request), Object(Illuminate\\Session\\Store), Object(Closure))
#20 /var/www/beas.in/public_html/ramkrishna_dharma_chakra/vendor/laravel/framework/src/Illuminate/Pipeline/Pipeline.php(167): Illuminate\\Session\\Middleware\\StartSession->handle(Object(Illuminate\\Http\\Request), Object(Closure))
#21 /var/www/beas.in/public_html/ramkrishna_dharma_chakra/vendor/laravel/framework/src/Illuminate/Cookie/Middleware/AddQueuedCookiesToResponse.php(37): Illuminate\\Pipeline\\Pipeline->Illuminate\\Pipeline\\{closure}(Object(Illuminate\\Http\\Request))
#22 /var/www/beas.in/public_html/ramkrishna_dharma_chakra/vendor/laravel/framework/src/Illuminate/Pipeline/Pipeline.php(167): Illuminate\\Cookie\\Middleware\\AddQueuedCookiesToResponse->handle(Object(Illuminate\\Http\\Request), Object(Closure))
#23 /var/www/beas.in/public_html/ramkrishna_dharma_chakra/vendor/laravel/framework/src/Illuminate/Cookie/Middleware/EncryptCookies.php(67): Illuminate\\Pipeline\\Pipeline->Illuminate\\Pipeline\\{closure}(Object(Illuminate\\Http\\Request))
#24 /var/www/beas.in/public_html/ramkrishna_dharma_chakra/vendor/laravel/framework/src/Illuminate/Pipeline/Pipeline.php(167): Illuminate\\Cookie\\Middleware\\EncryptCookies->handle(Object(Illuminate\\Http\\Request), Object(Closure))
#25 /var/www/beas.in/public_html/ramkrishna_dharma_chakra/vendor/laravel/framework/src/Illuminate/Pipeline/Pipeline.php(103): Illuminate\\Pipeline\\Pipeline->Illuminate\\Pipeline\\{closure}(Object(Illuminate\\Http\\Request))
#26 /var/www/beas.in/public_html/ramkrishna_dharma_chakra/vendor/laravel/framework/src/Illuminate/Routing/Router.php(723): Illuminate\\Pipeline\\Pipeline->then(Object(Closure))
#27 /var/www/beas.in/public_html/ramkrishna_dharma_chakra/vendor/laravel/framework/src/Illuminate/Routing/Router.php(698): Illuminate\\Routing\\Router->runRouteWithinStack(Object(Illuminate\\Routing\\Route), Object(Illuminate\\Http\\Request))
#28 /var/www/beas.in/public_html/ramkrishna_dharma_chakra/vendor/laravel/framework/src/Illuminate/Routing/Router.php(662): Illuminate\\Routing\\Router->runRoute(Object(Illuminate\\Http\\Request), Object(Illuminate\\Routing\\Route))
#29 /var/www/beas.in/public_html/ramkrishna_dharma_chakra/vendor/laravel/framework/src/Illuminate/Routing/Router.php(651): Illuminate\\Routing\\Router->dispatchToRoute(Object(Illuminate\\Http\\Request))
#30 /var/www/beas.in/public_html/ramkrishna_dharma_chakra/vendor/laravel/framework/src/Illuminate/Foundation/Http/Kernel.php(167): Illuminate\\Routing\\Router->dispatch(Object(Illuminate\\Http\\Request))
#31 /var/www/beas.in/public_html/ramkrishna_dharma_chakra/vendor/laravel/framework/src/Illuminate/Pipeline/Pipeline.php(128): Illuminate\\Foundation\\Http\\Kernel->Illuminate\\Foundation\\Http\\{closure}(Object(Illuminate\\Http\\Request))
#32 /var/www/beas.in/public_html/ramkrishna_dharma_chakra/vendor/laravel/framework/src/Illuminate/Foundation/Http/Middleware/TransformsRequest.php(21): Illuminate\\Pipeline\\Pipeline->Illuminate\\Pipeline\\{closure}(Object(Illuminate\\Http\\Request))
#33 /var/www/beas.in/public_html/ramkrishna_dharma_chakra/vendor/laravel/framework/src/Illuminate/Foundation/Http/Middleware/ConvertEmptyStringsToNull.php(31): Illuminate\\Foundation\\Http\\Middleware\\TransformsRequest->handle(Object(Illuminate\\Http\\Request), Object(Closure))
#34 /var/www/beas.in/public_html/ramkrishna_dharma_chakra/vendor/laravel/framework/src/Illuminate/Pipeline/Pipeline.php(167): Illuminate\\Foundation\\Http\\Middleware\\ConvertEmptyStringsToNull->handle(Object(Illuminate\\Http\\Request), Object(Closure))
#35 /var/www/beas.in/public_html/ramkrishna_dharma_chakra/vendor/laravel/framework/src/Illuminate/Foundation/Http/Middleware/TransformsRequest.php(21): Illuminate\\Pipeline\\Pipeline->Illuminate\\Pipeline\\{closure}(Object(Illuminate\\Http\\Request))
#36 /var/www/beas.in/public_html/ramkrishna_dharma_chakra/vendor/laravel/framework/src/Illuminate/Foundation/Http/Middleware/TrimStrings.php(40): Illuminate\\Foundation\\Http\\Middleware\\TransformsRequest->handle(Object(Illuminate\\Http\\Request), Object(Closure))
#37 /var/www/beas.in/public_html/ramkrishna_dharma_chakra/vendor/laravel/framework/src/Illuminate/Pipeline/Pipeline.php(167): Illuminate\\Foundation\\Http\\Middleware\\TrimStrings->handle(Object(Illuminate\\Http\\Request), Object(Closure))
#38 /var/www/beas.in/public_html/ramkrishna_dharma_chakra/vendor/laravel/framework/src/Illuminate/Foundation/Http/Middleware/ValidatePostSize.php(27): Illuminate\\Pipeline\\Pipeline->Illuminate\\Pipeline\\{closure}(Object(Illuminate\\Http\\Request))
#39 /var/www/beas.in/public_html/ramkrishna_dharma_chakra/vendor/laravel/framework/src/Illuminate/Pipeline/Pipeline.php(167): Illuminate\\Foundation\\Http\\Middleware\\ValidatePostSize->handle(Object(Illuminate\\Http\\Request), Object(Closure))
#40 /var/www/beas.in/public_html/ramkrishna_dharma_chakra/vendor/laravel/framework/src/Illuminate/Foundation/Http/Middleware/PreventRequestsDuringMaintenance.php(86): Illuminate\\Pipeline\\Pipeline->Illuminate\\Pipeline\\{closure}(Object(Illuminate\\Http\\Request))
#41 /var/www/beas.in/public_html/ramkrishna_dharma_chakra/vendor/laravel/framework/src/Illuminate/Pipeline/Pipeline.php(167): Illuminate\\Foundation\\Http\\Middleware\\PreventRequestsDuringMaintenance->handle(Object(Illuminate\\Http\\Request), Object(Closure))
#42 /var/www/beas.in/public_html/ramkrishna_dharma_chakra/vendor/fideloper/proxy/src/TrustProxies.php(57): Illuminate\\Pipeline\\Pipeline->Illuminate\\Pipeline\\{closure}(Object(Illuminate\\Http\\Request))
#43 /var/www/beas.in/public_html/ramkrishna_dharma_chakra/vendor/laravel/framework/src/Illuminate/Pipeline/Pipeline.php(167): Fideloper\\Proxy\\TrustProxies->handle(Object(Illuminate\\Http\\Request), Object(Closure))
#44 /var/www/beas.in/public_html/ramkrishna_dharma_chakra/vendor/laravel/framework/src/Illuminate/Pipeline/Pipeline.php(103): Illuminate\\Pipeline\\Pipeline->Illuminate\\Pipeline\\{closure}(Object(Illuminate\\Http\\Request))
#45 /var/www/beas.in/public_html/ramkrishna_dharma_chakra/vendor/laravel/framework/src/Illuminate/Foundation/Http/Kernel.php(142): Illuminate\\Pipeline\\Pipeline->then(Object(Closure))
#46 /var/www/beas.in/public_html/ramkrishna_dharma_chakra/vendor/laravel/framework/src/Illuminate/Foundation/Http/Kernel.php(111): Illuminate\\Foundation\\Http\\Kernel->sendRequestThroughRouter(Object(Illuminate\\Http\\Request))
#47 /var/www/beas.in/public_html/ramkrishna_dharma_chakra/index.php(54): Illuminate\\Foundation\\Http\\Kernel->handle(Object(Illuminate\\Http\\Request))
#48 {main}

[previous exception] [object] (PDOException(code: 42000): SQLSTATE[42000]: Syntax error or access violation: 1118 Row size too large (> 8126). Changing some columns to TEXT or BLOB or using ROW_FORMAT=DYNAMIC or ROW_FORMAT=COMPRESSED may help. In current row format, BLOB prefix of 768 bytes is stored inline. at /var/www/beas.in/public_html/ramkrishna_dharma_chakra/vendor/laravel/framework/src/Illuminate/Database/Connection.php:526)
[stacktrace]
#0 /var/www/beas.in/public_html/ramkrishna_dharma_chakra/vendor/laravel/framework/src/Illuminate/Database/Connection.php(526): PDOStatement->execute()
#1 /var/www/beas.in/public_html/ramkrishna_dharma_chakra/vendor/laravel/framework/src/Illuminate/Database/Connection.php(705): Illuminate\\Database\\Connection->Illuminate\\Database\\{closure}('update `about` ...', Array)
#2 /var/www/beas.in/public_html/ramkrishna_dharma_chakra/vendor/laravel/framework/src/Illuminate/Database/Connection.php(672): Illuminate\\Database\\Connection->runQueryCallback('update `about` ...', Array, Object(Closure))
#3 /var/www/beas.in/public_html/ramkrishna_dharma_chakra/vendor/laravel/framework/src/Illuminate/Database/Connection.php(533): Illuminate\\Database\\Connection->run('update `about` ...', Array, Object(Closure))
#4 /var/www/beas.in/public_html/ramkrishna_dharma_chakra/vendor/laravel/framework/src/Illuminate/Database/Connection.php(466): Illuminate\\Database\\Connection->affectingStatement('update `about` ...', Array)
#5 /var/www/beas.in/public_html/ramkrishna_dharma_chakra/vendor/laravel/framework/src/Illuminate/Database/Query/Builder.php(3063): Illuminate\\Database\\Connection->update('update `about` ...', Array)
#6 /var/www/beas.in/public_html/ramkrishna_dharma_chakra/vendor/laravel/framework/src/Illuminate/Database/Eloquent/Builder.php(921): Illuminate\\Database\\Query\\Builder->update(Array)
#7 /var/www/beas.in/public_html/ramkrishna_dharma_chakra/app/Http/Controllers/Admin/Modules/About/AboutController.php(108): Illuminate\\Database\\Eloquent\\Builder->update(Array)
#8 /var/www/beas.in/public_html/ramkrishna_dharma_chakra/vendor/laravel/framework/src/Illuminate/Routing/Controller.php(54): App\\Http\\Controllers\\Admin\\Modules\\About\\AboutController->footerUpdate(Object(Illuminate\\Http\\Request))
#9 /var/www/beas.in/public_html/ramkrishna_dharma_chakra/vendor/laravel/framework/src/Illuminate/Routing/ControllerDispatcher.php(45): Illuminate\\Routing\\Controller->callAction('footerUpdate', Array)
#10 /var/www/beas.in/public_html/ramkrishna_dharma_chakra/vendor/laravel/framework/src/Illuminate/Routing/Route.php(262): Illuminate\\Routing\\ControllerDispatcher->dispatch(Object(Illuminate\\Routing\\Route), Object(App\\Http\\Controllers\\Admin\\Modules\\About\\AboutController), 'footerUpdate')
#11 /var/www/beas.in/public_html/ramkrishna_dharma_chakra/vendor/laravel/framework/src/Illuminate/Routing/Route.php(205): Illuminate\\Routing\\Route->runController()
#12 /var/www/beas.in/public_html/ramkrishna_dharma_chakra/vendor/laravel/framework/src/Illuminate/Routing/Router.php(721): Illuminate\\Routing\\Route->run()
#13 /var/www/beas.in/public_html/ramkrishna_dharma_chakra/vendor/laravel/framework/src/Illuminate/Pipeline/Pipeline.php(128): Illuminate\\Routing\\Router->Illuminate\\Routing\\{closure}(Object(Illuminate\\Http\\Request))
#14 /var/www/beas.in/public_html/ramkrishna_dharma_chakra/vendor/laravel/framework/src/Illuminate/Routing/Middleware/SubstituteBindings.php(50): Illuminate\\Pipeline\\Pipeline->Illuminate\\Pipeline\\{closure}(Object(Illuminate\\Http\\Request))
#15 /var/www/beas.in/public_html/ramkrishna_dharma_chakra/vendor/laravel/framework/src/Illuminate/Pipeline/Pipeline.php(167): Illuminate\\Routing\\Middleware\\SubstituteBindings->handle(Object(Illuminate\\Http\\Request), Object(Closure))
#16 /var/www/beas.in/public_html/ramkrishna_dharma_chakra/vendor/laravel/framework/src/Illuminate/Foundation/Http/Middleware/VerifyCsrfToken.php(78): Illuminate\\Pipeline\\Pipeline->Illuminate\\Pipeline\\{closure}(Object(Illuminate\\Http\\Request))
#17 /var/www/beas.in/public_html/ramkrishna_dharma_chakra/vendor/laravel/framework/src/Illuminate/Pipeline/Pipeline.php(167): Illuminate\\Foundation\\Http\\Middleware\\VerifyCsrfToken->handle(Object(Illuminate\\Http\\Request), Object(Closure))
#18 /var/www/beas.in/public_html/ramkrishna_dharma_chakra/vendor/laravel/framework/src/Illuminate/View/Middleware/ShareErrorsFromSession.php(49): Illuminate\\Pipeline\\Pipeline->Illuminate\\Pipeline\\{closure}(Object(Illuminate\\Http\\Request))
#19 /var/www/beas.in/public_html/ramkrishna_dharma_chakra/vendor/laravel/framework/src/Illuminate/Pipeline/Pipeline.php(167): Illuminate\\View\\Middleware\\ShareErrorsFromSession->handle(Object(Illuminate\\Http\\Request), Object(Closure))
#20 /var/www/beas.in/public_html/ramkrishna_dharma_chakra/vendor/laravel/framework/src/Illuminate/Session/Middleware/StartSession.php(121): Illuminate\\Pipeline\\Pipeline->Illuminate\\Pipeline\\{closure}(Object(Illuminate\\Http\\Request))
#21 /var/www/beas.in/public_html/ramkrishna_dharma_chakra/vendor/laravel/framework/src/Illuminate/Session/Middleware/StartSession.php(64): Illuminate\\Session\\Middleware\\StartSession->handleStatefulRequest(Object(Illuminate\\Http\\Request), Object(Illuminate\\Session\\Store), Object(Closure))
#22 /var/www/beas.in/public_html/ramkrishna_dharma_chakra/vendor/laravel/framework/src/Illuminate/Pipeline/Pipeline.php(167): Illuminate\\Session\\Middleware\\StartSession->handle(Object(Illuminate\\Http\\Request), Object(Closure))
#23 /var/www/beas.in/public_html/ramkrishna_dharma_chakra/vendor/laravel/framework/src/Illuminate/Cookie/Middleware/AddQueuedCookiesToResponse.php(37): Illuminate\\Pipeline\\Pipeline->Illuminate\\Pipeline\\{closure}(Object(Illuminate\\Http\\Request))
#24 /var/www/beas.in/public_html/ramkrishna_dharma_chakra/vendor/laravel/framework/src/Illuminate/Pipeline/Pipeline.php(167): Illuminate\\Cookie\\Middleware\\AddQueuedCookiesToResponse->handle(Object(Illuminate\\Http\\Request), Object(Closure))
#25 /var/www/beas.in/public_html/ramkrishna_dharma_chakra/vendor/laravel/framework/src/Illuminate/Cookie/Middleware/EncryptCookies.php(67): Illuminate\\Pipeline\\Pipeline->Illuminate\\Pipeline\\{closure}(Object(Illuminate\\Http\\Request))
#26 /var/www/beas.in/public_html/ramkrishna_dharma_chakra/vendor/laravel/framework/src/Illuminate/Pipeline/Pipeline.php(167): Illuminate\\Cookie\\Middleware\\EncryptCookies->handle(Object(Illuminate\\Http\\Request), Object(Closure))
#27 /var/www/beas.in/public_html/ramkrishna_dharma_chakra/vendor/laravel/framework/src/Illuminate/Pipeline/Pipeline.php(103): Illuminate\\Pipeline\\Pipeline->Illuminate\\Pipeline\\{closure}(Object(Illuminate\\Http\\Request))
#28 /var/www/beas.in/public_html/ramkrishna_dharma_chakra/vendor/laravel/framework/src/Illuminate/Routing/Router.php(723): Illuminate\\Pipeline\\Pipeline->then(Object(Closure))
#29 /var/www/beas.in/public_html/ramkrishna_dharma_chakra/vendor/laravel/framework/src/Illuminate/Routing/Router.php(698): Illuminate\\Routing\\Router->runRouteWithinStack(Object(Illuminate\\Routing\\Route), Object(Illuminate\\Http\\Request))
#30 /var/www/beas.in/public_html/ramkrishna_dharma_chakra/vendor/laravel/framework/src/Illuminate/Routing/Router.php(662): Illuminate\\Routing\\Router->runRoute(Object(Illuminate\\Http\\Request), Object(Illuminate\\Routing\\Route))
#31 /var/www/beas.in/public_html/ramkrishna_dharma_chakra/vendor/laravel/framework/src/Illuminate/Routing/Router.php(651): Illuminate\\Routing\\Router->dispatchToRoute(Object(Illuminate\\Http\\Request))
#32 /var/www/beas.in/public_html/ramkrishna_dharma_chakra/vendor/laravel/framework/src/Illuminate/Foundation/Http/Kernel.php(167): Illuminate\\Routing\\Router->dispatch(Object(Illuminate\\Http\\Request))
#33 /var/www/beas.in/public_html/ramkrishna_dharma_chakra/vendor/laravel/framework/src/Illuminate/Pipeline/Pipeline.php(128): Illuminate\\Foundation\\Http\\Kernel->Illuminate\\Foundation\\Http\\{closure}(Object(Illuminate\\Http\\Request))
#34 /var/www/beas.in/public_html/ramkrishna_dharma_chakra/vendor/laravel/framework/src/Illuminate/Foundation/Http/Middleware/TransformsRequest.php(21): Illuminate\\Pipeline\\Pipeline->Illuminate\\Pipeline\\{closure}(Object(Illuminate\\Http\\Request))
#35 /var/www/beas.in/public_html/ramkrishna_dharma_chakra/vendor/laravel/framework/src/Illuminate/Foundation/Http/Middleware/ConvertEmptyStringsToNull.php(31): Illuminate\\Foundation\\Http\\Middleware\\TransformsRequest->handle(Object(Illuminate\\Http\\Request), Object(Closure))
#36 /var/www/beas.in/public_html/ramkrishna_dharma_chakra/vendor/laravel/framework/src/Illuminate/Pipeline/Pipeline.php(167): Illuminate\\Foundation\\Http\\Middleware\\ConvertEmptyStringsToNull->handle(Object(Illuminate\\Http\\Request), Object(Closure))
#37 /var/www/beas.in/public_html/ramkrishna_dharma_chakra/vendor/laravel/framework/src/Illuminate/Foundation/Http/Middleware/TransformsRequest.php(21): Illuminate\\Pipeline\\Pipeline->Illuminate\\Pipeline\\{closure}(Object(Illuminate\\Http\\Request))
#38 /var/www/beas.in/public_html/ramkrishna_dharma_chakra/vendor/laravel/framework/src/Illuminate/Foundation/Http/Middleware/TrimStrings.php(40): Illuminate\\Foundation\\Http\\Middleware\\TransformsRequest->handle(Object(Illuminate\\Http\\Request), Object(Closure))
#39 /var/www/beas.in/public_html/ramkrishna_dharma_chakra/vendor/laravel/framework/src/Illuminate/Pipeline/Pipeline.php(167): Illuminate\\Foundation\\Http\\Middleware\\TrimStrings->handle(Object(Illuminate\\Http\\Request), Object(Closure))
#40 /var/www/beas.in/public_html/ramkrishna_dharma_chakra/vendor/laravel/framework/src/Illuminate/Foundation/Http/Middleware/ValidatePostSize.php(27): Illuminate\\Pipeline\\Pipeline->Illuminate\\Pipeline\\{closure}(Object(Illuminate\\Http\\Request))
#41 /var/www/beas.in/public_html/ramkrishna_dharma_chakra/vendor/laravel/framework/src/Illuminate/Pipeline/Pipeline.php(167): Illuminate\\Foundation\\Http\\Middleware\\ValidatePostSize->handle(Object(Illuminate\\Http\\Request), Object(Closure))
#42 /var/www/beas.in/public_html/ramkrishna_dharma_chakra/vendor/laravel/framework/src/Illuminate/Foundation/Http/Middleware/PreventRequestsDuringMaintenance.php(86): Illuminate\\Pipeline\\Pipeline->Illuminate\\Pipeline\\{closure}(Object(Illuminate\\Http\\Request))
#43 /var/www/beas.in/public_html/ramkrishna_dharma_chakra/vendor/laravel/framework/src/Illuminate/Pipeline/Pipeline.php(167): Illuminate\\Foundation\\Http\\Middleware\\PreventRequestsDuringMaintenance->handle(Object(Illuminate\\Http\\Request), Object(Closure))
#44 /var/www/beas.in/public_html/ramkrishna_dharma_chakra/vendor/fideloper/proxy/src/TrustProxies.php(57): Illuminate\\Pipeline\\Pipeline->Illuminate\\Pipeline\\{closure}(Object(Illuminate\\Http\\Request))
#45 /var/www/beas.in/public_html/ramkrishna_dharma_chakra/vendor/laravel/framework/src/Illuminate/Pipeline/Pipeline.php(167): Fideloper\\Proxy\\TrustProxies->handle(Object(Illuminate\\Http\\Request), Object(Closure))
#46 /var/www/beas.in/public_html/ramkrishna_dharma_chakra/vendor/laravel/framework/src/Illuminate/Pipeline/Pipeline.php(103): Illuminate\\Pipeline\\Pipeline->Illuminate\\Pipeline\\{closure}(Object(Illuminate\\Http\\Request))
#47 /var/www/beas.in/public_html/ramkrishna_dharma_chakra/vendor/laravel/framework/src/Illuminate/Foundation/Http/Kernel.php(142): Illuminate\\Pipeline\\Pipeline->then(Object(Closure))
#48 /var/www/beas.in/public_html/ramkrishna_dharma_chakra/vendor/laravel/framework/src/Illuminate/Foundation/Http/Kernel.php(111): Illuminate\\Foundation\\Http\\Kernel->sendRequestThroughRouter(Object(Illuminate\\Http\\Request))
#49 /var/www/beas.in/public_html/ramkrishna_dharma_chakra/index.php(54): Illuminate\\Foundation\\Http\\Kernel->handle(Object(Illuminate\\Http\\Request))
#50 {main}
"} 
[2023-07-20 14:00:19] local.ERROR: SQLSTATE[42000]: Syntax error or access violation: 1118 Row size too large (> 8126). Changing some columns to TEXT or BLOB or using ROW_FORMAT=DYNAMIC or ROW_FORMAT=COMPRESSED may help. In current row format, BLOB prefix of 768 bytes is stored inline. (SQL: update `about` set `footer_text` = “ নারায়ণং পদ্মভবং বশিষ্ঠ শক্তিঞ্চ তৎপুত্র পরাশরঞ্চ<br />ব্যাসং শুকং গৌর পাদং মহান্তং গোবিন্দ যোগিদ্রমথাস্য শিষ্যম্<br />শ্রী শঙ্করাচার্য্য মথাস্য পদ্মপাদঞ্চ হস্তামলকং চ শিষ্যম্।<br />তন্দ্রোটকং বার্তিককারমন্যান অস্মদ গুরুন সন্তত মাতোহস্মি।<br />শ্রুতি স্মৃতিপুরাণানামালয়ং করুণালয়ং।<br />নমামি ভগবৎপাদং শঙ্করং লোকশঙ্করম্।<br />সূত্রভাস্যকৃতৌ বন্দে ভগবন্তৌ পুনঃ পুনঃ<br />ঈশ্বরো গুরুরাত্মেতি মূর্ত্তিভেদা বিভাগিনে<br />ব্যোমবৎ ব্যাপ্ত দেহায় দক্ষিণামূর্তয়ে নমঃ। ”<br />ইতি গুরুপরম্পরা স্ত্রোত্রম্।, `footer_text_english` = Narayanang Padmabhabang Vashishta Shaktinch Tatputra Parasranch Vyasang Shukong Gaur Padang Mahantang Govinda Yogadramthasya Shishyam<br /><br />Sri Shankaracharya Mathasya Padmapadancha Hastamlakang Cha Shishyam. Tandrotakong Bartikarmanana Asmad Gurun Santat Matohsmi.<br /><br />Shruti SmritiPurananamalang Karunalong. Namami Bhagavadpadong Sankarang Lokshankaram. Sutrabhasyakartau Bande Bhagwantau Re-Re<br /><br />Ishwaro Gururatmati Murtiveda Divisione Byomvata Is a deep deha in dakshinamurtay namah. ”<br /><br />Iti Guruparampra Strotram ., `facebook_link` = https://www.facebook.com/, `address` = <strong>শ্রী রামকৃষ্ণ ধর্ম চক্র</strong><br />২১১ এ, গিরিশ ঘোষ রোড, বেলুড়<br />পিও- বেলুড়মঠ,<br />হাওড়া -৭১১১২0২, `address_english` = Sri Ramakrishna Dharmachakra<br />211 A, Girish Ghosh Road,<br />Belur, P.O.- Belurmath,<br />Howrah -7111202, `youtube_link` = https://www.youtube.com/, `twitter_link` = ?, `instagram_link` = ?, `email` = ramkrishnadharmachakra@gmail.com, `phone_one` = +913326548075, `phone_two` = +919830043596, `phone_three` = +919804473647, `phone_one_bengali` = +৯১৩৩২৬৫৪৮0৭৫, `phone_two_bengali` = +৯১৯৮৩00৪৩৫৯৬, `phone_three_bengali` = +৯১৯৮0৪৪৭৩৬৪৭, `about`.`updated_at` = 2023-07-20 14:00:19 where `id` = 1) {"exception":"[object] (Illuminate\\Database\\QueryException(code: 42000): SQLSTATE[42000]: Syntax error or access violation: 1118 Row size too large (> 8126). Changing some columns to TEXT or BLOB or using ROW_FORMAT=DYNAMIC or ROW_FORMAT=COMPRESSED may help. In current row format, BLOB prefix of 768 bytes is stored inline. (SQL: update `about` set `footer_text` = “ নারায়ণং পদ্মভবং বশিষ্ঠ শক্তিঞ্চ তৎপুত্র পরাশরঞ্চ<br />ব্যাসং শুকং গৌর পাদং মহান্তং গোবিন্দ যোগিদ্রমথাস্য শিষ্যম্<br />শ্রী শঙ্করাচার্য্য মথাস্য পদ্মপাদঞ্চ হস্তামলকং চ শিষ্যম্।<br />তন্দ্রোটকং বার্তিককারমন্যান অস্মদ গুরুন সন্তত মাতোহস্মি।<br />শ্রুতি স্মৃতিপুরাণানামালয়ং করুণালয়ং।<br />নমামি ভগবৎপাদং শঙ্করং লোকশঙ্করম্।<br />সূত্রভাস্যকৃতৌ বন্দে ভগবন্তৌ পুনঃ পুনঃ<br />ঈশ্বরো গুরুরাত্মেতি মূর্ত্তিভেদা বিভাগিনে<br />ব্যোমবৎ ব্যাপ্ত দেহায় দক্ষিণামূর্তয়ে নমঃ। ”<br />ইতি গুরুপরম্পরা স্ত্রোত্রম্।, `footer_text_english` = Narayanang Padmabhabang Vashishta Shaktinch Tatputra Parasranch Vyasang Shukong Gaur Padang Mahantang Govinda Yogadramthasya Shishyam<br /><br />Sri Shankaracharya Mathasya Padmapadancha Hastamlakang Cha Shishyam. Tandrotakong Bartikarmanana Asmad Gurun Santat Matohsmi.<br /><br />Shruti SmritiPurananamalang Karunalong. Namami Bhagavadpadong Sankarang Lokshankaram. Sutrabhasyakartau Bande Bhagwantau Re-Re<br /><br />Ishwaro Gururatmati Murtiveda Divisione Byomvata Is a deep deha in dakshinamurtay namah. ”<br /><br />Iti Guruparampra Strotram ., `facebook_link` = https://www.facebook.com/, `address` = <strong>শ্রী রামকৃষ্ণ ধর্ম চক্র</strong><br />২১১ এ, গিরিশ ঘোষ রোড, বেলুড়<br />পিও- বেলুড়মঠ,<br />হাওড়া -৭১১১২0২, `address_english` = Sri Ramakrishna Dharmachakra<br />211 A, Girish Ghosh Road,<br />Belur, P.O.- Belurmath,<br />Howrah -7111202, `youtube_link` = https://www.youtube.com/, `twitter_link` = ?, `instagram_link` = ?, `email` = ramkrishnadharmachakra@gmail.com, `phone_one` = +913326548075, `phone_two` = +919830043596, `phone_three` = +919804473647, `phone_one_bengali` = +৯১৩৩২৬৫৪৮0৭৫, `phone_two_bengali` = +৯১৯৮৩00৪৩৫৯৬, `phone_three_bengali` = +৯১৯৮0৪৪৭৩৬৪৭, `about`.`updated_at` = 2023-07-20 14:00:19 where `id` = 1) at /var/www/beas.in/public_html/ramkrishna_dharma_chakra/vendor/laravel/framework/src/Illuminate/Database/Connection.php:712)
[stacktrace]
#0 /var/www/beas.in/public_html/ramkrishna_dharma_chakra/vendor/laravel/framework/src/Illuminate/Database/Connection.php(672): Illuminate\\Database\\Connection->runQueryCallback('update `about` ...', Array, Object(Closure))
#1 /var/www/beas.in/public_html/ramkrishna_dharma_chakra/vendor/laravel/framework/src/Illuminate/Database/Connection.php(533): Illuminate\\Database\\Connection->run('update `about` ...', Array, Object(Closure))
#2 /var/www/beas.in/public_html/ramkrishna_dharma_chakra/vendor/laravel/framework/src/Illuminate/Database/Connection.php(466): Illuminate\\Database\\Connection->affectingStatement('update `about` ...', Array)
#3 /var/www/beas.in/public_html/ramkrishna_dharma_chakra/vendor/laravel/framework/src/Illuminate/Database/Query/Builder.php(3063): Illuminate\\Database\\Connection->update('update `about` ...', Array)
#4 /var/www/beas.in/public_html/ramkrishna_dharma_chakra/vendor/laravel/framework/src/Illuminate/Database/Eloquent/Builder.php(921): Illuminate\\Database\\Query\\Builder->update(Array)
#5 /var/www/beas.in/public_html/ramkrishna_dharma_chakra/app/Http/Controllers/Admin/Modules/About/AboutController.php(108): Illuminate\\Database\\Eloquent\\Builder->update(Array)
#6 /var/www/beas.in/public_html/ramkrishna_dharma_chakra/vendor/laravel/framework/src/Illuminate/Routing/Controller.php(54): App\\Http\\Controllers\\Admin\\Modules\\About\\AboutController->footerUpdate(Object(Illuminate\\Http\\Request))
#7 /var/www/beas.in/public_html/ramkrishna_dharma_chakra/vendor/laravel/framework/src/Illuminate/Routing/ControllerDispatcher.php(45): Illuminate\\Routing\\Controller->callAction('footerUpdate', Array)
#8 /var/www/beas.in/public_html/ramkrishna_dharma_chakra/vendor/laravel/framework/src/Illuminate/Routing/Route.php(262): Illuminate\\Routing\\ControllerDispatcher->dispatch(Object(Illuminate\\Routing\\Route), Object(App\\Http\\Controllers\\Admin\\Modules\\About\\AboutController), 'footerUpdate')
#9 /var/www/beas.in/public_html/ramkrishna_dharma_chakra/vendor/laravel/framework/src/Illuminate/Routing/Route.php(205): Illuminate\\Routing\\Route->runController()
#10 /var/www/beas.in/public_html/ramkrishna_dharma_chakra/vendor/laravel/framework/src/Illuminate/Routing/Router.php(721): Illuminate\\Routing\\Route->run()
#11 /var/www/beas.in/public_html/ramkrishna_dharma_chakra/vendor/laravel/framework/src/Illuminate/Pipeline/Pipeline.php(128): Illuminate\\Routing\\Router->Illuminate\\Routing\\{closure}(Object(Illuminate\\Http\\Request))
#12 /var/www/beas.in/public_html/ramkrishna_dharma_chakra/vendor/laravel/framework/src/Illuminate/Routing/Middleware/SubstituteBindings.php(50): Illuminate\\Pipeline\\Pipeline->Illuminate\\Pipeline\\{closure}(Object(Illuminate\\Http\\Request))
#13 /var/www/beas.in/public_html/ramkrishna_dharma_chakra/vendor/laravel/framework/src/Illuminate/Pipeline/Pipeline.php(167): Illuminate\\Routing\\Middleware\\SubstituteBindings->handle(Object(Illuminate\\Http\\Request), Object(Closure))
#14 /var/www/beas.in/public_html/ramkrishna_dharma_chakra/vendor/laravel/framework/src/Illuminate/Foundation/Http/Middleware/VerifyCsrfToken.php(78): Illuminate\\Pipeline\\Pipeline->Illuminate\\Pipeline\\{closure}(Object(Illuminate\\Http\\Request))
#15 /var/www/beas.in/public_html/ramkrishna_dharma_chakra/vendor/laravel/framework/src/Illuminate/Pipeline/Pipeline.php(167): Illuminate\\Foundation\\Http\\Middleware\\VerifyCsrfToken->handle(Object(Illuminate\\Http\\Request), Object(Closure))
#16 /var/www/beas.in/public_html/ramkrishna_dharma_chakra/vendor/laravel/framework/src/Illuminate/View/Middleware/ShareErrorsFromSession.php(49): Illuminate\\Pipeline\\Pipeline->Illuminate\\Pipeline\\{closure}(Object(Illuminate\\Http\\Request))
#17 /var/www/beas.in/public_html/ramkrishna_dharma_chakra/vendor/laravel/framework/src/Illuminate/Pipeline/Pipeline.php(167): Illuminate\\View\\Middleware\\ShareErrorsFromSession->handle(Object(Illuminate\\Http\\Request), Object(Closure))
#18 /var/www/beas.in/public_html/ramkrishna_dharma_chakra/vendor/laravel/framework/src/Illuminate/Session/Middleware/StartSession.php(121): Illuminate\\Pipeline\\Pipeline->Illuminate\\Pipeline\\{closure}(Object(Illuminate\\Http\\Request))
#19 /var/www/beas.in/public_html/ramkrishna_dharma_chakra/vendor/laravel/framework/src/Illuminate/Session/Middleware/StartSession.php(64): Illuminate\\Session\\Middleware\\StartSession->handleStatefulRequest(Object(Illuminate\\Http\\Request), Object(Illuminate\\Session\\Store), Object(Closure))
#20 /var/www/beas.in/public_html/ramkrishna_dharma_chakra/vendor/laravel/framework/src/Illuminate/Pipeline/Pipeline.php(167): Illuminate\\Session\\Middleware\\StartSession->handle(Object(Illuminate\\Http\\Request), Object(Closure))
#21 /var/www/beas.in/public_html/ramkrishna_dharma_chakra/vendor/laravel/framework/src/Illuminate/Cookie/Middleware/AddQueuedCookiesToResponse.php(37): Illuminate\\Pipeline\\Pipeline->Illuminate\\Pipeline\\{closure}(Object(Illuminate\\Http\\Request))
#22 /var/www/beas.in/public_html/ramkrishna_dharma_chakra/vendor/laravel/framework/src/Illuminate/Pipeline/Pipeline.php(167): Illuminate\\Cookie\\Middleware\\AddQueuedCookiesToResponse->handle(Object(Illuminate\\Http\\Request), Object(Closure))
#23 /var/www/beas.in/public_html/ramkrishna_dharma_chakra/vendor/laravel/framework/src/Illuminate/Cookie/Middleware/EncryptCookies.php(67): Illuminate\\Pipeline\\Pipeline->Illuminate\\Pipeline\\{closure}(Object(Illuminate\\Http\\Request))
#24 /var/www/beas.in/public_html/ramkrishna_dharma_chakra/vendor/laravel/framework/src/Illuminate/Pipeline/Pipeline.php(167): Illuminate\\Cookie\\Middleware\\EncryptCookies->handle(Object(Illuminate\\Http\\Request), Object(Closure))
#25 /var/www/beas.in/public_html/ramkrishna_dharma_chakra/vendor/laravel/framework/src/Illuminate/Pipeline/Pipeline.php(103): Illuminate\\Pipeline\\Pipeline->Illuminate\\Pipeline\\{closure}(Object(Illuminate\\Http\\Request))
#26 /var/www/beas.in/public_html/ramkrishna_dharma_chakra/vendor/laravel/framework/src/Illuminate/Routing/Router.php(723): Illuminate\\Pipeline\\Pipeline->then(Object(Closure))
#27 /var/www/beas.in/public_html/ramkrishna_dharma_chakra/vendor/laravel/framework/src/Illuminate/Routing/Router.php(698): Illuminate\\Routing\\Router->runRouteWithinStack(Object(Illuminate\\Routing\\Route), Object(Illuminate\\Http\\Request))
#28 /var/www/beas.in/public_html/ramkrishna_dharma_chakra/vendor/laravel/framework/src/Illuminate/Routing/Router.php(662): Illuminate\\Routing\\Router->runRoute(Object(Illuminate\\Http\\Request), Object(Illuminate\\Routing\\Route))
#29 /var/www/beas.in/public_html/ramkrishna_dharma_chakra/vendor/laravel/framework/src/Illuminate/Routing/Router.php(651): Illuminate\\Routing\\Router->dispatchToRoute(Object(Illuminate\\Http\\Request))
#30 /var/www/beas.in/public_html/ramkrishna_dharma_chakra/vendor/laravel/framework/src/Illuminate/Foundation/Http/Kernel.php(167): Illuminate\\Routing\\Router->dispatch(Object(Illuminate\\Http\\Request))
#31 /var/www/beas.in/public_html/ramkrishna_dharma_chakra/vendor/laravel/framework/src/Illuminate/Pipeline/Pipeline.php(128): Illuminate\\Foundation\\Http\\Kernel->Illuminate\\Foundation\\Http\\{closure}(Object(Illuminate\\Http\\Request))
#32 /var/www/beas.in/public_html/ramkrishna_dharma_chakra/vendor/laravel/framework/src/Illuminate/Foundation/Http/Middleware/TransformsRequest.php(21): Illuminate\\Pipeline\\Pipeline->Illuminate\\Pipeline\\{closure}(Object(Illuminate\\Http\\Request))
#33 /var/www/beas.in/public_html/ramkrishna_dharma_chakra/vendor/laravel/framework/src/Illuminate/Foundation/Http/Middleware/ConvertEmptyStringsToNull.php(31): Illuminate\\Foundation\\Http\\Middleware\\TransformsRequest->handle(Object(Illuminate\\Http\\Request), Object(Closure))
#34 /var/www/beas.in/public_html/ramkrishna_dharma_chakra/vendor/laravel/framework/src/Illuminate/Pipeline/Pipeline.php(167): Illuminate\\Foundation\\Http\\Middleware\\ConvertEmptyStringsToNull->handle(Object(Illuminate\\Http\\Request), Object(Closure))
#35 /var/www/beas.in/public_html/ramkrishna_dharma_chakra/vendor/laravel/framework/src/Illuminate/Foundation/Http/Middleware/TransformsRequest.php(21): Illuminate\\Pipeline\\Pipeline->Illuminate\\Pipeline\\{closure}(Object(Illuminate\\Http\\Request))
#36 /var/www/beas.in/public_html/ramkrishna_dharma_chakra/vendor/laravel/framework/src/Illuminate/Foundation/Http/Middleware/TrimStrings.php(40): Illuminate\\Foundation\\Http\\Middleware\\TransformsRequest->handle(Object(Illuminate\\Http\\Request), Object(Closure))
#37 /var/www/beas.in/public_html/ramkrishna_dharma_chakra/vendor/laravel/framework/src/Illuminate/Pipeline/Pipeline.php(167): Illuminate\\Foundation\\Http\\Middleware\\TrimStrings->handle(Object(Illuminate\\Http\\Request), Object(Closure))
#38 /var/www/beas.in/public_html/ramkrishna_dharma_chakra/vendor/laravel/framework/src/Illuminate/Foundation/Http/Middleware/ValidatePostSize.php(27): Illuminate\\Pipeline\\Pipeline->Illuminate\\Pipeline\\{closure}(Object(Illuminate\\Http\\Request))
#39 /var/www/beas.in/public_html/ramkrishna_dharma_chakra/vendor/laravel/framework/src/Illuminate/Pipeline/Pipeline.php(167): Illuminate\\Foundation\\Http\\Middleware\\ValidatePostSize->handle(Object(Illuminate\\Http\\Request), Object(Closure))
#40 /var/www/beas.in/public_html/ramkrishna_dharma_chakra/vendor/laravel/framework/src/Illuminate/Foundation/Http/Middleware/PreventRequestsDuringMaintenance.php(86): Illuminate\\Pipeline\\Pipeline->Illuminate\\Pipeline\\{closure}(Object(Illuminate\\Http\\Request))
#41 /var/www/beas.in/public_html/ramkrishna_dharma_chakra/vendor/laravel/framework/src/Illuminate/Pipeline/Pipeline.php(167): Illuminate\\Foundation\\Http\\Middleware\\PreventRequestsDuringMaintenance->handle(Object(Illuminate\\Http\\Request), Object(Closure))
#42 /var/www/beas.in/public_html/ramkrishna_dharma_chakra/vendor/fideloper/proxy/src/TrustProxies.php(57): Illuminate\\Pipeline\\Pipeline->Illuminate\\Pipeline\\{closure}(Object(Illuminate\\Http\\Request))
#43 /var/www/beas.in/public_html/ramkrishna_dharma_chakra/vendor/laravel/framework/src/Illuminate/Pipeline/Pipeline.php(167): Fideloper\\Proxy\\TrustProxies->handle(Object(Illuminate\\Http\\Request), Object(Closure))
#44 /var/www/beas.in/public_html/ramkrishna_dharma_chakra/vendor/laravel/framework/src/Illuminate/Pipeline/Pipeline.php(103): Illuminate\\Pipeline\\Pipeline->Illuminate\\Pipeline\\{closure}(Object(Illuminate\\Http\\Request))
#45 /var/www/beas.in/public_html/ramkrishna_dharma_chakra/vendor/laravel/framework/src/Illuminate/Foundation/Http/Kernel.php(142): Illuminate\\Pipeline\\Pipeline->then(Object(Closure))
#46 /var/www/beas.in/public_html/ramkrishna_dharma_chakra/vendor/laravel/framework/src/Illuminate/Foundation/Http/Kernel.php(111): Illuminate\\Foundation\\Http\\Kernel->sendRequestThroughRouter(Object(Illuminate\\Http\\Request))
#47 /var/www/beas.in/public_html/ramkrishna_dharma_chakra/index.php(54): Illuminate\\Foundation\\Http\\Kernel->handle(Object(Illuminate\\Http\\Request))
#48 {main}

[previous exception] [object] (PDOException(code: 42000): SQLSTATE[42000]: Syntax error or access violation: 1118 Row size too large (> 8126). Changing some columns to TEXT or BLOB or using ROW_FORMAT=DYNAMIC or ROW_FORMAT=COMPRESSED may help. In current row format, BLOB prefix of 768 bytes is stored inline. at /var/www/beas.in/public_html/ramkrishna_dharma_chakra/vendor/laravel/framework/src/Illuminate/Database/Connection.php:526)
[stacktrace]
#0 /var/www/beas.in/public_html/ramkrishna_dharma_chakra/vendor/laravel/framework/src/Illuminate/Database/Connection.php(526): PDOStatement->execute()
#1 /var/www/beas.in/public_html/ramkrishna_dharma_chakra/vendor/laravel/framework/src/Illuminate/Database/Connection.php(705): Illuminate\\Database\\Connection->Illuminate\\Database\\{closure}('update `about` ...', Array)
#2 /var/www/beas.in/public_html/ramkrishna_dharma_chakra/vendor/laravel/framework/src/Illuminate/Database/Connection.php(672): Illuminate\\Database\\Connection->runQueryCallback('update `about` ...', Array, Object(Closure))
#3 /var/www/beas.in/public_html/ramkrishna_dharma_chakra/vendor/laravel/framework/src/Illuminate/Database/Connection.php(533): Illuminate\\Database\\Connection->run('update `about` ...', Array, Object(Closure))
#4 /var/www/beas.in/public_html/ramkrishna_dharma_chakra/vendor/laravel/framework/src/Illuminate/Database/Connection.php(466): Illuminate\\Database\\Connection->affectingStatement('update `about` ...', Array)
#5 /var/www/beas.in/public_html/ramkrishna_dharma_chakra/vendor/laravel/framework/src/Illuminate/Database/Query/Builder.php(3063): Illuminate\\Database\\Connection->update('update `about` ...', Array)
#6 /var/www/beas.in/public_html/ramkrishna_dharma_chakra/vendor/laravel/framework/src/Illuminate/Database/Eloquent/Builder.php(921): Illuminate\\Database\\Query\\Builder->update(Array)
#7 /var/www/beas.in/public_html/ramkrishna_dharma_chakra/app/Http/Controllers/Admin/Modules/About/AboutController.php(108): Illuminate\\Database\\Eloquent\\Builder->update(Array)
#8 /var/www/beas.in/public_html/ramkrishna_dharma_chakra/vendor/laravel/framework/src/Illuminate/Routing/Controller.php(54): App\\Http\\Controllers\\Admin\\Modules\\About\\AboutController->footerUpdate(Object(Illuminate\\Http\\Request))
#9 /var/www/beas.in/public_html/ramkrishna_dharma_chakra/vendor/laravel/framework/src/Illuminate/Routing/ControllerDispatcher.php(45): Illuminate\\Routing\\Controller->callAction('footerUpdate', Array)
#10 /var/www/beas.in/public_html/ramkrishna_dharma_chakra/vendor/laravel/framework/src/Illuminate/Routing/Route.php(262): Illuminate\\Routing\\ControllerDispatcher->dispatch(Object(Illuminate\\Routing\\Route), Object(App\\Http\\Controllers\\Admin\\Modules\\About\\AboutController), 'footerUpdate')
#11 /var/www/beas.in/public_html/ramkrishna_dharma_chakra/vendor/laravel/framework/src/Illuminate/Routing/Route.php(205): Illuminate\\Routing\\Route->runController()
#12 /var/www/beas.in/public_html/ramkrishna_dharma_chakra/vendor/laravel/framework/src/Illuminate/Routing/Router.php(721): Illuminate\\Routing\\Route->run()
#13 /var/www/beas.in/public_html/ramkrishna_dharma_chakra/vendor/laravel/framework/src/Illuminate/Pipeline/Pipeline.php(128): Illuminate\\Routing\\Router->Illuminate\\Routing\\{closure}(Object(Illuminate\\Http\\Request))
#14 /var/www/beas.in/public_html/ramkrishna_dharma_chakra/vendor/laravel/framework/src/Illuminate/Routing/Middleware/SubstituteBindings.php(50): Illuminate\\Pipeline\\Pipeline->Illuminate\\Pipeline\\{closure}(Object(Illuminate\\Http\\Request))
#15 /var/www/beas.in/public_html/ramkrishna_dharma_chakra/vendor/laravel/framework/src/Illuminate/Pipeline/Pipeline.php(167): Illuminate\\Routing\\Middleware\\SubstituteBindings->handle(Object(Illuminate\\Http\\Request), Object(Closure))
#16 /var/www/beas.in/public_html/ramkrishna_dharma_chakra/vendor/laravel/framework/src/Illuminate/Foundation/Http/Middleware/VerifyCsrfToken.php(78): Illuminate\\Pipeline\\Pipeline->Illuminate\\Pipeline\\{closure}(Object(Illuminate\\Http\\Request))
#17 /var/www/beas.in/public_html/ramkrishna_dharma_chakra/vendor/laravel/framework/src/Illuminate/Pipeline/Pipeline.php(167): Illuminate\\Foundation\\Http\\Middleware\\VerifyCsrfToken->handle(Object(Illuminate\\Http\\Request), Object(Closure))
#18 /var/www/beas.in/public_html/ramkrishna_dharma_chakra/vendor/laravel/framework/src/Illuminate/View/Middleware/ShareErrorsFromSession.php(49): Illuminate\\Pipeline\\Pipeline->Illuminate\\Pipeline\\{closure}(Object(Illuminate\\Http\\Request))
#19 /var/www/beas.in/public_html/ramkrishna_dharma_chakra/vendor/laravel/framework/src/Illuminate/Pipeline/Pipeline.php(167): Illuminate\\View\\Middleware\\ShareErrorsFromSession->handle(Object(Illuminate\\Http\\Request), Object(Closure))
#20 /var/www/beas.in/public_html/ramkrishna_dharma_chakra/vendor/laravel/framework/src/Illuminate/Session/Middleware/StartSession.php(121): Illuminate\\Pipeline\\Pipeline->Illuminate\\Pipeline\\{closure}(Object(Illuminate\\Http\\Request))
#21 /var/www/beas.in/public_html/ramkrishna_dharma_chakra/vendor/laravel/framework/src/Illuminate/Session/Middleware/StartSession.php(64): Illuminate\\Session\\Middleware\\StartSession->handleStatefulRequest(Object(Illuminate\\Http\\Request), Object(Illuminate\\Session\\Store), Object(Closure))
#22 /var/www/beas.in/public_html/ramkrishna_dharma_chakra/vendor/laravel/framework/src/Illuminate/Pipeline/Pipeline.php(167): Illuminate\\Session\\Middleware\\StartSession->handle(Object(Illuminate\\Http\\Request), Object(Closure))
#23 /var/www/beas.in/public_html/ramkrishna_dharma_chakra/vendor/laravel/framework/src/Illuminate/Cookie/Middleware/AddQueuedCookiesToResponse.php(37): Illuminate\\Pipeline\\Pipeline->Illuminate\\Pipeline\\{closure}(Object(Illuminate\\Http\\Request))
#24 /var/www/beas.in/public_html/ramkrishna_dharma_chakra/vendor/laravel/framework/src/Illuminate/Pipeline/Pipeline.php(167): Illuminate\\Cookie\\Middleware\\AddQueuedCookiesToResponse->handle(Object(Illuminate\\Http\\Request), Object(Closure))
#25 /var/www/beas.in/public_html/ramkrishna_dharma_chakra/vendor/laravel/framework/src/Illuminate/Cookie/Middleware/EncryptCookies.php(67): Illuminate\\Pipeline\\Pipeline->Illuminate\\Pipeline\\{closure}(Object(Illuminate\\Http\\Request))
#26 /var/www/beas.in/public_html/ramkrishna_dharma_chakra/vendor/laravel/framework/src/Illuminate/Pipeline/Pipeline.php(167): Illuminate\\Cookie\\Middleware\\EncryptCookies->handle(Object(Illuminate\\Http\\Request), Object(Closure))
#27 /var/www/beas.in/public_html/ramkrishna_dharma_chakra/vendor/laravel/framework/src/Illuminate/Pipeline/Pipeline.php(103): Illuminate\\Pipeline\\Pipeline->Illuminate\\Pipeline\\{closure}(Object(Illuminate\\Http\\Request))
#28 /var/www/beas.in/public_html/ramkrishna_dharma_chakra/vendor/laravel/framework/src/Illuminate/Routing/Router.php(723): Illuminate\\Pipeline\\Pipeline->then(Object(Closure))
#29 /var/www/beas.in/public_html/ramkrishna_dharma_chakra/vendor/laravel/framework/src/Illuminate/Routing/Router.php(698): Illuminate\\Routing\\Router->runRouteWithinStack(Object(Illuminate\\Routing\\Route), Object(Illuminate\\Http\\Request))
#30 /var/www/beas.in/public_html/ramkrishna_dharma_chakra/vendor/laravel/framework/src/Illuminate/Routing/Router.php(662): Illuminate\\Routing\\Router->runRoute(Object(Illuminate\\Http\\Request), Object(Illuminate\\Routing\\Route))
#31 /var/www/beas.in/public_html/ramkrishna_dharma_chakra/vendor/laravel/framework/src/Illuminate/Routing/Router.php(651): Illuminate\\Routing\\Router->dispatchToRoute(Object(Illuminate\\Http\\Request))
#32 /var/www/beas.in/public_html/ramkrishna_dharma_chakra/vendor/laravel/framework/src/Illuminate/Foundation/Http/Kernel.php(167): Illuminate\\Routing\\Router->dispatch(Object(Illuminate\\Http\\Request))
#33 /var/www/beas.in/public_html/ramkrishna_dharma_chakra/vendor/laravel/framework/src/Illuminate/Pipeline/Pipeline.php(128): Illuminate\\Foundation\\Http\\Kernel->Illuminate\\Foundation\\Http\\{closure}(Object(Illuminate\\Http\\Request))
#34 /var/www/beas.in/public_html/ramkrishna_dharma_chakra/vendor/laravel/framework/src/Illuminate/Foundation/Http/Middleware/TransformsRequest.php(21): Illuminate\\Pipeline\\Pipeline->Illuminate\\Pipeline\\{closure}(Object(Illuminate\\Http\\Request))
#35 /var/www/beas.in/public_html/ramkrishna_dharma_chakra/vendor/laravel/framework/src/Illuminate/Foundation/Http/Middleware/ConvertEmptyStringsToNull.php(31): Illuminate\\Foundation\\Http\\Middleware\\TransformsRequest->handle(Object(Illuminate\\Http\\Request), Object(Closure))
#36 /var/www/beas.in/public_html/ramkrishna_dharma_chakra/vendor/laravel/framework/src/Illuminate/Pipeline/Pipeline.php(167): Illuminate\\Foundation\\Http\\Middleware\\ConvertEmptyStringsToNull->handle(Object(Illuminate\\Http\\Request), Object(Closure))
#37 /var/www/beas.in/public_html/ramkrishna_dharma_chakra/vendor/laravel/framework/src/Illuminate/Foundation/Http/Middleware/TransformsRequest.php(21): Illuminate\\Pipeline\\Pipeline->Illuminate\\Pipeline\\{closure}(Object(Illuminate\\Http\\Request))
#38 /var/www/beas.in/public_html/ramkrishna_dharma_chakra/vendor/laravel/framework/src/Illuminate/Foundation/Http/Middleware/TrimStrings.php(40): Illuminate\\Foundation\\Http\\Middleware\\TransformsRequest->handle(Object(Illuminate\\Http\\Request), Object(Closure))
#39 /var/www/beas.in/public_html/ramkrishna_dharma_chakra/vendor/laravel/framework/src/Illuminate/Pipeline/Pipeline.php(167): Illuminate\\Foundation\\Http\\Middleware\\TrimStrings->handle(Object(Illuminate\\Http\\Request), Object(Closure))
#40 /var/www/beas.in/public_html/ramkrishna_dharma_chakra/vendor/laravel/framework/src/Illuminate/Foundation/Http/Middleware/ValidatePostSize.php(27): Illuminate\\Pipeline\\Pipeline->Illuminate\\Pipeline\\{closure}(Object(Illuminate\\Http\\Request))
#41 /var/www/beas.in/public_html/ramkrishna_dharma_chakra/vendor/laravel/framework/src/Illuminate/Pipeline/Pipeline.php(167): Illuminate\\Foundation\\Http\\Middleware\\ValidatePostSize->handle(Object(Illuminate\\Http\\Request), Object(Closure))
#42 /var/www/beas.in/public_html/ramkrishna_dharma_chakra/vendor/laravel/framework/src/Illuminate/Foundation/Http/Middleware/PreventRequestsDuringMaintenance.php(86): Illuminate\\Pipeline\\Pipeline->Illuminate\\Pipeline\\{closure}(Object(Illuminate\\Http\\Request))
#43 /var/www/beas.in/public_html/ramkrishna_dharma_chakra/vendor/laravel/framework/src/Illuminate/Pipeline/Pipeline.php(167): Illuminate\\Foundation\\Http\\Middleware\\PreventRequestsDuringMaintenance->handle(Object(Illuminate\\Http\\Request), Object(Closure))
#44 /var/www/beas.in/public_html/ramkrishna_dharma_chakra/vendor/fideloper/proxy/src/TrustProxies.php(57): Illuminate\\Pipeline\\Pipeline->Illuminate\\Pipeline\\{closure}(Object(Illuminate\\Http\\Request))
#45 /var/www/beas.in/public_html/ramkrishna_dharma_chakra/vendor/laravel/framework/src/Illuminate/Pipeline/Pipeline.php(167): Fideloper\\Proxy\\TrustProxies->handle(Object(Illuminate\\Http\\Request), Object(Closure))
#46 /var/www/beas.in/public_html/ramkrishna_dharma_chakra/vendor/laravel/framework/src/Illuminate/Pipeline/Pipeline.php(103): Illuminate\\Pipeline\\Pipeline->Illuminate\\Pipeline\\{closure}(Object(Illuminate\\Http\\Request))
#47 /var/www/beas.in/public_html/ramkrishna_dharma_chakra/vendor/laravel/framework/src/Illuminate/Foundation/Http/Kernel.php(142): Illuminate\\Pipeline\\Pipeline->then(Object(Closure))
#48 /var/www/beas.in/public_html/ramkrishna_dharma_chakra/vendor/laravel/framework/src/Illuminate/Foundation/Http/Kernel.php(111): Illuminate\\Foundation\\Http\\Kernel->sendRequestThroughRouter(Object(Illuminate\\Http\\Request))
#49 /var/www/beas.in/public_html/ramkrishna_dharma_chakra/index.php(54): Illuminate\\Foundation\\Http\\Kernel->handle(Object(Illuminate\\Http\\Request))
#50 {main}
"} 
[2023-07-20 14:01:22] local.ERROR: SQLSTATE[42000]: Syntax error or access violation: 1118 Row size too large (> 8126). Changing some columns to TEXT or BLOB or using ROW_FORMAT=DYNAMIC or ROW_FORMAT=COMPRESSED may help. In current row format, BLOB prefix of 768 bytes is stored inline. (SQL: update `about` set `footer_text` = &lt;p&gt;“ নারায়ণং পদ্মভবং বশিষ্ঠ শক্তিঞ্চ তৎপুত্র পরাশরঞ্চ<br />ব্যাসং শুকং গৌর পাদং মহান্তং গোবিন্দ যোগিদ্রমথাস্য শিষ্যম্<br />শ্রী শঙ্করাচার্য্য মথাস্য পদ্মপাদঞ্চ হস্তামলকং চ শিষ্যম্।<br />তন্দ্রোটকং বার্তিককারমন্যান অস্মদ গুরুন সন্তত মাতোহস্মি।<br />শ্রুতি স্মৃতিপুরাণানামালয়ং করুণালয়ং।<br />নমামি ভগবৎপাদং শঙ্করং লোকশঙ্করম্।<br />সূত্রভাস্যকৃতৌ বন্দে ভগবন্তৌ পুনঃ পুনঃ<br />ঈশ্বরো গুরুরাত্মেতি মূর্ত্তিভেদা বিভাগিনে<br />ব্যোমবৎ ব্যাপ্ত দেহায় দক্ষিণামূর্তয়ে নমঃ। ”<br />ইতি গুরুপরম্পরা স্ত্রোত্রম্।&lt;/p&gt;, `footer_text_english` = &lt;p&gt;Narayanang Padmabhabang Vashishta Shaktinch Tatputra Parasranch Vyasang Shukong Gaur Padang Mahantang Govinda Yogadramthasya Shishyam<br /><br />Sri Shankaracharya Mathasya Padmapadancha Hastamlakang Cha Shishyam. Tandrotakong Bartikarmanana Asmad Gurun Santat Matohsmi.<br /><br />Shruti SmritiPurananamalang Karunalong. Namami Bhagavadpadong Sankarang Lokshankaram. Sutrabhasyakartau Bande Bhagwantau Re-Re<br /><br />Ishwaro Gururatmati Murtiveda Divisione Byomvata Is a deep deha in dakshinamurtay namah. ”<br /><br />Iti Guruparampra Strotram .&lt;/p&gt;, `facebook_link` = https://www.facebook.com/, `address` = <strong>শ্রী রামকৃষ্ণ ধর্ম চক্র</strong><br />২১১ এ, গিরিশ ঘোষ রোড, বেলুড়<br />পিও- বেলুড়মঠ,<br />হাওড়া -৭১১১২0২, `address_english` = Sri Ramakrishna Dharmachakra<br />211 A, Girish Ghosh Road,<br />Belur, P.O.- Belurmath,<br />Howrah -7111202, `youtube_link` = https://www.youtube.com/, `twitter_link` = ?, `instagram_link` = ?, `email` = ramkrishnadharmachakra@gmail.com, `phone_one` = +913326548075, `phone_two` = +919830043596, `phone_three` = +919804473647, `phone_one_bengali` = +৯১৩৩২৬৫৪৮0৭৫, `phone_two_bengali` = +৯১৯৮৩00৪৩৫৯৬, `phone_three_bengali` = +৯১৯৮0৪৪৭৩৬৪৭, `about`.`updated_at` = 2023-07-20 14:01:22 where `id` = 1) {"exception":"[object] (Illuminate\\Database\\QueryException(code: 42000): SQLSTATE[42000]: Syntax error or access violation: 1118 Row size too large (> 8126). Changing some columns to TEXT or BLOB or using ROW_FORMAT=DYNAMIC or ROW_FORMAT=COMPRESSED may help. In current row format, BLOB prefix of 768 bytes is stored inline. (SQL: update `about` set `footer_text` = &lt;p&gt;“ নারায়ণং পদ্মভবং বশিষ্ঠ শক্তিঞ্চ তৎপুত্র পরাশরঞ্চ<br />ব্যাসং শুকং গৌর পাদং মহান্তং গোবিন্দ যোগিদ্রমথাস্য শিষ্যম্<br />শ্রী শঙ্করাচার্য্য মথাস্য পদ্মপাদঞ্চ হস্তামলকং চ শিষ্যম্।<br />তন্দ্রোটকং বার্তিককারমন্যান অস্মদ গুরুন সন্তত মাতোহস্মি।<br />শ্রুতি স্মৃতিপুরাণানামালয়ং করুণালয়ং।<br />নমামি ভগবৎপাদং শঙ্করং লোকশঙ্করম্।<br />সূত্রভাস্যকৃতৌ বন্দে ভগবন্তৌ পুনঃ পুনঃ<br />ঈশ্বরো গুরুরাত্মেতি মূর্ত্তিভেদা বিভাগিনে<br />ব্যোমবৎ ব্যাপ্ত দেহায় দক্ষিণামূর্তয়ে নমঃ। ”<br />ইতি গুরুপরম্পরা স্ত্রোত্রম্।&lt;/p&gt;, `footer_text_english` = &lt;p&gt;Narayanang Padmabhabang Vashishta Shaktinch Tatputra Parasranch Vyasang Shukong Gaur Padang Mahantang Govinda Yogadramthasya Shishyam<br /><br />Sri Shankaracharya Mathasya Padmapadancha Hastamlakang Cha Shishyam. Tandrotakong Bartikarmanana Asmad Gurun Santat Matohsmi.<br /><br />Shruti SmritiPurananamalang Karunalong. Namami Bhagavadpadong Sankarang Lokshankaram. Sutrabhasyakartau Bande Bhagwantau Re-Re<br /><br />Ishwaro Gururatmati Murtiveda Divisione Byomvata Is a deep deha in dakshinamurtay namah. ”<br /><br />Iti Guruparampra Strotram .&lt;/p&gt;, `facebook_link` = https://www.facebook.com/, `address` = <strong>শ্রী রামকৃষ্ণ ধর্ম চক্র</strong><br />২১১ এ, গিরিশ ঘোষ রোড, বেলুড়<br />পিও- বেলুড়মঠ,<br />হাওড়া -৭১১১২0২, `address_english` = Sri Ramakrishna Dharmachakra<br />211 A, Girish Ghosh Road,<br />Belur, P.O.- Belurmath,<br />Howrah -7111202, `youtube_link` = https://www.youtube.com/, `twitter_link` = ?, `instagram_link` = ?, `email` = ramkrishnadharmachakra@gmail.com, `phone_one` = +913326548075, `phone_two` = +919830043596, `phone_three` = +919804473647, `phone_one_bengali` = +৯১৩৩২৬৫৪৮0৭৫, `phone_two_bengali` = +৯১৯৮৩00৪৩৫৯৬, `phone_three_bengali` = +৯১৯৮0৪৪৭৩৬৪৭, `about`.`updated_at` = 2023-07-20 14:01:22 where `id` = 1) at /var/www/beas.in/public_html/ramkrishna_dharma_chakra/vendor/laravel/framework/src/Illuminate/Database/Connection.php:712)
[stacktrace]
#0 /var/www/beas.in/public_html/ramkrishna_dharma_chakra/vendor/laravel/framework/src/Illuminate/Database/Connection.php(672): Illuminate\\Database\\Connection->runQueryCallback('update `about` ...', Array, Object(Closure))
#1 /var/www/beas.in/public_html/ramkrishna_dharma_chakra/vendor/laravel/framework/src/Illuminate/Database/Connection.php(533): Illuminate\\Database\\Connection->run('update `about` ...', Array, Object(Closure))
#2 /var/www/beas.in/public_html/ramkrishna_dharma_chakra/vendor/laravel/framework/src/Illuminate/Database/Connection.php(466): Illuminate\\Database\\Connection->affectingStatement('update `about` ...', Array)
#3 /var/www/beas.in/public_html/ramkrishna_dharma_chakra/vendor/laravel/framework/src/Illuminate/Database/Query/Builder.php(3063): Illuminate\\Database\\Connection->update('update `about` ...', Array)
#4 /var/www/beas.in/public_html/ramkrishna_dharma_chakra/vendor/laravel/framework/src/Illuminate/Database/Eloquent/Builder.php(921): Illuminate\\Database\\Query\\Builder->update(Array)
#5 /var/www/beas.in/public_html/ramkrishna_dharma_chakra/app/Http/Controllers/Admin/Modules/About/AboutController.php(108): Illuminate\\Database\\Eloquent\\Builder->update(Array)
#6 /var/www/beas.in/public_html/ramkrishna_dharma_chakra/vendor/laravel/framework/src/Illuminate/Routing/Controller.php(54): App\\Http\\Controllers\\Admin\\Modules\\About\\AboutController->footerUpdate(Object(Illuminate\\Http\\Request))
#7 /var/www/beas.in/public_html/ramkrishna_dharma_chakra/vendor/laravel/framework/src/Illuminate/Routing/ControllerDispatcher.php(45): Illuminate\\Routing\\Controller->callAction('footerUpdate', Array)
#8 /var/www/beas.in/public_html/ramkrishna_dharma_chakra/vendor/laravel/framework/src/Illuminate/Routing/Route.php(262): Illuminate\\Routing\\ControllerDispatcher->dispatch(Object(Illuminate\\Routing\\Route), Object(App\\Http\\Controllers\\Admin\\Modules\\About\\AboutController), 'footerUpdate')
#9 /var/www/beas.in/public_html/ramkrishna_dharma_chakra/vendor/laravel/framework/src/Illuminate/Routing/Route.php(205): Illuminate\\Routing\\Route->runController()
#10 /var/www/beas.in/public_html/ramkrishna_dharma_chakra/vendor/laravel/framework/src/Illuminate/Routing/Router.php(721): Illuminate\\Routing\\Route->run()
#11 /var/www/beas.in/public_html/ramkrishna_dharma_chakra/vendor/laravel/framework/src/Illuminate/Pipeline/Pipeline.php(128): Illuminate\\Routing\\Router->Illuminate\\Routing\\{closure}(Object(Illuminate\\Http\\Request))
#12 /var/www/beas.in/public_html/ramkrishna_dharma_chakra/vendor/laravel/framework/src/Illuminate/Routing/Middleware/SubstituteBindings.php(50): Illuminate\\Pipeline\\Pipeline->Illuminate\\Pipeline\\{closure}(Object(Illuminate\\Http\\Request))
#13 /var/www/beas.in/public_html/ramkrishna_dharma_chakra/vendor/laravel/framework/src/Illuminate/Pipeline/Pipeline.php(167): Illuminate\\Routing\\Middleware\\SubstituteBindings->handle(Object(Illuminate\\Http\\Request), Object(Closure))
#14 /var/www/beas.in/public_html/ramkrishna_dharma_chakra/vendor/laravel/framework/src/Illuminate/Foundation/Http/Middleware/VerifyCsrfToken.php(78): Illuminate\\Pipeline\\Pipeline->Illuminate\\Pipeline\\{closure}(Object(Illuminate\\Http\\Request))
#15 /var/www/beas.in/public_html/ramkrishna_dharma_chakra/vendor/laravel/framework/src/Illuminate/Pipeline/Pipeline.php(167): Illuminate\\Foundation\\Http\\Middleware\\VerifyCsrfToken->handle(Object(Illuminate\\Http\\Request), Object(Closure))
#16 /var/www/beas.in/public_html/ramkrishna_dharma_chakra/vendor/laravel/framework/src/Illuminate/View/Middleware/ShareErrorsFromSession.php(49): Illuminate\\Pipeline\\Pipeline->Illuminate\\Pipeline\\{closure}(Object(Illuminate\\Http\\Request))
#17 /var/www/beas.in/public_html/ramkrishna_dharma_chakra/vendor/laravel/framework/src/Illuminate/Pipeline/Pipeline.php(167): Illuminate\\View\\Middleware\\ShareErrorsFromSession->handle(Object(Illuminate\\Http\\Request), Object(Closure))
#18 /var/www/beas.in/public_html/ramkrishna_dharma_chakra/vendor/laravel/framework/src/Illuminate/Session/Middleware/StartSession.php(121): Illuminate\\Pipeline\\Pipeline->Illuminate\\Pipeline\\{closure}(Object(Illuminate\\Http\\Request))
#19 /var/www/beas.in/public_html/ramkrishna_dharma_chakra/vendor/laravel/framework/src/Illuminate/Session/Middleware/StartSession.php(64): Illuminate\\Session\\Middleware\\StartSession->handleStatefulRequest(Object(Illuminate\\Http\\Request), Object(Illuminate\\Session\\Store), Object(Closure))
#20 /var/www/beas.in/public_html/ramkrishna_dharma_chakra/vendor/laravel/framework/src/Illuminate/Pipeline/Pipeline.php(167): Illuminate\\Session\\Middleware\\StartSession->handle(Object(Illuminate\\Http\\Request), Object(Closure))
#21 /var/www/beas.in/public_html/ramkrishna_dharma_chakra/vendor/laravel/framework/src/Illuminate/Cookie/Middleware/AddQueuedCookiesToResponse.php(37): Illuminate\\Pipeline\\Pipeline->Illuminate\\Pipeline\\{closure}(Object(Illuminate\\Http\\Request))
#22 /var/www/beas.in/public_html/ramkrishna_dharma_chakra/vendor/laravel/framework/src/Illuminate/Pipeline/Pipeline.php(167): Illuminate\\Cookie\\Middleware\\AddQueuedCookiesToResponse->handle(Object(Illuminate\\Http\\Request), Object(Closure))
#23 /var/www/beas.in/public_html/ramkrishna_dharma_chakra/vendor/laravel/framework/src/Illuminate/Cookie/Middleware/EncryptCookies.php(67): Illuminate\\Pipeline\\Pipeline->Illuminate\\Pipeline\\{closure}(Object(Illuminate\\Http\\Request))
#24 /var/www/beas.in/public_html/ramkrishna_dharma_chakra/vendor/laravel/framework/src/Illuminate/Pipeline/Pipeline.php(167): Illuminate\\Cookie\\Middleware\\EncryptCookies->handle(Object(Illuminate\\Http\\Request), Object(Closure))
#25 /var/www/beas.in/public_html/ramkrishna_dharma_chakra/vendor/laravel/framework/src/Illuminate/Pipeline/Pipeline.php(103): Illuminate\\Pipeline\\Pipeline->Illuminate\\Pipeline\\{closure}(Object(Illuminate\\Http\\Request))
#26 /var/www/beas.in/public_html/ramkrishna_dharma_chakra/vendor/laravel/framework/src/Illuminate/Routing/Router.php(723): Illuminate\\Pipeline\\Pipeline->then(Object(Closure))
#27 /var/www/beas.in/public_html/ramkrishna_dharma_chakra/vendor/laravel/framework/src/Illuminate/Routing/Router.php(698): Illuminate\\Routing\\Router->runRouteWithinStack(Object(Illuminate\\Routing\\Route), Object(Illuminate\\Http\\Request))
#28 /var/www/beas.in/public_html/ramkrishna_dharma_chakra/vendor/laravel/framework/src/Illuminate/Routing/Router.php(662): Illuminate\\Routing\\Router->runRoute(Object(Illuminate\\Http\\Request), Object(Illuminate\\Routing\\Route))
#29 /var/www/beas.in/public_html/ramkrishna_dharma_chakra/vendor/laravel/framework/src/Illuminate/Routing/Router.php(651): Illuminate\\Routing\\Router->dispatchToRoute(Object(Illuminate\\Http\\Request))
#30 /var/www/beas.in/public_html/ramkrishna_dharma_chakra/vendor/laravel/framework/src/Illuminate/Foundation/Http/Kernel.php(167): Illuminate\\Routing\\Router->dispatch(Object(Illuminate\\Http\\Request))
#31 /var/www/beas.in/public_html/ramkrishna_dharma_chakra/vendor/laravel/framework/src/Illuminate/Pipeline/Pipeline.php(128): Illuminate\\Foundation\\Http\\Kernel->Illuminate\\Foundation\\Http\\{closure}(Object(Illuminate\\Http\\Request))
#32 /var/www/beas.in/public_html/ramkrishna_dharma_chakra/vendor/laravel/framework/src/Illuminate/Foundation/Http/Middleware/TransformsRequest.php(21): Illuminate\\Pipeline\\Pipeline->Illuminate\\Pipeline\\{closure}(Object(Illuminate\\Http\\Request))
#33 /var/www/beas.in/public_html/ramkrishna_dharma_chakra/vendor/laravel/framework/src/Illuminate/Foundation/Http/Middleware/ConvertEmptyStringsToNull.php(31): Illuminate\\Foundation\\Http\\Middleware\\TransformsRequest->handle(Object(Illuminate\\Http\\Request), Object(Closure))
#34 /var/www/beas.in/public_html/ramkrishna_dharma_chakra/vendor/laravel/framework/src/Illuminate/Pipeline/Pipeline.php(167): Illuminate\\Foundation\\Http\\Middleware\\ConvertEmptyStringsToNull->handle(Object(Illuminate\\Http\\Request), Object(Closure))
#35 /var/www/beas.in/public_html/ramkrishna_dharma_chakra/vendor/laravel/framework/src/Illuminate/Foundation/Http/Middleware/TransformsRequest.php(21): Illuminate\\Pipeline\\Pipeline->Illuminate\\Pipeline\\{closure}(Object(Illuminate\\Http\\Request))
#36 /var/www/beas.in/public_html/ramkrishna_dharma_chakra/vendor/laravel/framework/src/Illuminate/Foundation/Http/Middleware/TrimStrings.php(40): Illuminate\\Foundation\\Http\\Middleware\\TransformsRequest->handle(Object(Illuminate\\Http\\Request), Object(Closure))
#37 /var/www/beas.in/public_html/ramkrishna_dharma_chakra/vendor/laravel/framework/src/Illuminate/Pipeline/Pipeline.php(167): Illuminate\\Foundation\\Http\\Middleware\\TrimStrings->handle(Object(Illuminate\\Http\\Request), Object(Closure))
#38 /var/www/beas.in/public_html/ramkrishna_dharma_chakra/vendor/laravel/framework/src/Illuminate/Foundation/Http/Middleware/ValidatePostSize.php(27): Illuminate\\Pipeline\\Pipeline->Illuminate\\Pipeline\\{closure}(Object(Illuminate\\Http\\Request))
#39 /var/www/beas.in/public_html/ramkrishna_dharma_chakra/vendor/laravel/framework/src/Illuminate/Pipeline/Pipeline.php(167): Illuminate\\Foundation\\Http\\Middleware\\ValidatePostSize->handle(Object(Illuminate\\Http\\Request), Object(Closure))
#40 /var/www/beas.in/public_html/ramkrishna_dharma_chakra/vendor/laravel/framework/src/Illuminate/Foundation/Http/Middleware/PreventRequestsDuringMaintenance.php(86): Illuminate\\Pipeline\\Pipeline->Illuminate\\Pipeline\\{closure}(Object(Illuminate\\Http\\Request))
#41 /var/www/beas.in/public_html/ramkrishna_dharma_chakra/vendor/laravel/framework/src/Illuminate/Pipeline/Pipeline.php(167): Illuminate\\Foundation\\Http\\Middleware\\PreventRequestsDuringMaintenance->handle(Object(Illuminate\\Http\\Request), Object(Closure))
#42 /var/www/beas.in/public_html/ramkrishna_dharma_chakra/vendor/fideloper/proxy/src/TrustProxies.php(57): Illuminate\\Pipeline\\Pipeline->Illuminate\\Pipeline\\{closure}(Object(Illuminate\\Http\\Request))
#43 /var/www/beas.in/public_html/ramkrishna_dharma_chakra/vendor/laravel/framework/src/Illuminate/Pipeline/Pipeline.php(167): Fideloper\\Proxy\\TrustProxies->handle(Object(Illuminate\\Http\\Request), Object(Closure))
#44 /var/www/beas.in/public_html/ramkrishna_dharma_chakra/vendor/laravel/framework/src/Illuminate/Pipeline/Pipeline.php(103): Illuminate\\Pipeline\\Pipeline->Illuminate\\Pipeline\\{closure}(Object(Illuminate\\Http\\Request))
#45 /var/www/beas.in/public_html/ramkrishna_dharma_chakra/vendor/laravel/framework/src/Illuminate/Foundation/Http/Kernel.php(142): Illuminate\\Pipeline\\Pipeline->then(Object(Closure))
#46 /var/www/beas.in/public_html/ramkrishna_dharma_chakra/vendor/laravel/framework/src/Illuminate/Foundation/Http/Kernel.php(111): Illuminate\\Foundation\\Http\\Kernel->sendRequestThroughRouter(Object(Illuminate\\Http\\Request))
#47 /var/www/beas.in/public_html/ramkrishna_dharma_chakra/index.php(54): Illuminate\\Foundation\\Http\\Kernel->handle(Object(Illuminate\\Http\\Request))
#48 {main}

[previous exception] [object] (PDOException(code: 42000): SQLSTATE[42000]: Syntax error or access violation: 1118 Row size too large (> 8126). Changing some columns to TEXT or BLOB or using ROW_FORMAT=DYNAMIC or ROW_FORMAT=COMPRESSED may help. In current row format, BLOB prefix of 768 bytes is stored inline. at /var/www/beas.in/public_html/ramkrishna_dharma_chakra/vendor/laravel/framework/src/Illuminate/Database/Connection.php:526)
[stacktrace]
#0 /var/www/beas.in/public_html/ramkrishna_dharma_chakra/vendor/laravel/framework/src/Illuminate/Database/Connection.php(526): PDOStatement->execute()
#1 /var/www/beas.in/public_html/ramkrishna_dharma_chakra/vendor/laravel/framework/src/Illuminate/Database/Connection.php(705): Illuminate\\Database\\Connection->Illuminate\\Database\\{closure}('update `about` ...', Array)
#2 /var/www/beas.in/public_html/ramkrishna_dharma_chakra/vendor/laravel/framework/src/Illuminate/Database/Connection.php(672): Illuminate\\Database\\Connection->runQueryCallback('update `about` ...', Array, Object(Closure))
#3 /var/www/beas.in/public_html/ramkrishna_dharma_chakra/vendor/laravel/framework/src/Illuminate/Database/Connection.php(533): Illuminate\\Database\\Connection->run('update `about` ...', Array, Object(Closure))
#4 /var/www/beas.in/public_html/ramkrishna_dharma_chakra/vendor/laravel/framework/src/Illuminate/Database/Connection.php(466): Illuminate\\Database\\Connection->affectingStatement('update `about` ...', Array)
#5 /var/www/beas.in/public_html/ramkrishna_dharma_chakra/vendor/laravel/framework/src/Illuminate/Database/Query/Builder.php(3063): Illuminate\\Database\\Connection->update('update `about` ...', Array)
#6 /var/www/beas.in/public_html/ramkrishna_dharma_chakra/vendor/laravel/framework/src/Illuminate/Database/Eloquent/Builder.php(921): Illuminate\\Database\\Query\\Builder->update(Array)
#7 /var/www/beas.in/public_html/ramkrishna_dharma_chakra/app/Http/Controllers/Admin/Modules/About/AboutController.php(108): Illuminate\\Database\\Eloquent\\Builder->update(Array)
#8 /var/www/beas.in/public_html/ramkrishna_dharma_chakra/vendor/laravel/framework/src/Illuminate/Routing/Controller.php(54): App\\Http\\Controllers\\Admin\\Modules\\About\\AboutController->footerUpdate(Object(Illuminate\\Http\\Request))
#9 /var/www/beas.in/public_html/ramkrishna_dharma_chakra/vendor/laravel/framework/src/Illuminate/Routing/ControllerDispatcher.php(45): Illuminate\\Routing\\Controller->callAction('footerUpdate', Array)
#10 /var/www/beas.in/public_html/ramkrishna_dharma_chakra/vendor/laravel/framework/src/Illuminate/Routing/Route.php(262): Illuminate\\Routing\\ControllerDispatcher->dispatch(Object(Illuminate\\Routing\\Route), Object(App\\Http\\Controllers\\Admin\\Modules\\About\\AboutController), 'footerUpdate')
#11 /var/www/beas.in/public_html/ramkrishna_dharma_chakra/vendor/laravel/framework/src/Illuminate/Routing/Route.php(205): Illuminate\\Routing\\Route->runController()
#12 /var/www/beas.in/public_html/ramkrishna_dharma_chakra/vendor/laravel/framework/src/Illuminate/Routing/Router.php(721): Illuminate\\Routing\\Route->run()
#13 /var/www/beas.in/public_html/ramkrishna_dharma_chakra/vendor/laravel/framework/src/Illuminate/Pipeline/Pipeline.php(128): Illuminate\\Routing\\Router->Illuminate\\Routing\\{closure}(Object(Illuminate\\Http\\Request))
#14 /var/www/beas.in/public_html/ramkrishna_dharma_chakra/vendor/laravel/framework/src/Illuminate/Routing/Middleware/SubstituteBindings.php(50): Illuminate\\Pipeline\\Pipeline->Illuminate\\Pipeline\\{closure}(Object(Illuminate\\Http\\Request))
#15 /var/www/beas.in/public_html/ramkrishna_dharma_chakra/vendor/laravel/framework/src/Illuminate/Pipeline/Pipeline.php(167): Illuminate\\Routing\\Middleware\\SubstituteBindings->handle(Object(Illuminate\\Http\\Request), Object(Closure))
#16 /var/www/beas.in/public_html/ramkrishna_dharma_chakra/vendor/laravel/framework/src/Illuminate/Foundation/Http/Middleware/VerifyCsrfToken.php(78): Illuminate\\Pipeline\\Pipeline->Illuminate\\Pipeline\\{closure}(Object(Illuminate\\Http\\Request))
#17 /var/www/beas.in/public_html/ramkrishna_dharma_chakra/vendor/laravel/framework/src/Illuminate/Pipeline/Pipeline.php(167): Illuminate\\Foundation\\Http\\Middleware\\VerifyCsrfToken->handle(Object(Illuminate\\Http\\Request), Object(Closure))
#18 /var/www/beas.in/public_html/ramkrishna_dharma_chakra/vendor/laravel/framework/src/Illuminate/View/Middleware/ShareErrorsFromSession.php(49): Illuminate\\Pipeline\\Pipeline->Illuminate\\Pipeline\\{closure}(Object(Illuminate\\Http\\Request))
#19 /var/www/beas.in/public_html/ramkrishna_dharma_chakra/vendor/laravel/framework/src/Illuminate/Pipeline/Pipeline.php(167): Illuminate\\View\\Middleware\\ShareErrorsFromSession->handle(Object(Illuminate\\Http\\Request), Object(Closure))
#20 /var/www/beas.in/public_html/ramkrishna_dharma_chakra/vendor/laravel/framework/src/Illuminate/Session/Middleware/StartSession.php(121): Illuminate\\Pipeline\\Pipeline->Illuminate\\Pipeline\\{closure}(Object(Illuminate\\Http\\Request))
#21 /var/www/beas.in/public_html/ramkrishna_dharma_chakra/vendor/laravel/framework/src/Illuminate/Session/Middleware/StartSession.php(64): Illuminate\\Session\\Middleware\\StartSession->handleStatefulRequest(Object(Illuminate\\Http\\Request), Object(Illuminate\\Session\\Store), Object(Closure))
#22 /var/www/beas.in/public_html/ramkrishna_dharma_chakra/vendor/laravel/framework/src/Illuminate/Pipeline/Pipeline.php(167): Illuminate\\Session\\Middleware\\StartSession->handle(Object(Illuminate\\Http\\Request), Object(Closure))
#23 /var/www/beas.in/public_html/ramkrishna_dharma_chakra/vendor/laravel/framework/src/Illuminate/Cookie/Middleware/AddQueuedCookiesToResponse.php(37): Illuminate\\Pipeline\\Pipeline->Illuminate\\Pipeline\\{closure}(Object(Illuminate\\Http\\Request))
#24 /var/www/beas.in/public_html/ramkrishna_dharma_chakra/vendor/laravel/framework/src/Illuminate/Pipeline/Pipeline.php(167): Illuminate\\Cookie\\Middleware\\AddQueuedCookiesToResponse->handle(Object(Illuminate\\Http\\Request), Object(Closure))
#25 /var/www/beas.in/public_html/ramkrishna_dharma_chakra/vendor/laravel/framework/src/Illuminate/Cookie/Middleware/EncryptCookies.php(67): Illuminate\\Pipeline\\Pipeline->Illuminate\\Pipeline\\{closure}(Object(Illuminate\\Http\\Request))
#26 /var/www/beas.in/public_html/ramkrishna_dharma_chakra/vendor/laravel/framework/src/Illuminate/Pipeline/Pipeline.php(167): Illuminate\\Cookie\\Middleware\\EncryptCookies->handle(Object(Illuminate\\Http\\Request), Object(Closure))
#27 /var/www/beas.in/public_html/ramkrishna_dharma_chakra/vendor/laravel/framework/src/Illuminate/Pipeline/Pipeline.php(103): Illuminate\\Pipeline\\Pipeline->Illuminate\\Pipeline\\{closure}(Object(Illuminate\\Http\\Request))
#28 /var/www/beas.in/public_html/ramkrishna_dharma_chakra/vendor/laravel/framework/src/Illuminate/Routing/Router.php(723): Illuminate\\Pipeline\\Pipeline->then(Object(Closure))
#29 /var/www/beas.in/public_html/ramkrishna_dharma_chakra/vendor/laravel/framework/src/Illuminate/Routing/Router.php(698): Illuminate\\Routing\\Router->runRouteWithinStack(Object(Illuminate\\Routing\\Route), Object(Illuminate\\Http\\Request))
#30 /var/www/beas.in/public_html/ramkrishna_dharma_chakra/vendor/laravel/framework/src/Illuminate/Routing/Router.php(662): Illuminate\\Routing\\Router->runRoute(Object(Illuminate\\Http\\Request), Object(Illuminate\\Routing\\Route))
#31 /var/www/beas.in/public_html/ramkrishna_dharma_chakra/vendor/laravel/framework/src/Illuminate/Routing/Router.php(651): Illuminate\\Routing\\Router->dispatchToRoute(Object(Illuminate\\Http\\Request))
#32 /var/www/beas.in/public_html/ramkrishna_dharma_chakra/vendor/laravel/framework/src/Illuminate/Foundation/Http/Kernel.php(167): Illuminate\\Routing\\Router->dispatch(Object(Illuminate\\Http\\Request))
#33 /var/www/beas.in/public_html/ramkrishna_dharma_chakra/vendor/laravel/framework/src/Illuminate/Pipeline/Pipeline.php(128): Illuminate\\Foundation\\Http\\Kernel->Illuminate\\Foundation\\Http\\{closure}(Object(Illuminate\\Http\\Request))
#34 /var/www/beas.in/public_html/ramkrishna_dharma_chakra/vendor/laravel/framework/src/Illuminate/Foundation/Http/Middleware/TransformsRequest.php(21): Illuminate\\Pipeline\\Pipeline->Illuminate\\Pipeline\\{closure}(Object(Illuminate\\Http\\Request))
#35 /var/www/beas.in/public_html/ramkrishna_dharma_chakra/vendor/laravel/framework/src/Illuminate/Foundation/Http/Middleware/ConvertEmptyStringsToNull.php(31): Illuminate\\Foundation\\Http\\Middleware\\TransformsRequest->handle(Object(Illuminate\\Http\\Request), Object(Closure))
#36 /var/www/beas.in/public_html/ramkrishna_dharma_chakra/vendor/laravel/framework/src/Illuminate/Pipeline/Pipeline.php(167): Illuminate\\Foundation\\Http\\Middleware\\ConvertEmptyStringsToNull->handle(Object(Illuminate\\Http\\Request), Object(Closure))
#37 /var/www/beas.in/public_html/ramkrishna_dharma_chakra/vendor/laravel/framework/src/Illuminate/Foundation/Http/Middleware/TransformsRequest.php(21): Illuminate\\Pipeline\\Pipeline->Illuminate\\Pipeline\\{closure}(Object(Illuminate\\Http\\Request))
#38 /var/www/beas.in/public_html/ramkrishna_dharma_chakra/vendor/laravel/framework/src/Illuminate/Foundation/Http/Middleware/TrimStrings.php(40): Illuminate\\Foundation\\Http\\Middleware\\TransformsRequest->handle(Object(Illuminate\\Http\\Request), Object(Closure))
#39 /var/www/beas.in/public_html/ramkrishna_dharma_chakra/vendor/laravel/framework/src/Illuminate/Pipeline/Pipeline.php(167): Illuminate\\Foundation\\Http\\Middleware\\TrimStrings->handle(Object(Illuminate\\Http\\Request), Object(Closure))
#40 /var/www/beas.in/public_html/ramkrishna_dharma_chakra/vendor/laravel/framework/src/Illuminate/Foundation/Http/Middleware/ValidatePostSize.php(27): Illuminate\\Pipeline\\Pipeline->Illuminate\\Pipeline\\{closure}(Object(Illuminate\\Http\\Request))
#41 /var/www/beas.in/public_html/ramkrishna_dharma_chakra/vendor/laravel/framework/src/Illuminate/Pipeline/Pipeline.php(167): Illuminate\\Foundation\\Http\\Middleware\\ValidatePostSize->handle(Object(Illuminate\\Http\\Request), Object(Closure))
#42 /var/www/beas.in/public_html/ramkrishna_dharma_chakra/vendor/laravel/framework/src/Illuminate/Foundation/Http/Middleware/PreventRequestsDuringMaintenance.php(86): Illuminate\\Pipeline\\Pipeline->Illuminate\\Pipeline\\{closure}(Object(Illuminate\\Http\\Request))
#43 /var/www/beas.in/public_html/ramkrishna_dharma_chakra/vendor/laravel/framework/src/Illuminate/Pipeline/Pipeline.php(167): Illuminate\\Foundation\\Http\\Middleware\\PreventRequestsDuringMaintenance->handle(Object(Illuminate\\Http\\Request), Object(Closure))
#44 /var/www/beas.in/public_html/ramkrishna_dharma_chakra/vendor/fideloper/proxy/src/TrustProxies.php(57): Illuminate\\Pipeline\\Pipeline->Illuminate\\Pipeline\\{closure}(Object(Illuminate\\Http\\Request))
#45 /var/www/beas.in/public_html/ramkrishna_dharma_chakra/vendor/laravel/framework/src/Illuminate/Pipeline/Pipeline.php(167): Fideloper\\Proxy\\TrustProxies->handle(Object(Illuminate\\Http\\Request), Object(Closure))
#46 /var/www/beas.in/public_html/ramkrishna_dharma_chakra/vendor/laravel/framework/src/Illuminate/Pipeline/Pipeline.php(103): Illuminate\\Pipeline\\Pipeline->Illuminate\\Pipeline\\{closure}(Object(Illuminate\\Http\\Request))
#47 /var/www/beas.in/public_html/ramkrishna_dharma_chakra/vendor/laravel/framework/src/Illuminate/Foundation/Http/Kernel.php(142): Illuminate\\Pipeline\\Pipeline->then(Object(Closure))
#48 /var/www/beas.in/public_html/ramkrishna_dharma_chakra/vendor/laravel/framework/src/Illuminate/Foundation/Http/Kernel.php(111): Illuminate\\Foundation\\Http\\Kernel->sendRequestThroughRouter(Object(Illuminate\\Http\\Request))
#49 /var/www/beas.in/public_html/ramkrishna_dharma_chakra/index.php(54): Illuminate\\Foundation\\Http\\Kernel->handle(Object(Illuminate\\Http\\Request))
#50 {main}
"} 
[2023-07-20 14:27:52] local.ERROR: SQLSTATE[42000]: Syntax error or access violation: 1118 Row size too large (> 8126). Changing some columns to TEXT or BLOB or using ROW_FORMAT=DYNAMIC or ROW_FORMAT=COMPRESSED may help. In current row format, BLOB prefix of 768 bytes is stored inline. (SQL: update `about` set `footer_text` = &lt;p&gt;“ নারায়ণং পদ্মভবং বশিষ্ঠ শক্তিঞ্চ তৎপুত্র পরাশরঞ্চ<br />ব্যাসং শুকং গৌর পাদং মহান্তং গোবিন্দ যোগিদ্রমথাস্য শিষ্যম্<br />শ্রী শঙ্করাচার্য্য মথাস্য পদ্মপাদঞ্চ হস্তামলকং চ শিষ্যম্।<br />তন্দ্রোটকং বার্তিককারমন্যান অস্মদ গুরুন সন্তত মাতোহস্মি।<br />শ্রুতি স্মৃতিপুরাণানামালয়ং করুণালয়ং।<br />নমামি ভগবৎপাদং শঙ্করং লোকশঙ্করম্।<br />সূত্রভাস্যকৃতৌ বন্দে ভগবন্তৌ পুনঃ পুনঃ<br />ঈশ্বরো গুরুরাত্মেতি মূর্ত্তিভেদা বিভাগিনে<br />ব্যোমবৎ ব্যাপ্ত দেহায় দক্ষিণামূর্তয়ে নমঃ। ”<br />ইতি গুরুপরম্পরা স্ত্রোত্রম্।&lt;/p&gt;, `footer_text_english` = &lt;p&gt;Narayanang Padmabhabang Vashishta Shaktinch Tatputra Parasranch Vyasang Shukong Gaur Padang Mahantang Govinda Yogadramthasya Shishyam<br /><br />Sri Shankaracharya Mathasya Padmapadancha Hastamlakang Cha Shishyam. Tandrotakong Bartikarmanana Asmad Gurun Santat Matohsmi.<br /><br />Shruti SmritiPurananamalang Karunalong. Namami Bhagavadpadong Sankarang Lokshankaram. Sutrabhasyakartau Bande Bhagwantau Re-Re<br /><br />Ishwaro Gururatmati Murtiveda Divisione Byomvata Is a deep deha in dakshinamurtay namah. ”<br /><br />Iti Guruparampra Strotram .&lt;/p&gt;, `facebook_link` = https://www.facebook.com/, `address` = <strong>শ্রী রামকৃষ্ণ ধর্ম চক্র</strong><br />২১১ এ, গিরিশ ঘোষ রোড, বেলুড়<br />পিও- বেলুড়মঠ,<br />হাওড়া -৭১১১২0২, `address_english` = Sri Ramakrishna Dharmachakra<br />211 A, Girish Ghosh Road,<br />Belur, P.O.- Belurmath,<br />Howrah -7111202, `youtube_link` = https://www.youtube.com/, `twitter_link` = ?, `instagram_link` = ?, `email` = ramkrishnadharmachakra@gmail.com, `phone_one` = +913326548075, `phone_two` = +919830043596, `phone_three` = +919804473647, `phone_one_bengali` = +৯১৩৩২৬৫৪৮0৭৫, `phone_two_bengali` = +৯১৯৮৩00৪৩৫৯৬, `phone_three_bengali` = +৯১৯৮0৪৪৭৩৬৪৭, `about`.`updated_at` = 2023-07-20 14:27:52 where `id` = 1) {"exception":"[object] (Illuminate\\Database\\QueryException(code: 42000): SQLSTATE[42000]: Syntax error or access violation: 1118 Row size too large (> 8126). Changing some columns to TEXT or BLOB or using ROW_FORMAT=DYNAMIC or ROW_FORMAT=COMPRESSED may help. In current row format, BLOB prefix of 768 bytes is stored inline. (SQL: update `about` set `footer_text` = &lt;p&gt;“ নারায়ণং পদ্মভবং বশিষ্ঠ শক্তিঞ্চ তৎপুত্র পরাশরঞ্চ<br />ব্যাসং শুকং গৌর পাদং মহান্তং গোবিন্দ যোগিদ্রমথাস্য শিষ্যম্<br />শ্রী শঙ্করাচার্য্য মথাস্য পদ্মপাদঞ্চ হস্তামলকং চ শিষ্যম্।<br />তন্দ্রোটকং বার্তিককারমন্যান অস্মদ গুরুন সন্তত মাতোহস্মি।<br />শ্রুতি স্মৃতিপুরাণানামালয়ং করুণালয়ং।<br />নমামি ভগবৎপাদং শঙ্করং লোকশঙ্করম্।<br />সূত্রভাস্যকৃতৌ বন্দে ভগবন্তৌ পুনঃ পুনঃ<br />ঈশ্বরো গুরুরাত্মেতি মূর্ত্তিভেদা বিভাগিনে<br />ব্যোমবৎ ব্যাপ্ত দেহায় দক্ষিণামূর্তয়ে নমঃ। ”<br />ইতি গুরুপরম্পরা স্ত্রোত্রম্।&lt;/p&gt;, `footer_text_english` = &lt;p&gt;Narayanang Padmabhabang Vashishta Shaktinch Tatputra Parasranch Vyasang Shukong Gaur Padang Mahantang Govinda Yogadramthasya Shishyam<br /><br />Sri Shankaracharya Mathasya Padmapadancha Hastamlakang Cha Shishyam. Tandrotakong Bartikarmanana Asmad Gurun Santat Matohsmi.<br /><br />Shruti SmritiPurananamalang Karunalong. Namami Bhagavadpadong Sankarang Lokshankaram. Sutrabhasyakartau Bande Bhagwantau Re-Re<br /><br />Ishwaro Gururatmati Murtiveda Divisione Byomvata Is a deep deha in dakshinamurtay namah. ”<br /><br />Iti Guruparampra Strotram .&lt;/p&gt;, `facebook_link` = https://www.facebook.com/, `address` = <strong>শ্রী রামকৃষ্ণ ধর্ম চক্র</strong><br />২১১ এ, গিরিশ ঘোষ রোড, বেলুড়<br />পিও- বেলুড়মঠ,<br />হাওড়া -৭১১১২0২, `address_english` = Sri Ramakrishna Dharmachakra<br />211 A, Girish Ghosh Road,<br />Belur, P.O.- Belurmath,<br />Howrah -7111202, `youtube_link` = https://www.youtube.com/, `twitter_link` = ?, `instagram_link` = ?, `email` = ramkrishnadharmachakra@gmail.com, `phone_one` = +913326548075, `phone_two` = +919830043596, `phone_three` = +919804473647, `phone_one_bengali` = +৯১৩৩২৬৫৪৮0৭৫, `phone_two_bengali` = +৯১৯৮৩00৪৩৫৯৬, `phone_three_bengali` = +৯১৯৮0৪৪৭৩৬৪৭, `about`.`updated_at` = 2023-07-20 14:27:52 where `id` = 1) at /var/www/beas.in/public_html/ramkrishna_dharma_chakra/vendor/laravel/framework/src/Illuminate/Database/Connection.php:712)
[stacktrace]
#0 /var/www/beas.in/public_html/ramkrishna_dharma_chakra/vendor/laravel/framework/src/Illuminate/Database/Connection.php(672): Illuminate\\Database\\Connection->runQueryCallback('update `about` ...', Array, Object(Closure))
#1 /var/www/beas.in/public_html/ramkrishna_dharma_chakra/vendor/laravel/framework/src/Illuminate/Database/Connection.php(533): Illuminate\\Database\\Connection->run('update `about` ...', Array, Object(Closure))
#2 /var/www/beas.in/public_html/ramkrishna_dharma_chakra/vendor/laravel/framework/src/Illuminate/Database/Connection.php(466): Illuminate\\Database\\Connection->affectingStatement('update `about` ...', Array)
#3 /var/www/beas.in/public_html/ramkrishna_dharma_chakra/vendor/laravel/framework/src/Illuminate/Database/Query/Builder.php(3063): Illuminate\\Database\\Connection->update('update `about` ...', Array)
#4 /var/www/beas.in/public_html/ramkrishna_dharma_chakra/vendor/laravel/framework/src/Illuminate/Database/Eloquent/Builder.php(921): Illuminate\\Database\\Query\\Builder->update(Array)
#5 /var/www/beas.in/public_html/ramkrishna_dharma_chakra/app/Http/Controllers/Admin/Modules/About/AboutController.php(108): Illuminate\\Database\\Eloquent\\Builder->update(Array)
#6 /var/www/beas.in/public_html/ramkrishna_dharma_chakra/vendor/laravel/framework/src/Illuminate/Routing/Controller.php(54): App\\Http\\Controllers\\Admin\\Modules\\About\\AboutController->footerUpdate(Object(Illuminate\\Http\\Request))
#7 /var/www/beas.in/public_html/ramkrishna_dharma_chakra/vendor/laravel/framework/src/Illuminate/Routing/ControllerDispatcher.php(45): Illuminate\\Routing\\Controller->callAction('footerUpdate', Array)
#8 /var/www/beas.in/public_html/ramkrishna_dharma_chakra/vendor/laravel/framework/src/Illuminate/Routing/Route.php(262): Illuminate\\Routing\\ControllerDispatcher->dispatch(Object(Illuminate\\Routing\\Route), Object(App\\Http\\Controllers\\Admin\\Modules\\About\\AboutController), 'footerUpdate')
#9 /var/www/beas.in/public_html/ramkrishna_dharma_chakra/vendor/laravel/framework/src/Illuminate/Routing/Route.php(205): Illuminate\\Routing\\Route->runController()
#10 /var/www/beas.in/public_html/ramkrishna_dharma_chakra/vendor/laravel/framework/src/Illuminate/Routing/Router.php(721): Illuminate\\Routing\\Route->run()
#11 /var/www/beas.in/public_html/ramkrishna_dharma_chakra/vendor/laravel/framework/src/Illuminate/Pipeline/Pipeline.php(128): Illuminate\\Routing\\Router->Illuminate\\Routing\\{closure}(Object(Illuminate\\Http\\Request))
#12 /var/www/beas.in/public_html/ramkrishna_dharma_chakra/vendor/laravel/framework/src/Illuminate/Routing/Middleware/SubstituteBindings.php(50): Illuminate\\Pipeline\\Pipeline->Illuminate\\Pipeline\\{closure}(Object(Illuminate\\Http\\Request))
#13 /var/www/beas.in/public_html/ramkrishna_dharma_chakra/vendor/laravel/framework/src/Illuminate/Pipeline/Pipeline.php(167): Illuminate\\Routing\\Middleware\\SubstituteBindings->handle(Object(Illuminate\\Http\\Request), Object(Closure))
#14 /var/www/beas.in/public_html/ramkrishna_dharma_chakra/vendor/laravel/framework/src/Illuminate/Foundation/Http/Middleware/VerifyCsrfToken.php(78): Illuminate\\Pipeline\\Pipeline->Illuminate\\Pipeline\\{closure}(Object(Illuminate\\Http\\Request))
#15 /var/www/beas.in/public_html/ramkrishna_dharma_chakra/vendor/laravel/framework/src/Illuminate/Pipeline/Pipeline.php(167): Illuminate\\Foundation\\Http\\Middleware\\VerifyCsrfToken->handle(Object(Illuminate\\Http\\Request), Object(Closure))
#16 /var/www/beas.in/public_html/ramkrishna_dharma_chakra/vendor/laravel/framework/src/Illuminate/View/Middleware/ShareErrorsFromSession.php(49): Illuminate\\Pipeline\\Pipeline->Illuminate\\Pipeline\\{closure}(Object(Illuminate\\Http\\Request))
#17 /var/www/beas.in/public_html/ramkrishna_dharma_chakra/vendor/laravel/framework/src/Illuminate/Pipeline/Pipeline.php(167): Illuminate\\View\\Middleware\\ShareErrorsFromSession->handle(Object(Illuminate\\Http\\Request), Object(Closure))
#18 /var/www/beas.in/public_html/ramkrishna_dharma_chakra/vendor/laravel/framework/src/Illuminate/Session/Middleware/StartSession.php(121): Illuminate\\Pipeline\\Pipeline->Illuminate\\Pipeline\\{closure}(Object(Illuminate\\Http\\Request))
#19 /var/www/beas.in/public_html/ramkrishna_dharma_chakra/vendor/laravel/framework/src/Illuminate/Session/Middleware/StartSession.php(64): Illuminate\\Session\\Middleware\\StartSession->handleStatefulRequest(Object(Illuminate\\Http\\Request), Object(Illuminate\\Session\\Store), Object(Closure))
#20 /var/www/beas.in/public_html/ramkrishna_dharma_chakra/vendor/laravel/framework/src/Illuminate/Pipeline/Pipeline.php(167): Illuminate\\Session\\Middleware\\StartSession->handle(Object(Illuminate\\Http\\Request), Object(Closure))
#21 /var/www/beas.in/public_html/ramkrishna_dharma_chakra/vendor/laravel/framework/src/Illuminate/Cookie/Middleware/AddQueuedCookiesToResponse.php(37): Illuminate\\Pipeline\\Pipeline->Illuminate\\Pipeline\\{closure}(Object(Illuminate\\Http\\Request))
#22 /var/www/beas.in/public_html/ramkrishna_dharma_chakra/vendor/laravel/framework/src/Illuminate/Pipeline/Pipeline.php(167): Illuminate\\Cookie\\Middleware\\AddQueuedCookiesToResponse->handle(Object(Illuminate\\Http\\Request), Object(Closure))
#23 /var/www/beas.in/public_html/ramkrishna_dharma_chakra/vendor/laravel/framework/src/Illuminate/Cookie/Middleware/EncryptCookies.php(67): Illuminate\\Pipeline\\Pipeline->Illuminate\\Pipeline\\{closure}(Object(Illuminate\\Http\\Request))
#24 /var/www/beas.in/public_html/ramkrishna_dharma_chakra/vendor/laravel/framework/src/Illuminate/Pipeline/Pipeline.php(167): Illuminate\\Cookie\\Middleware\\EncryptCookies->handle(Object(Illuminate\\Http\\Request), Object(Closure))
#25 /var/www/beas.in/public_html/ramkrishna_dharma_chakra/vendor/laravel/framework/src/Illuminate/Pipeline/Pipeline.php(103): Illuminate\\Pipeline\\Pipeline->Illuminate\\Pipeline\\{closure}(Object(Illuminate\\Http\\Request))
#26 /var/www/beas.in/public_html/ramkrishna_dharma_chakra/vendor/laravel/framework/src/Illuminate/Routing/Router.php(723): Illuminate\\Pipeline\\Pipeline->then(Object(Closure))
#27 /var/www/beas.in/public_html/ramkrishna_dharma_chakra/vendor/laravel/framework/src/Illuminate/Routing/Router.php(698): Illuminate\\Routing\\Router->runRouteWithinStack(Object(Illuminate\\Routing\\Route), Object(Illuminate\\Http\\Request))
#28 /var/www/beas.in/public_html/ramkrishna_dharma_chakra/vendor/laravel/framework/src/Illuminate/Routing/Router.php(662): Illuminate\\Routing\\Router->runRoute(Object(Illuminate\\Http\\Request), Object(Illuminate\\Routing\\Route))
#29 /var/www/beas.in/public_html/ramkrishna_dharma_chakra/vendor/laravel/framework/src/Illuminate/Routing/Router.php(651): Illuminate\\Routing\\Router->dispatchToRoute(Object(Illuminate\\Http\\Request))
#30 /var/www/beas.in/public_html/ramkrishna_dharma_chakra/vendor/laravel/framework/src/Illuminate/Foundation/Http/Kernel.php(167): Illuminate\\Routing\\Router->dispatch(Object(Illuminate\\Http\\Request))
#31 /var/www/beas.in/public_html/ramkrishna_dharma_chakra/vendor/laravel/framework/src/Illuminate/Pipeline/Pipeline.php(128): Illuminate\\Foundation\\Http\\Kernel->Illuminate\\Foundation\\Http\\{closure}(Object(Illuminate\\Http\\Request))
#32 /var/www/beas.in/public_html/ramkrishna_dharma_chakra/vendor/laravel/framework/src/Illuminate/Foundation/Http/Middleware/TransformsRequest.php(21): Illuminate\\Pipeline\\Pipeline->Illuminate\\Pipeline\\{closure}(Object(Illuminate\\Http\\Request))
#33 /var/www/beas.in/public_html/ramkrishna_dharma_chakra/vendor/laravel/framework/src/Illuminate/Foundation/Http/Middleware/ConvertEmptyStringsToNull.php(31): Illuminate\\Foundation\\Http\\Middleware\\TransformsRequest->handle(Object(Illuminate\\Http\\Request), Object(Closure))
#34 /var/www/beas.in/public_html/ramkrishna_dharma_chakra/vendor/laravel/framework/src/Illuminate/Pipeline/Pipeline.php(167): Illuminate\\Foundation\\Http\\Middleware\\ConvertEmptyStringsToNull->handle(Object(Illuminate\\Http\\Request), Object(Closure))
#35 /var/www/beas.in/public_html/ramkrishna_dharma_chakra/vendor/laravel/framework/src/Illuminate/Foundation/Http/Middleware/TransformsRequest.php(21): Illuminate\\Pipeline\\Pipeline->Illuminate\\Pipeline\\{closure}(Object(Illuminate\\Http\\Request))
#36 /var/www/beas.in/public_html/ramkrishna_dharma_chakra/vendor/laravel/framework/src/Illuminate/Foundation/Http/Middleware/TrimStrings.php(40): Illuminate\\Foundation\\Http\\Middleware\\TransformsRequest->handle(Object(Illuminate\\Http\\Request), Object(Closure))
#37 /var/www/beas.in/public_html/ramkrishna_dharma_chakra/vendor/laravel/framework/src/Illuminate/Pipeline/Pipeline.php(167): Illuminate\\Foundation\\Http\\Middleware\\TrimStrings->handle(Object(Illuminate\\Http\\Request), Object(Closure))
#38 /var/www/beas.in/public_html/ramkrishna_dharma_chakra/vendor/laravel/framework/src/Illuminate/Foundation/Http/Middleware/ValidatePostSize.php(27): Illuminate\\Pipeline\\Pipeline->Illuminate\\Pipeline\\{closure}(Object(Illuminate\\Http\\Request))
#39 /var/www/beas.in/public_html/ramkrishna_dharma_chakra/vendor/laravel/framework/src/Illuminate/Pipeline/Pipeline.php(167): Illuminate\\Foundation\\Http\\Middleware\\ValidatePostSize->handle(Object(Illuminate\\Http\\Request), Object(Closure))
#40 /var/www/beas.in/public_html/ramkrishna_dharma_chakra/vendor/laravel/framework/src/Illuminate/Foundation/Http/Middleware/PreventRequestsDuringMaintenance.php(86): Illuminate\\Pipeline\\Pipeline->Illuminate\\Pipeline\\{closure}(Object(Illuminate\\Http\\Request))
#41 /var/www/beas.in/public_html/ramkrishna_dharma_chakra/vendor/laravel/framework/src/Illuminate/Pipeline/Pipeline.php(167): Illuminate\\Foundation\\Http\\Middleware\\PreventRequestsDuringMaintenance->handle(Object(Illuminate\\Http\\Request), Object(Closure))
#42 /var/www/beas.in/public_html/ramkrishna_dharma_chakra/vendor/fideloper/proxy/src/TrustProxies.php(57): Illuminate\\Pipeline\\Pipeline->Illuminate\\Pipeline\\{closure}(Object(Illuminate\\Http\\Request))
#43 /var/www/beas.in/public_html/ramkrishna_dharma_chakra/vendor/laravel/framework/src/Illuminate/Pipeline/Pipeline.php(167): Fideloper\\Proxy\\TrustProxies->handle(Object(Illuminate\\Http\\Request), Object(Closure))
#44 /var/www/beas.in/public_html/ramkrishna_dharma_chakra/vendor/laravel/framework/src/Illuminate/Pipeline/Pipeline.php(103): Illuminate\\Pipeline\\Pipeline->Illuminate\\Pipeline\\{closure}(Object(Illuminate\\Http\\Request))
#45 /var/www/beas.in/public_html/ramkrishna_dharma_chakra/vendor/laravel/framework/src/Illuminate/Foundation/Http/Kernel.php(142): Illuminate\\Pipeline\\Pipeline->then(Object(Closure))
#46 /var/www/beas.in/public_html/ramkrishna_dharma_chakra/vendor/laravel/framework/src/Illuminate/Foundation/Http/Kernel.php(111): Illuminate\\Foundation\\Http\\Kernel->sendRequestThroughRouter(Object(Illuminate\\Http\\Request))
#47 /var/www/beas.in/public_html/ramkrishna_dharma_chakra/index.php(54): Illuminate\\Foundation\\Http\\Kernel->handle(Object(Illuminate\\Http\\Request))
#48 {main}

[previous exception] [object] (PDOException(code: 42000): SQLSTATE[42000]: Syntax error or access violation: 1118 Row size too large (> 8126). Changing some columns to TEXT or BLOB or using ROW_FORMAT=DYNAMIC or ROW_FORMAT=COMPRESSED may help. In current row format, BLOB prefix of 768 bytes is stored inline. at /var/www/beas.in/public_html/ramkrishna_dharma_chakra/vendor/laravel/framework/src/Illuminate/Database/Connection.php:526)
[stacktrace]
#0 /var/www/beas.in/public_html/ramkrishna_dharma_chakra/vendor/laravel/framework/src/Illuminate/Database/Connection.php(526): PDOStatement->execute()
#1 /var/www/beas.in/public_html/ramkrishna_dharma_chakra/vendor/laravel/framework/src/Illuminate/Database/Connection.php(705): Illuminate\\Database\\Connection->Illuminate\\Database\\{closure}('update `about` ...', Array)
#2 /var/www/beas.in/public_html/ramkrishna_dharma_chakra/vendor/laravel/framework/src/Illuminate/Database/Connection.php(672): Illuminate\\Database\\Connection->runQueryCallback('update `about` ...', Array, Object(Closure))
#3 /var/www/beas.in/public_html/ramkrishna_dharma_chakra/vendor/laravel/framework/src/Illuminate/Database/Connection.php(533): Illuminate\\Database\\Connection->run('update `about` ...', Array, Object(Closure))
#4 /var/www/beas.in/public_html/ramkrishna_dharma_chakra/vendor/laravel/framework/src/Illuminate/Database/Connection.php(466): Illuminate\\Database\\Connection->affectingStatement('update `about` ...', Array)
#5 /var/www/beas.in/public_html/ramkrishna_dharma_chakra/vendor/laravel/framework/src/Illuminate/Database/Query/Builder.php(3063): Illuminate\\Database\\Connection->update('update `about` ...', Array)
#6 /var/www/beas.in/public_html/ramkrishna_dharma_chakra/vendor/laravel/framework/src/Illuminate/Database/Eloquent/Builder.php(921): Illuminate\\Database\\Query\\Builder->update(Array)
#7 /var/www/beas.in/public_html/ramkrishna_dharma_chakra/app/Http/Controllers/Admin/Modules/About/AboutController.php(108): Illuminate\\Database\\Eloquent\\Builder->update(Array)
#8 /var/www/beas.in/public_html/ramkrishna_dharma_chakra/vendor/laravel/framework/src/Illuminate/Routing/Controller.php(54): App\\Http\\Controllers\\Admin\\Modules\\About\\AboutController->footerUpdate(Object(Illuminate\\Http\\Request))
#9 /var/www/beas.in/public_html/ramkrishna_dharma_chakra/vendor/laravel/framework/src/Illuminate/Routing/ControllerDispatcher.php(45): Illuminate\\Routing\\Controller->callAction('footerUpdate', Array)
#10 /var/www/beas.in/public_html/ramkrishna_dharma_chakra/vendor/laravel/framework/src/Illuminate/Routing/Route.php(262): Illuminate\\Routing\\ControllerDispatcher->dispatch(Object(Illuminate\\Routing\\Route), Object(App\\Http\\Controllers\\Admin\\Modules\\About\\AboutController), 'footerUpdate')
#11 /var/www/beas.in/public_html/ramkrishna_dharma_chakra/vendor/laravel/framework/src/Illuminate/Routing/Route.php(205): Illuminate\\Routing\\Route->runController()
#12 /var/www/beas.in/public_html/ramkrishna_dharma_chakra/vendor/laravel/framework/src/Illuminate/Routing/Router.php(721): Illuminate\\Routing\\Route->run()
#13 /var/www/beas.in/public_html/ramkrishna_dharma_chakra/vendor/laravel/framework/src/Illuminate/Pipeline/Pipeline.php(128): Illuminate\\Routing\\Router->Illuminate\\Routing\\{closure}(Object(Illuminate\\Http\\Request))
#14 /var/www/beas.in/public_html/ramkrishna_dharma_chakra/vendor/laravel/framework/src/Illuminate/Routing/Middleware/SubstituteBindings.php(50): Illuminate\\Pipeline\\Pipeline->Illuminate\\Pipeline\\{closure}(Object(Illuminate\\Http\\Request))
#15 /var/www/beas.in/public_html/ramkrishna_dharma_chakra/vendor/laravel/framework/src/Illuminate/Pipeline/Pipeline.php(167): Illuminate\\Routing\\Middleware\\SubstituteBindings->handle(Object(Illuminate\\Http\\Request), Object(Closure))
#16 /var/www/beas.in/public_html/ramkrishna_dharma_chakra/vendor/laravel/framework/src/Illuminate/Foundation/Http/Middleware/VerifyCsrfToken.php(78): Illuminate\\Pipeline\\Pipeline->Illuminate\\Pipeline\\{closure}(Object(Illuminate\\Http\\Request))
#17 /var/www/beas.in/public_html/ramkrishna_dharma_chakra/vendor/laravel/framework/src/Illuminate/Pipeline/Pipeline.php(167): Illuminate\\Foundation\\Http\\Middleware\\VerifyCsrfToken->handle(Object(Illuminate\\Http\\Request), Object(Closure))
#18 /var/www/beas.in/public_html/ramkrishna_dharma_chakra/vendor/laravel/framework/src/Illuminate/View/Middleware/ShareErrorsFromSession.php(49): Illuminate\\Pipeline\\Pipeline->Illuminate\\Pipeline\\{closure}(Object(Illuminate\\Http\\Request))
#19 /var/www/beas.in/public_html/ramkrishna_dharma_chakra/vendor/laravel/framework/src/Illuminate/Pipeline/Pipeline.php(167): Illuminate\\View\\Middleware\\ShareErrorsFromSession->handle(Object(Illuminate\\Http\\Request), Object(Closure))
#20 /var/www/beas.in/public_html/ramkrishna_dharma_chakra/vendor/laravel/framework/src/Illuminate/Session/Middleware/StartSession.php(121): Illuminate\\Pipeline\\Pipeline->Illuminate\\Pipeline\\{closure}(Object(Illuminate\\Http\\Request))
#21 /var/www/beas.in/public_html/ramkrishna_dharma_chakra/vendor/laravel/framework/src/Illuminate/Session/Middleware/StartSession.php(64): Illuminate\\Session\\Middleware\\StartSession->handleStatefulRequest(Object(Illuminate\\Http\\Request), Object(Illuminate\\Session\\Store), Object(Closure))
#22 /var/www/beas.in/public_html/ramkrishna_dharma_chakra/vendor/laravel/framework/src/Illuminate/Pipeline/Pipeline.php(167): Illuminate\\Session\\Middleware\\StartSession->handle(Object(Illuminate\\Http\\Request), Object(Closure))
#23 /var/www/beas.in/public_html/ramkrishna_dharma_chakra/vendor/laravel/framework/src/Illuminate/Cookie/Middleware/AddQueuedCookiesToResponse.php(37): Illuminate\\Pipeline\\Pipeline->Illuminate\\Pipeline\\{closure}(Object(Illuminate\\Http\\Request))
#24 /var/www/beas.in/public_html/ramkrishna_dharma_chakra/vendor/laravel/framework/src/Illuminate/Pipeline/Pipeline.php(167): Illuminate\\Cookie\\Middleware\\AddQueuedCookiesToResponse->handle(Object(Illuminate\\Http\\Request), Object(Closure))
#25 /var/www/beas.in/public_html/ramkrishna_dharma_chakra/vendor/laravel/framework/src/Illuminate/Cookie/Middleware/EncryptCookies.php(67): Illuminate\\Pipeline\\Pipeline->Illuminate\\Pipeline\\{closure}(Object(Illuminate\\Http\\Request))
#26 /var/www/beas.in/public_html/ramkrishna_dharma_chakra/vendor/laravel/framework/src/Illuminate/Pipeline/Pipeline.php(167): Illuminate\\Cookie\\Middleware\\EncryptCookies->handle(Object(Illuminate\\Http\\Request), Object(Closure))
#27 /var/www/beas.in/public_html/ramkrishna_dharma_chakra/vendor/laravel/framework/src/Illuminate/Pipeline/Pipeline.php(103): Illuminate\\Pipeline\\Pipeline->Illuminate\\Pipeline\\{closure}(Object(Illuminate\\Http\\Request))
#28 /var/www/beas.in/public_html/ramkrishna_dharma_chakra/vendor/laravel/framework/src/Illuminate/Routing/Router.php(723): Illuminate\\Pipeline\\Pipeline->then(Object(Closure))
#29 /var/www/beas.in/public_html/ramkrishna_dharma_chakra/vendor/laravel/framework/src/Illuminate/Routing/Router.php(698): Illuminate\\Routing\\Router->runRouteWithinStack(Object(Illuminate\\Routing\\Route), Object(Illuminate\\Http\\Request))
#30 /var/www/beas.in/public_html/ramkrishna_dharma_chakra/vendor/laravel/framework/src/Illuminate/Routing/Router.php(662): Illuminate\\Routing\\Router->runRoute(Object(Illuminate\\Http\\Request), Object(Illuminate\\Routing\\Route))
#31 /var/www/beas.in/public_html/ramkrishna_dharma_chakra/vendor/laravel/framework/src/Illuminate/Routing/Router.php(651): Illuminate\\Routing\\Router->dispatchToRoute(Object(Illuminate\\Http\\Request))
#32 /var/www/beas.in/public_html/ramkrishna_dharma_chakra/vendor/laravel/framework/src/Illuminate/Foundation/Http/Kernel.php(167): Illuminate\\Routing\\Router->dispatch(Object(Illuminate\\Http\\Request))
#33 /var/www/beas.in/public_html/ramkrishna_dharma_chakra/vendor/laravel/framework/src/Illuminate/Pipeline/Pipeline.php(128): Illuminate\\Foundation\\Http\\Kernel->Illuminate\\Foundation\\Http\\{closure}(Object(Illuminate\\Http\\Request))
#34 /var/www/beas.in/public_html/ramkrishna_dharma_chakra/vendor/laravel/framework/src/Illuminate/Foundation/Http/Middleware/TransformsRequest.php(21): Illuminate\\Pipeline\\Pipeline->Illuminate\\Pipeline\\{closure}(Object(Illuminate\\Http\\Request))
#35 /var/www/beas.in/public_html/ramkrishna_dharma_chakra/vendor/laravel/framework/src/Illuminate/Foundation/Http/Middleware/ConvertEmptyStringsToNull.php(31): Illuminate\\Foundation\\Http\\Middleware\\TransformsRequest->handle(Object(Illuminate\\Http\\Request), Object(Closure))
#36 /var/www/beas.in/public_html/ramkrishna_dharma_chakra/vendor/laravel/framework/src/Illuminate/Pipeline/Pipeline.php(167): Illuminate\\Foundation\\Http\\Middleware\\ConvertEmptyStringsToNull->handle(Object(Illuminate\\Http\\Request), Object(Closure))
#37 /var/www/beas.in/public_html/ramkrishna_dharma_chakra/vendor/laravel/framework/src/Illuminate/Foundation/Http/Middleware/TransformsRequest.php(21): Illuminate\\Pipeline\\Pipeline->Illuminate\\Pipeline\\{closure}(Object(Illuminate\\Http\\Request))
#38 /var/www/beas.in/public_html/ramkrishna_dharma_chakra/vendor/laravel/framework/src/Illuminate/Foundation/Http/Middleware/TrimStrings.php(40): Illuminate\\Foundation\\Http\\Middleware\\TransformsRequest->handle(Object(Illuminate\\Http\\Request), Object(Closure))
#39 /var/www/beas.in/public_html/ramkrishna_dharma_chakra/vendor/laravel/framework/src/Illuminate/Pipeline/Pipeline.php(167): Illuminate\\Foundation\\Http\\Middleware\\TrimStrings->handle(Object(Illuminate\\Http\\Request), Object(Closure))
#40 /var/www/beas.in/public_html/ramkrishna_dharma_chakra/vendor/laravel/framework/src/Illuminate/Foundation/Http/Middleware/ValidatePostSize.php(27): Illuminate\\Pipeline\\Pipeline->Illuminate\\Pipeline\\{closure}(Object(Illuminate\\Http\\Request))
#41 /var/www/beas.in/public_html/ramkrishna_dharma_chakra/vendor/laravel/framework/src/Illuminate/Pipeline/Pipeline.php(167): Illuminate\\Foundation\\Http\\Middleware\\ValidatePostSize->handle(Object(Illuminate\\Http\\Request), Object(Closure))
#42 /var/www/beas.in/public_html/ramkrishna_dharma_chakra/vendor/laravel/framework/src/Illuminate/Foundation/Http/Middleware/PreventRequestsDuringMaintenance.php(86): Illuminate\\Pipeline\\Pipeline->Illuminate\\Pipeline\\{closure}(Object(Illuminate\\Http\\Request))
#43 /var/www/beas.in/public_html/ramkrishna_dharma_chakra/vendor/laravel/framework/src/Illuminate/Pipeline/Pipeline.php(167): Illuminate\\Foundation\\Http\\Middleware\\PreventRequestsDuringMaintenance->handle(Object(Illuminate\\Http\\Request), Object(Closure))
#44 /var/www/beas.in/public_html/ramkrishna_dharma_chakra/vendor/fideloper/proxy/src/TrustProxies.php(57): Illuminate\\Pipeline\\Pipeline->Illuminate\\Pipeline\\{closure}(Object(Illuminate\\Http\\Request))
#45 /var/www/beas.in/public_html/ramkrishna_dharma_chakra/vendor/laravel/framework/src/Illuminate/Pipeline/Pipeline.php(167): Fideloper\\Proxy\\TrustProxies->handle(Object(Illuminate\\Http\\Request), Object(Closure))
#46 /var/www/beas.in/public_html/ramkrishna_dharma_chakra/vendor/laravel/framework/src/Illuminate/Pipeline/Pipeline.php(103): Illuminate\\Pipeline\\Pipeline->Illuminate\\Pipeline\\{closure}(Object(Illuminate\\Http\\Request))
#47 /var/www/beas.in/public_html/ramkrishna_dharma_chakra/vendor/laravel/framework/src/Illuminate/Foundation/Http/Kernel.php(142): Illuminate\\Pipeline\\Pipeline->then(Object(Closure))
#48 /var/www/beas.in/public_html/ramkrishna_dharma_chakra/vendor/laravel/framework/src/Illuminate/Foundation/Http/Kernel.php(111): Illuminate\\Foundation\\Http\\Kernel->sendRequestThroughRouter(Object(Illuminate\\Http\\Request))
#49 /var/www/beas.in/public_html/ramkrishna_dharma_chakra/index.php(54): Illuminate\\Foundation\\Http\\Kernel->handle(Object(Illuminate\\Http\\Request))
#50 {main}
"} 
[2023-07-20 14:28:04] local.ERROR: SQLSTATE[42000]: Syntax error or access violation: 1118 Row size too large (> 8126). Changing some columns to TEXT or BLOB or using ROW_FORMAT=DYNAMIC or ROW_FORMAT=COMPRESSED may help. In current row format, BLOB prefix of 768 bytes is stored inline. (SQL: update `about` set `footer_text` = &lt;p&gt;“ নারায়ণং পদ্মভবং বশিষ্ঠ শক্তিঞ্চ তৎপুত্র পরাশরঞ্চ<br />ব্যাসং শুকং গৌর পাদং মহান্তং গোবিন্দ যোগিদ্রমথাস্য শিষ্যম্<br />শ্রী শঙ্করাচার্য্য মথাস্য পদ্মপাদঞ্চ হস্তামলকং চ শিষ্যম্।<br />তন্দ্রোটকং বার্তিককারমন্যান অস্মদ গুরুন সন্তত মাতোহস্মি।<br />শ্রুতি স্মৃতিপুরাণানামালয়ং করুণালয়ং।<br />নমামি ভগবৎপাদং শঙ্করং লোকশঙ্করম্।<br />সূত্রভাস্যকৃতৌ বন্দে ভগবন্তৌ পুনঃ পুনঃ<br />ঈশ্বরো গুরুরাত্মেতি মূর্ত্তিভেদা বিভাগিনে<br />ব্যোমবৎ ব্যাপ্ত দেহায় দক্ষিণামূর্তয়ে নমঃ। ”<br />ইতি গুরুপরম্পরা স্ত্রোত্রম্।&lt;/p&gt;, `footer_text_english` = &lt;p&gt;Narayanang Padmabhabang Vashishta Shaktinch Tatputra Parasranch Vyasang Shukong Gaur Padang Mahantang Govinda Yogadramthasya Shishyam<br /><br />Sri Shankaracharya Mathasya Padmapadancha Hastamlakang Cha Shishyam. Tandrotakong Bartikarmanana Asmad Gurun Santat Matohsmi.<br /><br />Shruti SmritiPurananamalang Karunalong. Namami Bhagavadpadong Sankarang Lokshankaram. Sutrabhasyakartau Bande Bhagwantau Re-Re<br /><br />Ishwaro Gururatmati Murtiveda Divisione Byomvata Is a deep deha in dakshinamurtay namah. ”<br /><br />Iti Guruparampra Strotram .&lt;/p&gt;, `facebook_link` = https://www.facebook.com/, `address` = <strong>শ্রী রামকৃষ্ণ ধর্ম চক্র</strong><br />২১১ এ, গিরিশ ঘোষ রোড, বেলুড়<br />পিও- বেলুড়মঠ,<br />হাওড়া -৭১১১২0২, `address_english` = Sri Ramakrishna Dharmachakra<br />211 A, Girish Ghosh Road,<br />Belur, P.O.- Belurmath,<br />Howrah -7111202, `youtube_link` = https://www.youtube.com/, `twitter_link` = ?, `instagram_link` = ?, `email` = ramkrishnadharmachakra@gmail.com, `phone_one` = +913326548075, `phone_two` = +919830043596, `phone_three` = +919804473647, `phone_one_bengali` = +৯১৩৩২৬৫৪৮0৭৫, `phone_two_bengali` = +৯১৯৮৩00৪৩৫৯৬, `phone_three_bengali` = +৯১৯৮0৪৪৭৩৬৪৭, `about`.`updated_at` = 2023-07-20 14:28:04 where `id` = 1) {"exception":"[object] (Illuminate\\Database\\QueryException(code: 42000): SQLSTATE[42000]: Syntax error or access violation: 1118 Row size too large (> 8126). Changing some columns to TEXT or BLOB or using ROW_FORMAT=DYNAMIC or ROW_FORMAT=COMPRESSED may help. In current row format, BLOB prefix of 768 bytes is stored inline. (SQL: update `about` set `footer_text` = &lt;p&gt;“ নারায়ণং পদ্মভবং বশিষ্ঠ শক্তিঞ্চ তৎপুত্র পরাশরঞ্চ<br />ব্যাসং শুকং গৌর পাদং মহান্তং গোবিন্দ যোগিদ্রমথাস্য শিষ্যম্<br />শ্রী শঙ্করাচার্য্য মথাস্য পদ্মপাদঞ্চ হস্তামলকং চ শিষ্যম্।<br />তন্দ্রোটকং বার্তিককারমন্যান অস্মদ গুরুন সন্তত মাতোহস্মি।<br />শ্রুতি স্মৃতিপুরাণানামালয়ং করুণালয়ং।<br />নমামি ভগবৎপাদং শঙ্করং লোকশঙ্করম্।<br />সূত্রভাস্যকৃতৌ বন্দে ভগবন্তৌ পুনঃ পুনঃ<br />ঈশ্বরো গুরুরাত্মেতি মূর্ত্তিভেদা বিভাগিনে<br />ব্যোমবৎ ব্যাপ্ত দেহায় দক্ষিণামূর্তয়ে নমঃ। ”<br />ইতি গুরুপরম্পরা স্ত্রোত্রম্।&lt;/p&gt;, `footer_text_english` = &lt;p&gt;Narayanang Padmabhabang Vashishta Shaktinch Tatputra Parasranch Vyasang Shukong Gaur Padang Mahantang Govinda Yogadramthasya Shishyam<br /><br />Sri Shankaracharya Mathasya Padmapadancha Hastamlakang Cha Shishyam. Tandrotakong Bartikarmanana Asmad Gurun Santat Matohsmi.<br /><br />Shruti SmritiPurananamalang Karunalong. Namami Bhagavadpadong Sankarang Lokshankaram. Sutrabhasyakartau Bande Bhagwantau Re-Re<br /><br />Ishwaro Gururatmati Murtiveda Divisione Byomvata Is a deep deha in dakshinamurtay namah. ”<br /><br />Iti Guruparampra Strotram .&lt;/p&gt;, `facebook_link` = https://www.facebook.com/, `address` = <strong>শ্রী রামকৃষ্ণ ধর্ম চক্র</strong><br />২১১ এ, গিরিশ ঘোষ রোড, বেলুড়<br />পিও- বেলুড়মঠ,<br />হাওড়া -৭১১১২0২, `address_english` = Sri Ramakrishna Dharmachakra<br />211 A, Girish Ghosh Road,<br />Belur, P.O.- Belurmath,<br />Howrah -7111202, `youtube_link` = https://www.youtube.com/, `twitter_link` = ?, `instagram_link` = ?, `email` = ramkrishnadharmachakra@gmail.com, `phone_one` = +913326548075, `phone_two` = +919830043596, `phone_three` = +919804473647, `phone_one_bengali` = +৯১৩৩২৬৫৪৮0৭৫, `phone_two_bengali` = +৯১৯৮৩00৪৩৫৯৬, `phone_three_bengali` = +৯১৯৮0৪৪৭৩৬৪৭, `about`.`updated_at` = 2023-07-20 14:28:04 where `id` = 1) at /var/www/beas.in/public_html/ramkrishna_dharma_chakra/vendor/laravel/framework/src/Illuminate/Database/Connection.php:712)
[stacktrace]
#0 /var/www/beas.in/public_html/ramkrishna_dharma_chakra/vendor/laravel/framework/src/Illuminate/Database/Connection.php(672): Illuminate\\Database\\Connection->runQueryCallback('update `about` ...', Array, Object(Closure))
#1 /var/www/beas.in/public_html/ramkrishna_dharma_chakra/vendor/laravel/framework/src/Illuminate/Database/Connection.php(533): Illuminate\\Database\\Connection->run('update `about` ...', Array, Object(Closure))
#2 /var/www/beas.in/public_html/ramkrishna_dharma_chakra/vendor/laravel/framework/src/Illuminate/Database/Connection.php(466): Illuminate\\Database\\Connection->affectingStatement('update `about` ...', Array)
#3 /var/www/beas.in/public_html/ramkrishna_dharma_chakra/vendor/laravel/framework/src/Illuminate/Database/Query/Builder.php(3063): Illuminate\\Database\\Connection->update('update `about` ...', Array)
#4 /var/www/beas.in/public_html/ramkrishna_dharma_chakra/vendor/laravel/framework/src/Illuminate/Database/Eloquent/Builder.php(921): Illuminate\\Database\\Query\\Builder->update(Array)
#5 /var/www/beas.in/public_html/ramkrishna_dharma_chakra/app/Http/Controllers/Admin/Modules/About/AboutController.php(108): Illuminate\\Database\\Eloquent\\Builder->update(Array)
#6 /var/www/beas.in/public_html/ramkrishna_dharma_chakra/vendor/laravel/framework/src/Illuminate/Routing/Controller.php(54): App\\Http\\Controllers\\Admin\\Modules\\About\\AboutController->footerUpdate(Object(Illuminate\\Http\\Request))
#7 /var/www/beas.in/public_html/ramkrishna_dharma_chakra/vendor/laravel/framework/src/Illuminate/Routing/ControllerDispatcher.php(45): Illuminate\\Routing\\Controller->callAction('footerUpdate', Array)
#8 /var/www/beas.in/public_html/ramkrishna_dharma_chakra/vendor/laravel/framework/src/Illuminate/Routing/Route.php(262): Illuminate\\Routing\\ControllerDispatcher->dispatch(Object(Illuminate\\Routing\\Route), Object(App\\Http\\Controllers\\Admin\\Modules\\About\\AboutController), 'footerUpdate')
#9 /var/www/beas.in/public_html/ramkrishna_dharma_chakra/vendor/laravel/framework/src/Illuminate/Routing/Route.php(205): Illuminate\\Routing\\Route->runController()
#10 /var/www/beas.in/public_html/ramkrishna_dharma_chakra/vendor/laravel/framework/src/Illuminate/Routing/Router.php(721): Illuminate\\Routing\\Route->run()
#11 /var/www/beas.in/public_html/ramkrishna_dharma_chakra/vendor/laravel/framework/src/Illuminate/Pipeline/Pipeline.php(128): Illuminate\\Routing\\Router->Illuminate\\Routing\\{closure}(Object(Illuminate\\Http\\Request))
#12 /var/www/beas.in/public_html/ramkrishna_dharma_chakra/vendor/laravel/framework/src/Illuminate/Routing/Middleware/SubstituteBindings.php(50): Illuminate\\Pipeline\\Pipeline->Illuminate\\Pipeline\\{closure}(Object(Illuminate\\Http\\Request))
#13 /var/www/beas.in/public_html/ramkrishna_dharma_chakra/vendor/laravel/framework/src/Illuminate/Pipeline/Pipeline.php(167): Illuminate\\Routing\\Middleware\\SubstituteBindings->handle(Object(Illuminate\\Http\\Request), Object(Closure))
#14 /var/www/beas.in/public_html/ramkrishna_dharma_chakra/vendor/laravel/framework/src/Illuminate/Foundation/Http/Middleware/VerifyCsrfToken.php(78): Illuminate\\Pipeline\\Pipeline->Illuminate\\Pipeline\\{closure}(Object(Illuminate\\Http\\Request))
#15 /var/www/beas.in/public_html/ramkrishna_dharma_chakra/vendor/laravel/framework/src/Illuminate/Pipeline/Pipeline.php(167): Illuminate\\Foundation\\Http\\Middleware\\VerifyCsrfToken->handle(Object(Illuminate\\Http\\Request), Object(Closure))
#16 /var/www/beas.in/public_html/ramkrishna_dharma_chakra/vendor/laravel/framework/src/Illuminate/View/Middleware/ShareErrorsFromSession.php(49): Illuminate\\Pipeline\\Pipeline->Illuminate\\Pipeline\\{closure}(Object(Illuminate\\Http\\Request))
#17 /var/www/beas.in/public_html/ramkrishna_dharma_chakra/vendor/laravel/framework/src/Illuminate/Pipeline/Pipeline.php(167): Illuminate\\View\\Middleware\\ShareErrorsFromSession->handle(Object(Illuminate\\Http\\Request), Object(Closure))
#18 /var/www/beas.in/public_html/ramkrishna_dharma_chakra/vendor/laravel/framework/src/Illuminate/Session/Middleware/StartSession.php(121): Illuminate\\Pipeline\\Pipeline->Illuminate\\Pipeline\\{closure}(Object(Illuminate\\Http\\Request))
#19 /var/www/beas.in/public_html/ramkrishna_dharma_chakra/vendor/laravel/framework/src/Illuminate/Session/Middleware/StartSession.php(64): Illuminate\\Session\\Middleware\\StartSession->handleStatefulRequest(Object(Illuminate\\Http\\Request), Object(Illuminate\\Session\\Store), Object(Closure))
#20 /var/www/beas.in/public_html/ramkrishna_dharma_chakra/vendor/laravel/framework/src/Illuminate/Pipeline/Pipeline.php(167): Illuminate\\Session\\Middleware\\StartSession->handle(Object(Illuminate\\Http\\Request), Object(Closure))
#21 /var/www/beas.in/public_html/ramkrishna_dharma_chakra/vendor/laravel/framework/src/Illuminate/Cookie/Middleware/AddQueuedCookiesToResponse.php(37): Illuminate\\Pipeline\\Pipeline->Illuminate\\Pipeline\\{closure}(Object(Illuminate\\Http\\Request))
#22 /var/www/beas.in/public_html/ramkrishna_dharma_chakra/vendor/laravel/framework/src/Illuminate/Pipeline/Pipeline.php(167): Illuminate\\Cookie\\Middleware\\AddQueuedCookiesToResponse->handle(Object(Illuminate\\Http\\Request), Object(Closure))
#23 /var/www/beas.in/public_html/ramkrishna_dharma_chakra/vendor/laravel/framework/src/Illuminate/Cookie/Middleware/EncryptCookies.php(67): Illuminate\\Pipeline\\Pipeline->Illuminate\\Pipeline\\{closure}(Object(Illuminate\\Http\\Request))
#24 /var/www/beas.in/public_html/ramkrishna_dharma_chakra/vendor/laravel/framework/src/Illuminate/Pipeline/Pipeline.php(167): Illuminate\\Cookie\\Middleware\\EncryptCookies->handle(Object(Illuminate\\Http\\Request), Object(Closure))
#25 /var/www/beas.in/public_html/ramkrishna_dharma_chakra/vendor/laravel/framework/src/Illuminate/Pipeline/Pipeline.php(103): Illuminate\\Pipeline\\Pipeline->Illuminate\\Pipeline\\{closure}(Object(Illuminate\\Http\\Request))
#26 /var/www/beas.in/public_html/ramkrishna_dharma_chakra/vendor/laravel/framework/src/Illuminate/Routing/Router.php(723): Illuminate\\Pipeline\\Pipeline->then(Object(Closure))
#27 /var/www/beas.in/public_html/ramkrishna_dharma_chakra/vendor/laravel/framework/src/Illuminate/Routing/Router.php(698): Illuminate\\Routing\\Router->runRouteWithinStack(Object(Illuminate\\Routing\\Route), Object(Illuminate\\Http\\Request))
#28 /var/www/beas.in/public_html/ramkrishna_dharma_chakra/vendor/laravel/framework/src/Illuminate/Routing/Router.php(662): Illuminate\\Routing\\Router->runRoute(Object(Illuminate\\Http\\Request), Object(Illuminate\\Routing\\Route))
#29 /var/www/beas.in/public_html/ramkrishna_dharma_chakra/vendor/laravel/framework/src/Illuminate/Routing/Router.php(651): Illuminate\\Routing\\Router->dispatchToRoute(Object(Illuminate\\Http\\Request))
#30 /var/www/beas.in/public_html/ramkrishna_dharma_chakra/vendor/laravel/framework/src/Illuminate/Foundation/Http/Kernel.php(167): Illuminate\\Routing\\Router->dispatch(Object(Illuminate\\Http\\Request))
#31 /var/www/beas.in/public_html/ramkrishna_dharma_chakra/vendor/laravel/framework/src/Illuminate/Pipeline/Pipeline.php(128): Illuminate\\Foundation\\Http\\Kernel->Illuminate\\Foundation\\Http\\{closure}(Object(Illuminate\\Http\\Request))
#32 /var/www/beas.in/public_html/ramkrishna_dharma_chakra/vendor/laravel/framework/src/Illuminate/Foundation/Http/Middleware/TransformsRequest.php(21): Illuminate\\Pipeline\\Pipeline->Illuminate\\Pipeline\\{closure}(Object(Illuminate\\Http\\Request))
#33 /var/www/beas.in/public_html/ramkrishna_dharma_chakra/vendor/laravel/framework/src/Illuminate/Foundation/Http/Middleware/ConvertEmptyStringsToNull.php(31): Illuminate\\Foundation\\Http\\Middleware\\TransformsRequest->handle(Object(Illuminate\\Http\\Request), Object(Closure))
#34 /var/www/beas.in/public_html/ramkrishna_dharma_chakra/vendor/laravel/framework/src/Illuminate/Pipeline/Pipeline.php(167): Illuminate\\Foundation\\Http\\Middleware\\ConvertEmptyStringsToNull->handle(Object(Illuminate\\Http\\Request), Object(Closure))
#35 /var/www/beas.in/public_html/ramkrishna_dharma_chakra/vendor/laravel/framework/src/Illuminate/Foundation/Http/Middleware/TransformsRequest.php(21): Illuminate\\Pipeline\\Pipeline->Illuminate\\Pipeline\\{closure}(Object(Illuminate\\Http\\Request))
#36 /var/www/beas.in/public_html/ramkrishna_dharma_chakra/vendor/laravel/framework/src/Illuminate/Foundation/Http/Middleware/TrimStrings.php(40): Illuminate\\Foundation\\Http\\Middleware\\TransformsRequest->handle(Object(Illuminate\\Http\\Request), Object(Closure))
#37 /var/www/beas.in/public_html/ramkrishna_dharma_chakra/vendor/laravel/framework/src/Illuminate/Pipeline/Pipeline.php(167): Illuminate\\Foundation\\Http\\Middleware\\TrimStrings->handle(Object(Illuminate\\Http\\Request), Object(Closure))
#38 /var/www/beas.in/public_html/ramkrishna_dharma_chakra/vendor/laravel/framework/src/Illuminate/Foundation/Http/Middleware/ValidatePostSize.php(27): Illuminate\\Pipeline\\Pipeline->Illuminate\\Pipeline\\{closure}(Object(Illuminate\\Http\\Request))
#39 /var/www/beas.in/public_html/ramkrishna_dharma_chakra/vendor/laravel/framework/src/Illuminate/Pipeline/Pipeline.php(167): Illuminate\\Foundation\\Http\\Middleware\\ValidatePostSize->handle(Object(Illuminate\\Http\\Request), Object(Closure))
#40 /var/www/beas.in/public_html/ramkrishna_dharma_chakra/vendor/laravel/framework/src/Illuminate/Foundation/Http/Middleware/PreventRequestsDuringMaintenance.php(86): Illuminate\\Pipeline\\Pipeline->Illuminate\\Pipeline\\{closure}(Object(Illuminate\\Http\\Request))
#41 /var/www/beas.in/public_html/ramkrishna_dharma_chakra/vendor/laravel/framework/src/Illuminate/Pipeline/Pipeline.php(167): Illuminate\\Foundation\\Http\\Middleware\\PreventRequestsDuringMaintenance->handle(Object(Illuminate\\Http\\Request), Object(Closure))
#42 /var/www/beas.in/public_html/ramkrishna_dharma_chakra/vendor/fideloper/proxy/src/TrustProxies.php(57): Illuminate\\Pipeline\\Pipeline->Illuminate\\Pipeline\\{closure}(Object(Illuminate\\Http\\Request))
#43 /var/www/beas.in/public_html/ramkrishna_dharma_chakra/vendor/laravel/framework/src/Illuminate/Pipeline/Pipeline.php(167): Fideloper\\Proxy\\TrustProxies->handle(Object(Illuminate\\Http\\Request), Object(Closure))
#44 /var/www/beas.in/public_html/ramkrishna_dharma_chakra/vendor/laravel/framework/src/Illuminate/Pipeline/Pipeline.php(103): Illuminate\\Pipeline\\Pipeline->Illuminate\\Pipeline\\{closure}(Object(Illuminate\\Http\\Request))
#45 /var/www/beas.in/public_html/ramkrishna_dharma_chakra/vendor/laravel/framework/src/Illuminate/Foundation/Http/Kernel.php(142): Illuminate\\Pipeline\\Pipeline->then(Object(Closure))
#46 /var/www/beas.in/public_html/ramkrishna_dharma_chakra/vendor/laravel/framework/src/Illuminate/Foundation/Http/Kernel.php(111): Illuminate\\Foundation\\Http\\Kernel->sendRequestThroughRouter(Object(Illuminate\\Http\\Request))
#47 /var/www/beas.in/public_html/ramkrishna_dharma_chakra/index.php(54): Illuminate\\Foundation\\Http\\Kernel->handle(Object(Illuminate\\Http\\Request))
#48 {main}

[previous exception] [object] (PDOException(code: 42000): SQLSTATE[42000]: Syntax error or access violation: 1118 Row size too large (> 8126). Changing some columns to TEXT or BLOB or using ROW_FORMAT=DYNAMIC or ROW_FORMAT=COMPRESSED may help. In current row format, BLOB prefix of 768 bytes is stored inline. at /var/www/beas.in/public_html/ramkrishna_dharma_chakra/vendor/laravel/framework/src/Illuminate/Database/Connection.php:526)
[stacktrace]
#0 /var/www/beas.in/public_html/ramkrishna_dharma_chakra/vendor/laravel/framework/src/Illuminate/Database/Connection.php(526): PDOStatement->execute()
#1 /var/www/beas.in/public_html/ramkrishna_dharma_chakra/vendor/laravel/framework/src/Illuminate/Database/Connection.php(705): Illuminate\\Database\\Connection->Illuminate\\Database\\{closure}('update `about` ...', Array)
#2 /var/www/beas.in/public_html/ramkrishna_dharma_chakra/vendor/laravel/framework/src/Illuminate/Database/Connection.php(672): Illuminate\\Database\\Connection->runQueryCallback('update `about` ...', Array, Object(Closure))
#3 /var/www/beas.in/public_html/ramkrishna_dharma_chakra/vendor/laravel/framework/src/Illuminate/Database/Connection.php(533): Illuminate\\Database\\Connection->run('update `about` ...', Array, Object(Closure))
#4 /var/www/beas.in/public_html/ramkrishna_dharma_chakra/vendor/laravel/framework/src/Illuminate/Database/Connection.php(466): Illuminate\\Database\\Connection->affectingStatement('update `about` ...', Array)
#5 /var/www/beas.in/public_html/ramkrishna_dharma_chakra/vendor/laravel/framework/src/Illuminate/Database/Query/Builder.php(3063): Illuminate\\Database\\Connection->update('update `about` ...', Array)
#6 /var/www/beas.in/public_html/ramkrishna_dharma_chakra/vendor/laravel/framework/src/Illuminate/Database/Eloquent/Builder.php(921): Illuminate\\Database\\Query\\Builder->update(Array)
#7 /var/www/beas.in/public_html/ramkrishna_dharma_chakra/app/Http/Controllers/Admin/Modules/About/AboutController.php(108): Illuminate\\Database\\Eloquent\\Builder->update(Array)
#8 /var/www/beas.in/public_html/ramkrishna_dharma_chakra/vendor/laravel/framework/src/Illuminate/Routing/Controller.php(54): App\\Http\\Controllers\\Admin\\Modules\\About\\AboutController->footerUpdate(Object(Illuminate\\Http\\Request))
#9 /var/www/beas.in/public_html/ramkrishna_dharma_chakra/vendor/laravel/framework/src/Illuminate/Routing/ControllerDispatcher.php(45): Illuminate\\Routing\\Controller->callAction('footerUpdate', Array)
#10 /var/www/beas.in/public_html/ramkrishna_dharma_chakra/vendor/laravel/framework/src/Illuminate/Routing/Route.php(262): Illuminate\\Routing\\ControllerDispatcher->dispatch(Object(Illuminate\\Routing\\Route), Object(App\\Http\\Controllers\\Admin\\Modules\\About\\AboutController), 'footerUpdate')
#11 /var/www/beas.in/public_html/ramkrishna_dharma_chakra/vendor/laravel/framework/src/Illuminate/Routing/Route.php(205): Illuminate\\Routing\\Route->runController()
#12 /var/www/beas.in/public_html/ramkrishna_dharma_chakra/vendor/laravel/framework/src/Illuminate/Routing/Router.php(721): Illuminate\\Routing\\Route->run()
#13 /var/www/beas.in/public_html/ramkrishna_dharma_chakra/vendor/laravel/framework/src/Illuminate/Pipeline/Pipeline.php(128): Illuminate\\Routing\\Router->Illuminate\\Routing\\{closure}(Object(Illuminate\\Http\\Request))
#14 /var/www/beas.in/public_html/ramkrishna_dharma_chakra/vendor/laravel/framework/src/Illuminate/Routing/Middleware/SubstituteBindings.php(50): Illuminate\\Pipeline\\Pipeline->Illuminate\\Pipeline\\{closure}(Object(Illuminate\\Http\\Request))
#15 /var/www/beas.in/public_html/ramkrishna_dharma_chakra/vendor/laravel/framework/src/Illuminate/Pipeline/Pipeline.php(167): Illuminate\\Routing\\Middleware\\SubstituteBindings->handle(Object(Illuminate\\Http\\Request), Object(Closure))
#16 /var/www/beas.in/public_html/ramkrishna_dharma_chakra/vendor/laravel/framework/src/Illuminate/Foundation/Http/Middleware/VerifyCsrfToken.php(78): Illuminate\\Pipeline\\Pipeline->Illuminate\\Pipeline\\{closure}(Object(Illuminate\\Http\\Request))
#17 /var/www/beas.in/public_html/ramkrishna_dharma_chakra/vendor/laravel/framework/src/Illuminate/Pipeline/Pipeline.php(167): Illuminate\\Foundation\\Http\\Middleware\\VerifyCsrfToken->handle(Object(Illuminate\\Http\\Request), Object(Closure))
#18 /var/www/beas.in/public_html/ramkrishna_dharma_chakra/vendor/laravel/framework/src/Illuminate/View/Middleware/ShareErrorsFromSession.php(49): Illuminate\\Pipeline\\Pipeline->Illuminate\\Pipeline\\{closure}(Object(Illuminate\\Http\\Request))
#19 /var/www/beas.in/public_html/ramkrishna_dharma_chakra/vendor/laravel/framework/src/Illuminate/Pipeline/Pipeline.php(167): Illuminate\\View\\Middleware\\ShareErrorsFromSession->handle(Object(Illuminate\\Http\\Request), Object(Closure))
#20 /var/www/beas.in/public_html/ramkrishna_dharma_chakra/vendor/laravel/framework/src/Illuminate/Session/Middleware/StartSession.php(121): Illuminate\\Pipeline\\Pipeline->Illuminate\\Pipeline\\{closure}(Object(Illuminate\\Http\\Request))
#21 /var/www/beas.in/public_html/ramkrishna_dharma_chakra/vendor/laravel/framework/src/Illuminate/Session/Middleware/StartSession.php(64): Illuminate\\Session\\Middleware\\StartSession->handleStatefulRequest(Object(Illuminate\\Http\\Request), Object(Illuminate\\Session\\Store), Object(Closure))
#22 /var/www/beas.in/public_html/ramkrishna_dharma_chakra/vendor/laravel/framework/src/Illuminate/Pipeline/Pipeline.php(167): Illuminate\\Session\\Middleware\\StartSession->handle(Object(Illuminate\\Http\\Request), Object(Closure))
#23 /var/www/beas.in/public_html/ramkrishna_dharma_chakra/vendor/laravel/framework/src/Illuminate/Cookie/Middleware/AddQueuedCookiesToResponse.php(37): Illuminate\\Pipeline\\Pipeline->Illuminate\\Pipeline\\{closure}(Object(Illuminate\\Http\\Request))
#24 /var/www/beas.in/public_html/ramkrishna_dharma_chakra/vendor/laravel/framework/src/Illuminate/Pipeline/Pipeline.php(167): Illuminate\\Cookie\\Middleware\\AddQueuedCookiesToResponse->handle(Object(Illuminate\\Http\\Request), Object(Closure))
#25 /var/www/beas.in/public_html/ramkrishna_dharma_chakra/vendor/laravel/framework/src/Illuminate/Cookie/Middleware/EncryptCookies.php(67): Illuminate\\Pipeline\\Pipeline->Illuminate\\Pipeline\\{closure}(Object(Illuminate\\Http\\Request))
#26 /var/www/beas.in/public_html/ramkrishna_dharma_chakra/vendor/laravel/framework/src/Illuminate/Pipeline/Pipeline.php(167): Illuminate\\Cookie\\Middleware\\EncryptCookies->handle(Object(Illuminate\\Http\\Request), Object(Closure))
#27 /var/www/beas.in/public_html/ramkrishna_dharma_chakra/vendor/laravel/framework/src/Illuminate/Pipeline/Pipeline.php(103): Illuminate\\Pipeline\\Pipeline->Illuminate\\Pipeline\\{closure}(Object(Illuminate\\Http\\Request))
#28 /var/www/beas.in/public_html/ramkrishna_dharma_chakra/vendor/laravel/framework/src/Illuminate/Routing/Router.php(723): Illuminate\\Pipeline\\Pipeline->then(Object(Closure))
#29 /var/www/beas.in/public_html/ramkrishna_dharma_chakra/vendor/laravel/framework/src/Illuminate/Routing/Router.php(698): Illuminate\\Routing\\Router->runRouteWithinStack(Object(Illuminate\\Routing\\Route), Object(Illuminate\\Http\\Request))
#30 /var/www/beas.in/public_html/ramkrishna_dharma_chakra/vendor/laravel/framework/src/Illuminate/Routing/Router.php(662): Illuminate\\Routing\\Router->runRoute(Object(Illuminate\\Http\\Request), Object(Illuminate\\Routing\\Route))
#31 /var/www/beas.in/public_html/ramkrishna_dharma_chakra/vendor/laravel/framework/src/Illuminate/Routing/Router.php(651): Illuminate\\Routing\\Router->dispatchToRoute(Object(Illuminate\\Http\\Request))
#32 /var/www/beas.in/public_html/ramkrishna_dharma_chakra/vendor/laravel/framework/src/Illuminate/Foundation/Http/Kernel.php(167): Illuminate\\Routing\\Router->dispatch(Object(Illuminate\\Http\\Request))
#33 /var/www/beas.in/public_html/ramkrishna_dharma_chakra/vendor/laravel/framework/src/Illuminate/Pipeline/Pipeline.php(128): Illuminate\\Foundation\\Http\\Kernel->Illuminate\\Foundation\\Http\\{closure}(Object(Illuminate\\Http\\Request))
#34 /var/www/beas.in/public_html/ramkrishna_dharma_chakra/vendor/laravel/framework/src/Illuminate/Foundation/Http/Middleware/TransformsRequest.php(21): Illuminate\\Pipeline\\Pipeline->Illuminate\\Pipeline\\{closure}(Object(Illuminate\\Http\\Request))
#35 /var/www/beas.in/public_html/ramkrishna_dharma_chakra/vendor/laravel/framework/src/Illuminate/Foundation/Http/Middleware/ConvertEmptyStringsToNull.php(31): Illuminate\\Foundation\\Http\\Middleware\\TransformsRequest->handle(Object(Illuminate\\Http\\Request), Object(Closure))
#36 /var/www/beas.in/public_html/ramkrishna_dharma_chakra/vendor/laravel/framework/src/Illuminate/Pipeline/Pipeline.php(167): Illuminate\\Foundation\\Http\\Middleware\\ConvertEmptyStringsToNull->handle(Object(Illuminate\\Http\\Request), Object(Closure))
#37 /var/www/beas.in/public_html/ramkrishna_dharma_chakra/vendor/laravel/framework/src/Illuminate/Foundation/Http/Middleware/TransformsRequest.php(21): Illuminate\\Pipeline\\Pipeline->Illuminate\\Pipeline\\{closure}(Object(Illuminate\\Http\\Request))
#38 /var/www/beas.in/public_html/ramkrishna_dharma_chakra/vendor/laravel/framework/src/Illuminate/Foundation/Http/Middleware/TrimStrings.php(40): Illuminate\\Foundation\\Http\\Middleware\\TransformsRequest->handle(Object(Illuminate\\Http\\Request), Object(Closure))
#39 /var/www/beas.in/public_html/ramkrishna_dharma_chakra/vendor/laravel/framework/src/Illuminate/Pipeline/Pipeline.php(167): Illuminate\\Foundation\\Http\\Middleware\\TrimStrings->handle(Object(Illuminate\\Http\\Request), Object(Closure))
#40 /var/www/beas.in/public_html/ramkrishna_dharma_chakra/vendor/laravel/framework/src/Illuminate/Foundation/Http/Middleware/ValidatePostSize.php(27): Illuminate\\Pipeline\\Pipeline->Illuminate\\Pipeline\\{closure}(Object(Illuminate\\Http\\Request))
#41 /var/www/beas.in/public_html/ramkrishna_dharma_chakra/vendor/laravel/framework/src/Illuminate/Pipeline/Pipeline.php(167): Illuminate\\Foundation\\Http\\Middleware\\ValidatePostSize->handle(Object(Illuminate\\Http\\Request), Object(Closure))
#42 /var/www/beas.in/public_html/ramkrishna_dharma_chakra/vendor/laravel/framework/src/Illuminate/Foundation/Http/Middleware/PreventRequestsDuringMaintenance.php(86): Illuminate\\Pipeline\\Pipeline->Illuminate\\Pipeline\\{closure}(Object(Illuminate\\Http\\Request))
#43 /var/www/beas.in/public_html/ramkrishna_dharma_chakra/vendor/laravel/framework/src/Illuminate/Pipeline/Pipeline.php(167): Illuminate\\Foundation\\Http\\Middleware\\PreventRequestsDuringMaintenance->handle(Object(Illuminate\\Http\\Request), Object(Closure))
#44 /var/www/beas.in/public_html/ramkrishna_dharma_chakra/vendor/fideloper/proxy/src/TrustProxies.php(57): Illuminate\\Pipeline\\Pipeline->Illuminate\\Pipeline\\{closure}(Object(Illuminate\\Http\\Request))
#45 /var/www/beas.in/public_html/ramkrishna_dharma_chakra/vendor/laravel/framework/src/Illuminate/Pipeline/Pipeline.php(167): Fideloper\\Proxy\\TrustProxies->handle(Object(Illuminate\\Http\\Request), Object(Closure))
#46 /var/www/beas.in/public_html/ramkrishna_dharma_chakra/vendor/laravel/framework/src/Illuminate/Pipeline/Pipeline.php(103): Illuminate\\Pipeline\\Pipeline->Illuminate\\Pipeline\\{closure}(Object(Illuminate\\Http\\Request))
#47 /var/www/beas.in/public_html/ramkrishna_dharma_chakra/vendor/laravel/framework/src/Illuminate/Foundation/Http/Kernel.php(142): Illuminate\\Pipeline\\Pipeline->then(Object(Closure))
#48 /var/www/beas.in/public_html/ramkrishna_dharma_chakra/vendor/laravel/framework/src/Illuminate/Foundation/Http/Kernel.php(111): Illuminate\\Foundation\\Http\\Kernel->sendRequestThroughRouter(Object(Illuminate\\Http\\Request))
#49 /var/www/beas.in/public_html/ramkrishna_dharma_chakra/index.php(54): Illuminate\\Foundation\\Http\\Kernel->handle(Object(Illuminate\\Http\\Request))
#50 {main}
"} 
[2023-07-20 14:29:20] local.ERROR: SQLSTATE[42000]: Syntax error or access violation: 1118 Row size too large (> 8126). Changing some columns to TEXT or BLOB or using ROW_FORMAT=DYNAMIC or ROW_FORMAT=COMPRESSED may help. In current row format, BLOB prefix of 768 bytes is stored inline. (SQL: update `about` set `footer_text` = “ নারায়ণং পদ্মভবং বশিষ্ঠ শক্তিঞ্চ তৎপুত্র পরাশরঞ্চ<br />ব্যাসং শুকং গৌর পাদং মহান্তং গোবিন্দ যোগিদ্রমথাস্য শিষ্যম্<br />শ্রী শঙ্করাচার্য্য মথাস্য পদ্মপাদঞ্চ হস্তামলকং চ শিষ্যম্।<br />তন্দ্রোটকং বার্তিককারমন্যান অস্মদ গুরুন সন্তত মাতোহস্মি।<br />শ্রুতি স্মৃতিপুরাণানামালয়ং করুণালয়ং।<br />নমামি ভগবৎপাদং শঙ্করং লোকশঙ্করম্।<br />সূত্রভাস্যকৃতৌ বন্দে ভগবন্তৌ পুনঃ পুনঃ<br />ঈশ্বরো গুরুরাত্মেতি মূর্ত্তিভেদা বিভাগিনে<br />ব্যোমবৎ ব্যাপ্ত দেহায় দক্ষিণামূর্তয়ে নমঃ। ”<br />ইতি গুরুপরম্পরা স্ত্রোত্রম্।,, `footer_text_english` = &lt;p&gt;Narayanang Padmabhabang Vashishta Shaktinch Tatputra Parasranch Vyasang Shukong Gaur Padang Mahantang Govinda Yogadramthasya Shishyam<br /><br />Sri Shankaracharya Mathasya Padmapadancha Hastamlakang Cha Shishyam. Tandrotakong Bartikarmanana Asmad Gurun Santat Matohsmi.<br /><br />Shruti SmritiPurananamalang Karunalong. Namami Bhagavadpadong Sankarang Lokshankaram. Sutrabhasyakartau Bande Bhagwantau Re-Re<br /><br />Ishwaro Gururatmati Murtiveda Divisione Byomvata Is a deep deha in dakshinamurtay namah. ”<br /><br />Iti Guruparampra Strotram .&lt;/p&gt;, `facebook_link` = https://www.facebook.com/, `address` = <strong>শ্রী রামকৃষ্ণ ধর্ম চক্র</strong><br />২১১ এ, গিরিশ ঘোষ রোড, বেলুড়<br />পিও- বেলুড়মঠ,<br />হাওড়া -৭১১১২0২, `address_english` = Sri Ramakrishna Dharmachakra<br />211 A, Girish Ghosh Road,<br />Belur, P.O.- Belurmath,<br />Howrah -7111202, `youtube_link` = https://www.youtube.com/, `twitter_link` = ?, `instagram_link` = ?, `email` = ramkrishnadharmachakra@gmail.com, `phone_one` = +913326548075, `phone_two` = +919830043596, `phone_three` = +919804473647, `phone_one_bengali` = +৯১৩৩২৬৫৪৮0৭৫, `phone_two_bengali` = +৯১৯৮৩00৪৩৫৯৬, `phone_three_bengali` = +৯১৯৮0৪৪৭৩৬৪৭,, `about`.`updated_at` = 2023-07-20 14:29:20 where `id` = 1) {"exception":"[object] (Illuminate\\Database\\QueryException(code: 42000): SQLSTATE[42000]: Syntax error or access violation: 1118 Row size too large (> 8126). Changing some columns to TEXT or BLOB or using ROW_FORMAT=DYNAMIC or ROW_FORMAT=COMPRESSED may help. In current row format, BLOB prefix of 768 bytes is stored inline. (SQL: update `about` set `footer_text` = “ নারায়ণং পদ্মভবং বশিষ্ঠ শক্তিঞ্চ তৎপুত্র পরাশরঞ্চ<br />ব্যাসং শুকং গৌর পাদং মহান্তং গোবিন্দ যোগিদ্রমথাস্য শিষ্যম্<br />শ্রী শঙ্করাচার্য্য মথাস্য পদ্মপাদঞ্চ হস্তামলকং চ শিষ্যম্।<br />তন্দ্রোটকং বার্তিককারমন্যান অস্মদ গুরুন সন্তত মাতোহস্মি।<br />শ্রুতি স্মৃতিপুরাণানামালয়ং করুণালয়ং।<br />নমামি ভগবৎপাদং শঙ্করং লোকশঙ্করম্।<br />সূত্রভাস্যকৃতৌ বন্দে ভগবন্তৌ পুনঃ পুনঃ<br />ঈশ্বরো গুরুরাত্মেতি মূর্ত্তিভেদা বিভাগিনে<br />ব্যোমবৎ ব্যাপ্ত দেহায় দক্ষিণামূর্তয়ে নমঃ। ”<br />ইতি গুরুপরম্পরা স্ত্রোত্রম্।,, `footer_text_english` = &lt;p&gt;Narayanang Padmabhabang Vashishta Shaktinch Tatputra Parasranch Vyasang Shukong Gaur Padang Mahantang Govinda Yogadramthasya Shishyam<br /><br />Sri Shankaracharya Mathasya Padmapadancha Hastamlakang Cha Shishyam. Tandrotakong Bartikarmanana Asmad Gurun Santat Matohsmi.<br /><br />Shruti SmritiPurananamalang Karunalong. Namami Bhagavadpadong Sankarang Lokshankaram. Sutrabhasyakartau Bande Bhagwantau Re-Re<br /><br />Ishwaro Gururatmati Murtiveda Divisione Byomvata Is a deep deha in dakshinamurtay namah. ”<br /><br />Iti Guruparampra Strotram .&lt;/p&gt;, `facebook_link` = https://www.facebook.com/, `address` = <strong>শ্রী রামকৃষ্ণ ধর্ম চক্র</strong><br />২১১ এ, গিরিশ ঘোষ রোড, বেলুড়<br />পিও- বেলুড়মঠ,<br />হাওড়া -৭১১১২0২, `address_english` = Sri Ramakrishna Dharmachakra<br />211 A, Girish Ghosh Road,<br />Belur, P.O.- Belurmath,<br />Howrah -7111202, `youtube_link` = https://www.youtube.com/, `twitter_link` = ?, `instagram_link` = ?, `email` = ramkrishnadharmachakra@gmail.com, `phone_one` = +913326548075, `phone_two` = +919830043596, `phone_three` = +919804473647, `phone_one_bengali` = +৯১৩৩২৬৫৪৮0৭৫, `phone_two_bengali` = +৯১৯৮৩00৪৩৫৯৬, `phone_three_bengali` = +৯১৯৮0৪৪৭৩৬৪৭,, `about`.`updated_at` = 2023-07-20 14:29:20 where `id` = 1) at /var/www/beas.in/public_html/ramkrishna_dharma_chakra/vendor/laravel/framework/src/Illuminate/Database/Connection.php:712)
[stacktrace]
#0 /var/www/beas.in/public_html/ramkrishna_dharma_chakra/vendor/laravel/framework/src/Illuminate/Database/Connection.php(672): Illuminate\\Database\\Connection->runQueryCallback('update `about` ...', Array, Object(Closure))
#1 /var/www/beas.in/public_html/ramkrishna_dharma_chakra/vendor/laravel/framework/src/Illuminate/Database/Connection.php(533): Illuminate\\Database\\Connection->run('update `about` ...', Array, Object(Closure))
#2 /var/www/beas.in/public_html/ramkrishna_dharma_chakra/vendor/laravel/framework/src/Illuminate/Database/Connection.php(466): Illuminate\\Database\\Connection->affectingStatement('update `about` ...', Array)
#3 /var/www/beas.in/public_html/ramkrishna_dharma_chakra/vendor/laravel/framework/src/Illuminate/Database/Query/Builder.php(3063): Illuminate\\Database\\Connection->update('update `about` ...', Array)
#4 /var/www/beas.in/public_html/ramkrishna_dharma_chakra/vendor/laravel/framework/src/Illuminate/Database/Eloquent/Builder.php(921): Illuminate\\Database\\Query\\Builder->update(Array)
#5 /var/www/beas.in/public_html/ramkrishna_dharma_chakra/app/Http/Controllers/Admin/Modules/About/AboutController.php(108): Illuminate\\Database\\Eloquent\\Builder->update(Array)
#6 /var/www/beas.in/public_html/ramkrishna_dharma_chakra/vendor/laravel/framework/src/Illuminate/Routing/Controller.php(54): App\\Http\\Controllers\\Admin\\Modules\\About\\AboutController->footerUpdate(Object(Illuminate\\Http\\Request))
#7 /var/www/beas.in/public_html/ramkrishna_dharma_chakra/vendor/laravel/framework/src/Illuminate/Routing/ControllerDispatcher.php(45): Illuminate\\Routing\\Controller->callAction('footerUpdate', Array)
#8 /var/www/beas.in/public_html/ramkrishna_dharma_chakra/vendor/laravel/framework/src/Illuminate/Routing/Route.php(262): Illuminate\\Routing\\ControllerDispatcher->dispatch(Object(Illuminate\\Routing\\Route), Object(App\\Http\\Controllers\\Admin\\Modules\\About\\AboutController), 'footerUpdate')
#9 /var/www/beas.in/public_html/ramkrishna_dharma_chakra/vendor/laravel/framework/src/Illuminate/Routing/Route.php(205): Illuminate\\Routing\\Route->runController()
#10 /var/www/beas.in/public_html/ramkrishna_dharma_chakra/vendor/laravel/framework/src/Illuminate/Routing/Router.php(721): Illuminate\\Routing\\Route->run()
#11 /var/www/beas.in/public_html/ramkrishna_dharma_chakra/vendor/laravel/framework/src/Illuminate/Pipeline/Pipeline.php(128): Illuminate\\Routing\\Router->Illuminate\\Routing\\{closure}(Object(Illuminate\\Http\\Request))
#12 /var/www/beas.in/public_html/ramkrishna_dharma_chakra/vendor/laravel/framework/src/Illuminate/Routing/Middleware/SubstituteBindings.php(50): Illuminate\\Pipeline\\Pipeline->Illuminate\\Pipeline\\{closure}(Object(Illuminate\\Http\\Request))
#13 /var/www/beas.in/public_html/ramkrishna_dharma_chakra/vendor/laravel/framework/src/Illuminate/Pipeline/Pipeline.php(167): Illuminate\\Routing\\Middleware\\SubstituteBindings->handle(Object(Illuminate\\Http\\Request), Object(Closure))
#14 /var/www/beas.in/public_html/ramkrishna_dharma_chakra/vendor/laravel/framework/src/Illuminate/Foundation/Http/Middleware/VerifyCsrfToken.php(78): Illuminate\\Pipeline\\Pipeline->Illuminate\\Pipeline\\{closure}(Object(Illuminate\\Http\\Request))
#15 /var/www/beas.in/public_html/ramkrishna_dharma_chakra/vendor/laravel/framework/src/Illuminate/Pipeline/Pipeline.php(167): Illuminate\\Foundation\\Http\\Middleware\\VerifyCsrfToken->handle(Object(Illuminate\\Http\\Request), Object(Closure))
#16 /var/www/beas.in/public_html/ramkrishna_dharma_chakra/vendor/laravel/framework/src/Illuminate/View/Middleware/ShareErrorsFromSession.php(49): Illuminate\\Pipeline\\Pipeline->Illuminate\\Pipeline\\{closure}(Object(Illuminate\\Http\\Request))
#17 /var/www/beas.in/public_html/ramkrishna_dharma_chakra/vendor/laravel/framework/src/Illuminate/Pipeline/Pipeline.php(167): Illuminate\\View\\Middleware\\ShareErrorsFromSession->handle(Object(Illuminate\\Http\\Request), Object(Closure))
#18 /var/www/beas.in/public_html/ramkrishna_dharma_chakra/vendor/laravel/framework/src/Illuminate/Session/Middleware/StartSession.php(121): Illuminate\\Pipeline\\Pipeline->Illuminate\\Pipeline\\{closure}(Object(Illuminate\\Http\\Request))
#19 /var/www/beas.in/public_html/ramkrishna_dharma_chakra/vendor/laravel/framework/src/Illuminate/Session/Middleware/StartSession.php(64): Illuminate\\Session\\Middleware\\StartSession->handleStatefulRequest(Object(Illuminate\\Http\\Request), Object(Illuminate\\Session\\Store), Object(Closure))
#20 /var/www/beas.in/public_html/ramkrishna_dharma_chakra/vendor/laravel/framework/src/Illuminate/Pipeline/Pipeline.php(167): Illuminate\\Session\\Middleware\\StartSession->handle(Object(Illuminate\\Http\\Request), Object(Closure))
#21 /var/www/beas.in/public_html/ramkrishna_dharma_chakra/vendor/laravel/framework/src/Illuminate/Cookie/Middleware/AddQueuedCookiesToResponse.php(37): Illuminate\\Pipeline\\Pipeline->Illuminate\\Pipeline\\{closure}(Object(Illuminate\\Http\\Request))
#22 /var/www/beas.in/public_html/ramkrishna_dharma_chakra/vendor/laravel/framework/src/Illuminate/Pipeline/Pipeline.php(167): Illuminate\\Cookie\\Middleware\\AddQueuedCookiesToResponse->handle(Object(Illuminate\\Http\\Request), Object(Closure))
#23 /var/www/beas.in/public_html/ramkrishna_dharma_chakra/vendor/laravel/framework/src/Illuminate/Cookie/Middleware/EncryptCookies.php(67): Illuminate\\Pipeline\\Pipeline->Illuminate\\Pipeline\\{closure}(Object(Illuminate\\Http\\Request))
#24 /var/www/beas.in/public_html/ramkrishna_dharma_chakra/vendor/laravel/framework/src/Illuminate/Pipeline/Pipeline.php(167): Illuminate\\Cookie\\Middleware\\EncryptCookies->handle(Object(Illuminate\\Http\\Request), Object(Closure))
#25 /var/www/beas.in/public_html/ramkrishna_dharma_chakra/vendor/laravel/framework/src/Illuminate/Pipeline/Pipeline.php(103): Illuminate\\Pipeline\\Pipeline->Illuminate\\Pipeline\\{closure}(Object(Illuminate\\Http\\Request))
#26 /var/www/beas.in/public_html/ramkrishna_dharma_chakra/vendor/laravel/framework/src/Illuminate/Routing/Router.php(723): Illuminate\\Pipeline\\Pipeline->then(Object(Closure))
#27 /var/www/beas.in/public_html/ramkrishna_dharma_chakra/vendor/laravel/framework/src/Illuminate/Routing/Router.php(698): Illuminate\\Routing\\Router->runRouteWithinStack(Object(Illuminate\\Routing\\Route), Object(Illuminate\\Http\\Request))
#28 /var/www/beas.in/public_html/ramkrishna_dharma_chakra/vendor/laravel/framework/src/Illuminate/Routing/Router.php(662): Illuminate\\Routing\\Router->runRoute(Object(Illuminate\\Http\\Request), Object(Illuminate\\Routing\\Route))
#29 /var/www/beas.in/public_html/ramkrishna_dharma_chakra/vendor/laravel/framework/src/Illuminate/Routing/Router.php(651): Illuminate\\Routing\\Router->dispatchToRoute(Object(Illuminate\\Http\\Request))
#30 /var/www/beas.in/public_html/ramkrishna_dharma_chakra/vendor/laravel/framework/src/Illuminate/Foundation/Http/Kernel.php(167): Illuminate\\Routing\\Router->dispatch(Object(Illuminate\\Http\\Request))
#31 /var/www/beas.in/public_html/ramkrishna_dharma_chakra/vendor/laravel/framework/src/Illuminate/Pipeline/Pipeline.php(128): Illuminate\\Foundation\\Http\\Kernel->Illuminate\\Foundation\\Http\\{closure}(Object(Illuminate\\Http\\Request))
#32 /var/www/beas.in/public_html/ramkrishna_dharma_chakra/vendor/laravel/framework/src/Illuminate/Foundation/Http/Middleware/TransformsRequest.php(21): Illuminate\\Pipeline\\Pipeline->Illuminate\\Pipeline\\{closure}(Object(Illuminate\\Http\\Request))
#33 /var/www/beas.in/public_html/ramkrishna_dharma_chakra/vendor/laravel/framework/src/Illuminate/Foundation/Http/Middleware/ConvertEmptyStringsToNull.php(31): Illuminate\\Foundation\\Http\\Middleware\\TransformsRequest->handle(Object(Illuminate\\Http\\Request), Object(Closure))
#34 /var/www/beas.in/public_html/ramkrishna_dharma_chakra/vendor/laravel/framework/src/Illuminate/Pipeline/Pipeline.php(167): Illuminate\\Foundation\\Http\\Middleware\\ConvertEmptyStringsToNull->handle(Object(Illuminate\\Http\\Request), Object(Closure))
#35 /var/www/beas.in/public_html/ramkrishna_dharma_chakra/vendor/laravel/framework/src/Illuminate/Foundation/Http/Middleware/TransformsRequest.php(21): Illuminate\\Pipeline\\Pipeline->Illuminate\\Pipeline\\{closure}(Object(Illuminate\\Http\\Request))
#36 /var/www/beas.in/public_html/ramkrishna_dharma_chakra/vendor/laravel/framework/src/Illuminate/Foundation/Http/Middleware/TrimStrings.php(40): Illuminate\\Foundation\\Http\\Middleware\\TransformsRequest->handle(Object(Illuminate\\Http\\Request), Object(Closure))
#37 /var/www/beas.in/public_html/ramkrishna_dharma_chakra/vendor/laravel/framework/src/Illuminate/Pipeline/Pipeline.php(167): Illuminate\\Foundation\\Http\\Middleware\\TrimStrings->handle(Object(Illuminate\\Http\\Request), Object(Closure))
#38 /var/www/beas.in/public_html/ramkrishna_dharma_chakra/vendor/laravel/framework/src/Illuminate/Foundation/Http/Middleware/ValidatePostSize.php(27): Illuminate\\Pipeline\\Pipeline->Illuminate\\Pipeline\\{closure}(Object(Illuminate\\Http\\Request))
#39 /var/www/beas.in/public_html/ramkrishna_dharma_chakra/vendor/laravel/framework/src/Illuminate/Pipeline/Pipeline.php(167): Illuminate\\Foundation\\Http\\Middleware\\ValidatePostSize->handle(Object(Illuminate\\Http\\Request), Object(Closure))
#40 /var/www/beas.in/public_html/ramkrishna_dharma_chakra/vendor/laravel/framework/src/Illuminate/Foundation/Http/Middleware/PreventRequestsDuringMaintenance.php(86): Illuminate\\Pipeline\\Pipeline->Illuminate\\Pipeline\\{closure}(Object(Illuminate\\Http\\Request))
#41 /var/www/beas.in/public_html/ramkrishna_dharma_chakra/vendor/laravel/framework/src/Illuminate/Pipeline/Pipeline.php(167): Illuminate\\Foundation\\Http\\Middleware\\PreventRequestsDuringMaintenance->handle(Object(Illuminate\\Http\\Request), Object(Closure))
#42 /var/www/beas.in/public_html/ramkrishna_dharma_chakra/vendor/fideloper/proxy/src/TrustProxies.php(57): Illuminate\\Pipeline\\Pipeline->Illuminate\\Pipeline\\{closure}(Object(Illuminate\\Http\\Request))
#43 /var/www/beas.in/public_html/ramkrishna_dharma_chakra/vendor/laravel/framework/src/Illuminate/Pipeline/Pipeline.php(167): Fideloper\\Proxy\\TrustProxies->handle(Object(Illuminate\\Http\\Request), Object(Closure))
#44 /var/www/beas.in/public_html/ramkrishna_dharma_chakra/vendor/laravel/framework/src/Illuminate/Pipeline/Pipeline.php(103): Illuminate\\Pipeline\\Pipeline->Illuminate\\Pipeline\\{closure}(Object(Illuminate\\Http\\Request))
#45 /var/www/beas.in/public_html/ramkrishna_dharma_chakra/vendor/laravel/framework/src/Illuminate/Foundation/Http/Kernel.php(142): Illuminate\\Pipeline\\Pipeline->then(Object(Closure))
#46 /var/www/beas.in/public_html/ramkrishna_dharma_chakra/vendor/laravel/framework/src/Illuminate/Foundation/Http/Kernel.php(111): Illuminate\\Foundation\\Http\\Kernel->sendRequestThroughRouter(Object(Illuminate\\Http\\Request))
#47 /var/www/beas.in/public_html/ramkrishna_dharma_chakra/index.php(54): Illuminate\\Foundation\\Http\\Kernel->handle(Object(Illuminate\\Http\\Request))
#48 {main}

[previous exception] [object] (PDOException(code: 42000): SQLSTATE[42000]: Syntax error or access violation: 1118 Row size too large (> 8126). Changing some columns to TEXT or BLOB or using ROW_FORMAT=DYNAMIC or ROW_FORMAT=COMPRESSED may help. In current row format, BLOB prefix of 768 bytes is stored inline. at /var/www/beas.in/public_html/ramkrishna_dharma_chakra/vendor/laravel/framework/src/Illuminate/Database/Connection.php:526)
[stacktrace]
#0 /var/www/beas.in/public_html/ramkrishna_dharma_chakra/vendor/laravel/framework/src/Illuminate/Database/Connection.php(526): PDOStatement->execute()
#1 /var/www/beas.in/public_html/ramkrishna_dharma_chakra/vendor/laravel/framework/src/Illuminate/Database/Connection.php(705): Illuminate\\Database\\Connection->Illuminate\\Database\\{closure}('update `about` ...', Array)
#2 /var/www/beas.in/public_html/ramkrishna_dharma_chakra/vendor/laravel/framework/src/Illuminate/Database/Connection.php(672): Illuminate\\Database\\Connection->runQueryCallback('update `about` ...', Array, Object(Closure))
#3 /var/www/beas.in/public_html/ramkrishna_dharma_chakra/vendor/laravel/framework/src/Illuminate/Database/Connection.php(533): Illuminate\\Database\\Connection->run('update `about` ...', Array, Object(Closure))
#4 /var/www/beas.in/public_html/ramkrishna_dharma_chakra/vendor/laravel/framework/src/Illuminate/Database/Connection.php(466): Illuminate\\Database\\Connection->affectingStatement('update `about` ...', Array)
#5 /var/www/beas.in/public_html/ramkrishna_dharma_chakra/vendor/laravel/framework/src/Illuminate/Database/Query/Builder.php(3063): Illuminate\\Database\\Connection->update('update `about` ...', Array)
#6 /var/www/beas.in/public_html/ramkrishna_dharma_chakra/vendor/laravel/framework/src/Illuminate/Database/Eloquent/Builder.php(921): Illuminate\\Database\\Query\\Builder->update(Array)
#7 /var/www/beas.in/public_html/ramkrishna_dharma_chakra/app/Http/Controllers/Admin/Modules/About/AboutController.php(108): Illuminate\\Database\\Eloquent\\Builder->update(Array)
#8 /var/www/beas.in/public_html/ramkrishna_dharma_chakra/vendor/laravel/framework/src/Illuminate/Routing/Controller.php(54): App\\Http\\Controllers\\Admin\\Modules\\About\\AboutController->footerUpdate(Object(Illuminate\\Http\\Request))
#9 /var/www/beas.in/public_html/ramkrishna_dharma_chakra/vendor/laravel/framework/src/Illuminate/Routing/ControllerDispatcher.php(45): Illuminate\\Routing\\Controller->callAction('footerUpdate', Array)
#10 /var/www/beas.in/public_html/ramkrishna_dharma_chakra/vendor/laravel/framework/src/Illuminate/Routing/Route.php(262): Illuminate\\Routing\\ControllerDispatcher->dispatch(Object(Illuminate\\Routing\\Route), Object(App\\Http\\Controllers\\Admin\\Modules\\About\\AboutController), 'footerUpdate')
#11 /var/www/beas.in/public_html/ramkrishna_dharma_chakra/vendor/laravel/framework/src/Illuminate/Routing/Route.php(205): Illuminate\\Routing\\Route->runController()
#12 /var/www/beas.in/public_html/ramkrishna_dharma_chakra/vendor/laravel/framework/src/Illuminate/Routing/Router.php(721): Illuminate\\Routing\\Route->run()
#13 /var/www/beas.in/public_html/ramkrishna_dharma_chakra/vendor/laravel/framework/src/Illuminate/Pipeline/Pipeline.php(128): Illuminate\\Routing\\Router->Illuminate\\Routing\\{closure}(Object(Illuminate\\Http\\Request))
#14 /var/www/beas.in/public_html/ramkrishna_dharma_chakra/vendor/laravel/framework/src/Illuminate/Routing/Middleware/SubstituteBindings.php(50): Illuminate\\Pipeline\\Pipeline->Illuminate\\Pipeline\\{closure}(Object(Illuminate\\Http\\Request))
#15 /var/www/beas.in/public_html/ramkrishna_dharma_chakra/vendor/laravel/framework/src/Illuminate/Pipeline/Pipeline.php(167): Illuminate\\Routing\\Middleware\\SubstituteBindings->handle(Object(Illuminate\\Http\\Request), Object(Closure))
#16 /var/www/beas.in/public_html/ramkrishna_dharma_chakra/vendor/laravel/framework/src/Illuminate/Foundation/Http/Middleware/VerifyCsrfToken.php(78): Illuminate\\Pipeline\\Pipeline->Illuminate\\Pipeline\\{closure}(Object(Illuminate\\Http\\Request))
#17 /var/www/beas.in/public_html/ramkrishna_dharma_chakra/vendor/laravel/framework/src/Illuminate/Pipeline/Pipeline.php(167): Illuminate\\Foundation\\Http\\Middleware\\VerifyCsrfToken->handle(Object(Illuminate\\Http\\Request), Object(Closure))
#18 /var/www/beas.in/public_html/ramkrishna_dharma_chakra/vendor/laravel/framework/src/Illuminate/View/Middleware/ShareErrorsFromSession.php(49): Illuminate\\Pipeline\\Pipeline->Illuminate\\Pipeline\\{closure}(Object(Illuminate\\Http\\Request))
#19 /var/www/beas.in/public_html/ramkrishna_dharma_chakra/vendor/laravel/framework/src/Illuminate/Pipeline/Pipeline.php(167): Illuminate\\View\\Middleware\\ShareErrorsFromSession->handle(Object(Illuminate\\Http\\Request), Object(Closure))
#20 /var/www/beas.in/public_html/ramkrishna_dharma_chakra/vendor/laravel/framework/src/Illuminate/Session/Middleware/StartSession.php(121): Illuminate\\Pipeline\\Pipeline->Illuminate\\Pipeline\\{closure}(Object(Illuminate\\Http\\Request))
#21 /var/www/beas.in/public_html/ramkrishna_dharma_chakra/vendor/laravel/framework/src/Illuminate/Session/Middleware/StartSession.php(64): Illuminate\\Session\\Middleware\\StartSession->handleStatefulRequest(Object(Illuminate\\Http\\Request), Object(Illuminate\\Session\\Store), Object(Closure))
#22 /var/www/beas.in/public_html/ramkrishna_dharma_chakra/vendor/laravel/framework/src/Illuminate/Pipeline/Pipeline.php(167): Illuminate\\Session\\Middleware\\StartSession->handle(Object(Illuminate\\Http\\Request), Object(Closure))
#23 /var/www/beas.in/public_html/ramkrishna_dharma_chakra/vendor/laravel/framework/src/Illuminate/Cookie/Middleware/AddQueuedCookiesToResponse.php(37): Illuminate\\Pipeline\\Pipeline->Illuminate\\Pipeline\\{closure}(Object(Illuminate\\Http\\Request))
#24 /var/www/beas.in/public_html/ramkrishna_dharma_chakra/vendor/laravel/framework/src/Illuminate/Pipeline/Pipeline.php(167): Illuminate\\Cookie\\Middleware\\AddQueuedCookiesToResponse->handle(Object(Illuminate\\Http\\Request), Object(Closure))
#25 /var/www/beas.in/public_html/ramkrishna_dharma_chakra/vendor/laravel/framework/src/Illuminate/Cookie/Middleware/EncryptCookies.php(67): Illuminate\\Pipeline\\Pipeline->Illuminate\\Pipeline\\{closure}(Object(Illuminate\\Http\\Request))
#26 /var/www/beas.in/public_html/ramkrishna_dharma_chakra/vendor/laravel/framework/src/Illuminate/Pipeline/Pipeline.php(167): Illuminate\\Cookie\\Middleware\\EncryptCookies->handle(Object(Illuminate\\Http\\Request), Object(Closure))
#27 /var/www/beas.in/public_html/ramkrishna_dharma_chakra/vendor/laravel/framework/src/Illuminate/Pipeline/Pipeline.php(103): Illuminate\\Pipeline\\Pipeline->Illuminate\\Pipeline\\{closure}(Object(Illuminate\\Http\\Request))
#28 /var/www/beas.in/public_html/ramkrishna_dharma_chakra/vendor/laravel/framework/src/Illuminate/Routing/Router.php(723): Illuminate\\Pipeline\\Pipeline->then(Object(Closure))
#29 /var/www/beas.in/public_html/ramkrishna_dharma_chakra/vendor/laravel/framework/src/Illuminate/Routing/Router.php(698): Illuminate\\Routing\\Router->runRouteWithinStack(Object(Illuminate\\Routing\\Route), Object(Illuminate\\Http\\Request))
#30 /var/www/beas.in/public_html/ramkrishna_dharma_chakra/vendor/laravel/framework/src/Illuminate/Routing/Router.php(662): Illuminate\\Routing\\Router->runRoute(Object(Illuminate\\Http\\Request), Object(Illuminate\\Routing\\Route))
#31 /var/www/beas.in/public_html/ramkrishna_dharma_chakra/vendor/laravel/framework/src/Illuminate/Routing/Router.php(651): Illuminate\\Routing\\Router->dispatchToRoute(Object(Illuminate\\Http\\Request))
#32 /var/www/beas.in/public_html/ramkrishna_dharma_chakra/vendor/laravel/framework/src/Illuminate/Foundation/Http/Kernel.php(167): Illuminate\\Routing\\Router->dispatch(Object(Illuminate\\Http\\Request))
#33 /var/www/beas.in/public_html/ramkrishna_dharma_chakra/vendor/laravel/framework/src/Illuminate/Pipeline/Pipeline.php(128): Illuminate\\Foundation\\Http\\Kernel->Illuminate\\Foundation\\Http\\{closure}(Object(Illuminate\\Http\\Request))
#34 /var/www/beas.in/public_html/ramkrishna_dharma_chakra/vendor/laravel/framework/src/Illuminate/Foundation/Http/Middleware/TransformsRequest.php(21): Illuminate\\Pipeline\\Pipeline->Illuminate\\Pipeline\\{closure}(Object(Illuminate\\Http\\Request))
#35 /var/www/beas.in/public_html/ramkrishna_dharma_chakra/vendor/laravel/framework/src/Illuminate/Foundation/Http/Middleware/ConvertEmptyStringsToNull.php(31): Illuminate\\Foundation\\Http\\Middleware\\TransformsRequest->handle(Object(Illuminate\\Http\\Request), Object(Closure))
#36 /var/www/beas.in/public_html/ramkrishna_dharma_chakra/vendor/laravel/framework/src/Illuminate/Pipeline/Pipeline.php(167): Illuminate\\Foundation\\Http\\Middleware\\ConvertEmptyStringsToNull->handle(Object(Illuminate\\Http\\Request), Object(Closure))
#37 /var/www/beas.in/public_html/ramkrishna_dharma_chakra/vendor/laravel/framework/src/Illuminate/Foundation/Http/Middleware/TransformsRequest.php(21): Illuminate\\Pipeline\\Pipeline->Illuminate\\Pipeline\\{closure}(Object(Illuminate\\Http\\Request))
#38 /var/www/beas.in/public_html/ramkrishna_dharma_chakra/vendor/laravel/framework/src/Illuminate/Foundation/Http/Middleware/TrimStrings.php(40): Illuminate\\Foundation\\Http\\Middleware\\TransformsRequest->handle(Object(Illuminate\\Http\\Request), Object(Closure))
#39 /var/www/beas.in/public_html/ramkrishna_dharma_chakra/vendor/laravel/framework/src/Illuminate/Pipeline/Pipeline.php(167): Illuminate\\Foundation\\Http\\Middleware\\TrimStrings->handle(Object(Illuminate\\Http\\Request), Object(Closure))
#40 /var/www/beas.in/public_html/ramkrishna_dharma_chakra/vendor/laravel/framework/src/Illuminate/Foundation/Http/Middleware/ValidatePostSize.php(27): Illuminate\\Pipeline\\Pipeline->Illuminate\\Pipeline\\{closure}(Object(Illuminate\\Http\\Request))
#41 /var/www/beas.in/public_html/ramkrishna_dharma_chakra/vendor/laravel/framework/src/Illuminate/Pipeline/Pipeline.php(167): Illuminate\\Foundation\\Http\\Middleware\\ValidatePostSize->handle(Object(Illuminate\\Http\\Request), Object(Closure))
#42 /var/www/beas.in/public_html/ramkrishna_dharma_chakra/vendor/laravel/framework/src/Illuminate/Foundation/Http/Middleware/PreventRequestsDuringMaintenance.php(86): Illuminate\\Pipeline\\Pipeline->Illuminate\\Pipeline\\{closure}(Object(Illuminate\\Http\\Request))
#43 /var/www/beas.in/public_html/ramkrishna_dharma_chakra/vendor/laravel/framework/src/Illuminate/Pipeline/Pipeline.php(167): Illuminate\\Foundation\\Http\\Middleware\\PreventRequestsDuringMaintenance->handle(Object(Illuminate\\Http\\Request), Object(Closure))
#44 /var/www/beas.in/public_html/ramkrishna_dharma_chakra/vendor/fideloper/proxy/src/TrustProxies.php(57): Illuminate\\Pipeline\\Pipeline->Illuminate\\Pipeline\\{closure}(Object(Illuminate\\Http\\Request))
#45 /var/www/beas.in/public_html/ramkrishna_dharma_chakra/vendor/laravel/framework/src/Illuminate/Pipeline/Pipeline.php(167): Fideloper\\Proxy\\TrustProxies->handle(Object(Illuminate\\Http\\Request), Object(Closure))
#46 /var/www/beas.in/public_html/ramkrishna_dharma_chakra/vendor/laravel/framework/src/Illuminate/Pipeline/Pipeline.php(103): Illuminate\\Pipeline\\Pipeline->Illuminate\\Pipeline\\{closure}(Object(Illuminate\\Http\\Request))
#47 /var/www/beas.in/public_html/ramkrishna_dharma_chakra/vendor/laravel/framework/src/Illuminate/Foundation/Http/Kernel.php(142): Illuminate\\Pipeline\\Pipeline->then(Object(Closure))
#48 /var/www/beas.in/public_html/ramkrishna_dharma_chakra/vendor/laravel/framework/src/Illuminate/Foundation/Http/Kernel.php(111): Illuminate\\Foundation\\Http\\Kernel->sendRequestThroughRouter(Object(Illuminate\\Http\\Request))
#49 /var/www/beas.in/public_html/ramkrishna_dharma_chakra/index.php(54): Illuminate\\Foundation\\Http\\Kernel->handle(Object(Illuminate\\Http\\Request))
#50 {main}
"} 
[2023-07-20 14:30:03] local.ERROR: SQLSTATE[42000]: Syntax error or access violation: 1118 Row size too large (> 8126). Changing some columns to TEXT or BLOB or using ROW_FORMAT=DYNAMIC or ROW_FORMAT=COMPRESSED may help. In current row format, BLOB prefix of 768 bytes is stored inline. (SQL: update `about` set `footer_text` = “ নারায়ণং পদ্মভবং বশিষ্ঠ শক্তিঞ্চ তৎপুত্র পরাশরঞ্চ<br />ব্যাসং শুকং গৌর পাদং মহান্তং গোবিন্দ যোগিদ্রমথাস্য শিষ্যম্<br />শ্রী শঙ্করাচার্য্য মথাস্য পদ্মপাদঞ্চ হস্তামলকং চ শিষ্যম্।<br />তন্দ্রোটকং বার্তিককারমন্যান অস্মদ গুরুন সন্তত মাতোহস্মি।<br />শ্রুতি স্মৃতিপুরাণানামালয়ং করুণালয়ং।<br />নমামি ভগবৎপাদং শঙ্করং লোকশঙ্করম্।<br />সূত্রভাস্যকৃতৌ বন্দে ভগবন্তৌ পুনঃ পুনঃ<br />ঈশ্বরো গুরুরাত্মেতি মূর্ত্তিভেদা বিভাগিনে<br />ব্যোমবৎ ব্যাপ্ত দেহায় দক্ষিণামূর্তয়ে নমঃ। ”<br />ইতি গুরুপরম্পরা স্ত্রোত্রম্।,, `footer_text_english` = Narayanang Padmabhabang Vashishta Shaktinch Tatputra Parasranch Vyasang Shukong Gaur Padang Mahantang Govinda Yogadramthasya Shishyam<br /><br />Sri Shankaracharya Mathasya Padmapadancha Hastamlakang Cha Shishyam. Tandrotakong Bartikarmanana Asmad Gurun Santat Matohsmi.<br /><br />Shruti SmritiPurananamalang Karunalong. Namami Bhagavadpadong Sankarang Lokshankaram. Sutrabhasyakartau Bande Bhagwantau Re-Re<br /><br />Ishwaro Gururatmati Murtiveda Divisione Byomvata Is a deep deha in dakshinamurtay namah. ”<br /><br />Iti Guruparampra Strotram ., `facebook_link` = https://www.facebook.com/, `address` = <strong>শ্রী রামকৃষ্ণ ধর্ম চক্র</strong><br />২১১ এ, গিরিশ ঘোষ রোড, বেলুড়<br />পিও- বেলুড়মঠ,<br />হাওড়া -৭১১১২0২, `address_english` = Sri Ramakrishna Dharmachakra<br />211 A, Girish Ghosh Road,<br />Belur, P.O.- Belurmath,<br />Howrah -7111202, `youtube_link` = https://www.youtube.com/, `twitter_link` = ?, `instagram_link` = ?, `email` = ramkrishnadharmachakra@gmail.com, `phone_one` = +913326548075, `phone_two` = +919830043596, `phone_three` = +919804473647, `phone_one_bengali` = +৯১৩৩২৬৫৪৮0৭৫, `phone_two_bengali` = +৯১৯৮৩00৪৩৫৯৬, `phone_three_bengali` = +৯১৯৮0৪৪৭৩৬৪৭,, `about`.`updated_at` = 2023-07-20 14:30:02 where `id` = 1) {"exception":"[object] (Illuminate\\Database\\QueryException(code: 42000): SQLSTATE[42000]: Syntax error or access violation: 1118 Row size too large (> 8126). Changing some columns to TEXT or BLOB or using ROW_FORMAT=DYNAMIC or ROW_FORMAT=COMPRESSED may help. In current row format, BLOB prefix of 768 bytes is stored inline. (SQL: update `about` set `footer_text` = “ নারায়ণং পদ্মভবং বশিষ্ঠ শক্তিঞ্চ তৎপুত্র পরাশরঞ্চ<br />ব্যাসং শুকং গৌর পাদং মহান্তং গোবিন্দ যোগিদ্রমথাস্য শিষ্যম্<br />শ্রী শঙ্করাচার্য্য মথাস্য পদ্মপাদঞ্চ হস্তামলকং চ শিষ্যম্।<br />তন্দ্রোটকং বার্তিককারমন্যান অস্মদ গুরুন সন্তত মাতোহস্মি।<br />শ্রুতি স্মৃতিপুরাণানামালয়ং করুণালয়ং।<br />নমামি ভগবৎপাদং শঙ্করং লোকশঙ্করম্।<br />সূত্রভাস্যকৃতৌ বন্দে ভগবন্তৌ পুনঃ পুনঃ<br />ঈশ্বরো গুরুরাত্মেতি মূর্ত্তিভেদা বিভাগিনে<br />ব্যোমবৎ ব্যাপ্ত দেহায় দক্ষিণামূর্তয়ে নমঃ। ”<br />ইতি গুরুপরম্পরা স্ত্রোত্রম্।,, `footer_text_english` = Narayanang Padmabhabang Vashishta Shaktinch Tatputra Parasranch Vyasang Shukong Gaur Padang Mahantang Govinda Yogadramthasya Shishyam<br /><br />Sri Shankaracharya Mathasya Padmapadancha Hastamlakang Cha Shishyam. Tandrotakong Bartikarmanana Asmad Gurun Santat Matohsmi.<br /><br />Shruti SmritiPurananamalang Karunalong. Namami Bhagavadpadong Sankarang Lokshankaram. Sutrabhasyakartau Bande Bhagwantau Re-Re<br /><br />Ishwaro Gururatmati Murtiveda Divisione Byomvata Is a deep deha in dakshinamurtay namah. ”<br /><br />Iti Guruparampra Strotram ., `facebook_link` = https://www.facebook.com/, `address` = <strong>শ্রী রামকৃষ্ণ ধর্ম চক্র</strong><br />২১১ এ, গিরিশ ঘোষ রোড, বেলুড়<br />পিও- বেলুড়মঠ,<br />হাওড়া -৭১১১২0২, `address_english` = Sri Ramakrishna Dharmachakra<br />211 A, Girish Ghosh Road,<br />Belur, P.O.- Belurmath,<br />Howrah -7111202, `youtube_link` = https://www.youtube.com/, `twitter_link` = ?, `instagram_link` = ?, `email` = ramkrishnadharmachakra@gmail.com, `phone_one` = +913326548075, `phone_two` = +919830043596, `phone_three` = +919804473647, `phone_one_bengali` = +৯১৩৩২৬৫৪৮0৭৫, `phone_two_bengali` = +৯১৯৮৩00৪৩৫৯৬, `phone_three_bengali` = +৯১৯৮0৪৪৭৩৬৪৭,, `about`.`updated_at` = 2023-07-20 14:30:02 where `id` = 1) at /var/www/beas.in/public_html/ramkrishna_dharma_chakra/vendor/laravel/framework/src/Illuminate/Database/Connection.php:712)
[stacktrace]
#0 /var/www/beas.in/public_html/ramkrishna_dharma_chakra/vendor/laravel/framework/src/Illuminate/Database/Connection.php(672): Illuminate\\Database\\Connection->runQueryCallback('update `about` ...', Array, Object(Closure))
#1 /var/www/beas.in/public_html/ramkrishna_dharma_chakra/vendor/laravel/framework/src/Illuminate/Database/Connection.php(533): Illuminate\\Database\\Connection->run('update `about` ...', Array, Object(Closure))
#2 /var/www/beas.in/public_html/ramkrishna_dharma_chakra/vendor/laravel/framework/src/Illuminate/Database/Connection.php(466): Illuminate\\Database\\Connection->affectingStatement('update `about` ...', Array)
#3 /var/www/beas.in/public_html/ramkrishna_dharma_chakra/vendor/laravel/framework/src/Illuminate/Database/Query/Builder.php(3063): Illuminate\\Database\\Connection->update('update `about` ...', Array)
#4 /var/www/beas.in/public_html/ramkrishna_dharma_chakra/vendor/laravel/framework/src/Illuminate/Database/Eloquent/Builder.php(921): Illuminate\\Database\\Query\\Builder->update(Array)
#5 /var/www/beas.in/public_html/ramkrishna_dharma_chakra/app/Http/Controllers/Admin/Modules/About/AboutController.php(108): Illuminate\\Database\\Eloquent\\Builder->update(Array)
#6 /var/www/beas.in/public_html/ramkrishna_dharma_chakra/vendor/laravel/framework/src/Illuminate/Routing/Controller.php(54): App\\Http\\Controllers\\Admin\\Modules\\About\\AboutController->footerUpdate(Object(Illuminate\\Http\\Request))
#7 /var/www/beas.in/public_html/ramkrishna_dharma_chakra/vendor/laravel/framework/src/Illuminate/Routing/ControllerDispatcher.php(45): Illuminate\\Routing\\Controller->callAction('footerUpdate', Array)
#8 /var/www/beas.in/public_html/ramkrishna_dharma_chakra/vendor/laravel/framework/src/Illuminate/Routing/Route.php(262): Illuminate\\Routing\\ControllerDispatcher->dispatch(Object(Illuminate\\Routing\\Route), Object(App\\Http\\Controllers\\Admin\\Modules\\About\\AboutController), 'footerUpdate')
#9 /var/www/beas.in/public_html/ramkrishna_dharma_chakra/vendor/laravel/framework/src/Illuminate/Routing/Route.php(205): Illuminate\\Routing\\Route->runController()
#10 /var/www/beas.in/public_html/ramkrishna_dharma_chakra/vendor/laravel/framework/src/Illuminate/Routing/Router.php(721): Illuminate\\Routing\\Route->run()
#11 /var/www/beas.in/public_html/ramkrishna_dharma_chakra/vendor/laravel/framework/src/Illuminate/Pipeline/Pipeline.php(128): Illuminate\\Routing\\Router->Illuminate\\Routing\\{closure}(Object(Illuminate\\Http\\Request))
#12 /var/www/beas.in/public_html/ramkrishna_dharma_chakra/vendor/laravel/framework/src/Illuminate/Routing/Middleware/SubstituteBindings.php(50): Illuminate\\Pipeline\\Pipeline->Illuminate\\Pipeline\\{closure}(Object(Illuminate\\Http\\Request))
#13 /var/www/beas.in/public_html/ramkrishna_dharma_chakra/vendor/laravel/framework/src/Illuminate/Pipeline/Pipeline.php(167): Illuminate\\Routing\\Middleware\\SubstituteBindings->handle(Object(Illuminate\\Http\\Request), Object(Closure))
#14 /var/www/beas.in/public_html/ramkrishna_dharma_chakra/vendor/laravel/framework/src/Illuminate/Foundation/Http/Middleware/VerifyCsrfToken.php(78): Illuminate\\Pipeline\\Pipeline->Illuminate\\Pipeline\\{closure}(Object(Illuminate\\Http\\Request))
#15 /var/www/beas.in/public_html/ramkrishna_dharma_chakra/vendor/laravel/framework/src/Illuminate/Pipeline/Pipeline.php(167): Illuminate\\Foundation\\Http\\Middleware\\VerifyCsrfToken->handle(Object(Illuminate\\Http\\Request), Object(Closure))
#16 /var/www/beas.in/public_html/ramkrishna_dharma_chakra/vendor/laravel/framework/src/Illuminate/View/Middleware/ShareErrorsFromSession.php(49): Illuminate\\Pipeline\\Pipeline->Illuminate\\Pipeline\\{closure}(Object(Illuminate\\Http\\Request))
#17 /var/www/beas.in/public_html/ramkrishna_dharma_chakra/vendor/laravel/framework/src/Illuminate/Pipeline/Pipeline.php(167): Illuminate\\View\\Middleware\\ShareErrorsFromSession->handle(Object(Illuminate\\Http\\Request), Object(Closure))
#18 /var/www/beas.in/public_html/ramkrishna_dharma_chakra/vendor/laravel/framework/src/Illuminate/Session/Middleware/StartSession.php(121): Illuminate\\Pipeline\\Pipeline->Illuminate\\Pipeline\\{closure}(Object(Illuminate\\Http\\Request))
#19 /var/www/beas.in/public_html/ramkrishna_dharma_chakra/vendor/laravel/framework/src/Illuminate/Session/Middleware/StartSession.php(64): Illuminate\\Session\\Middleware\\StartSession->handleStatefulRequest(Object(Illuminate\\Http\\Request), Object(Illuminate\\Session\\Store), Object(Closure))
#20 /var/www/beas.in/public_html/ramkrishna_dharma_chakra/vendor/laravel/framework/src/Illuminate/Pipeline/Pipeline.php(167): Illuminate\\Session\\Middleware\\StartSession->handle(Object(Illuminate\\Http\\Request), Object(Closure))
#21 /var/www/beas.in/public_html/ramkrishna_dharma_chakra/vendor/laravel/framework/src/Illuminate/Cookie/Middleware/AddQueuedCookiesToResponse.php(37): Illuminate\\Pipeline\\Pipeline->Illuminate\\Pipeline\\{closure}(Object(Illuminate\\Http\\Request))
#22 /var/www/beas.in/public_html/ramkrishna_dharma_chakra/vendor/laravel/framework/src/Illuminate/Pipeline/Pipeline.php(167): Illuminate\\Cookie\\Middleware\\AddQueuedCookiesToResponse->handle(Object(Illuminate\\Http\\Request), Object(Closure))
#23 /var/www/beas.in/public_html/ramkrishna_dharma_chakra/vendor/laravel/framework/src/Illuminate/Cookie/Middleware/EncryptCookies.php(67): Illuminate\\Pipeline\\Pipeline->Illuminate\\Pipeline\\{closure}(Object(Illuminate\\Http\\Request))
#24 /var/www/beas.in/public_html/ramkrishna_dharma_chakra/vendor/laravel/framework/src/Illuminate/Pipeline/Pipeline.php(167): Illuminate\\Cookie\\Middleware\\EncryptCookies->handle(Object(Illuminate\\Http\\Request), Object(Closure))
#25 /var/www/beas.in/public_html/ramkrishna_dharma_chakra/vendor/laravel/framework/src/Illuminate/Pipeline/Pipeline.php(103): Illuminate\\Pipeline\\Pipeline->Illuminate\\Pipeline\\{closure}(Object(Illuminate\\Http\\Request))
#26 /var/www/beas.in/public_html/ramkrishna_dharma_chakra/vendor/laravel/framework/src/Illuminate/Routing/Router.php(723): Illuminate\\Pipeline\\Pipeline->then(Object(Closure))
#27 /var/www/beas.in/public_html/ramkrishna_dharma_chakra/vendor/laravel/framework/src/Illuminate/Routing/Router.php(698): Illuminate\\Routing\\Router->runRouteWithinStack(Object(Illuminate\\Routing\\Route), Object(Illuminate\\Http\\Request))
#28 /var/www/beas.in/public_html/ramkrishna_dharma_chakra/vendor/laravel/framework/src/Illuminate/Routing/Router.php(662): Illuminate\\Routing\\Router->runRoute(Object(Illuminate\\Http\\Request), Object(Illuminate\\Routing\\Route))
#29 /var/www/beas.in/public_html/ramkrishna_dharma_chakra/vendor/laravel/framework/src/Illuminate/Routing/Router.php(651): Illuminate\\Routing\\Router->dispatchToRoute(Object(Illuminate\\Http\\Request))
#30 /var/www/beas.in/public_html/ramkrishna_dharma_chakra/vendor/laravel/framework/src/Illuminate/Foundation/Http/Kernel.php(167): Illuminate\\Routing\\Router->dispatch(Object(Illuminate\\Http\\Request))
#31 /var/www/beas.in/public_html/ramkrishna_dharma_chakra/vendor/laravel/framework/src/Illuminate/Pipeline/Pipeline.php(128): Illuminate\\Foundation\\Http\\Kernel->Illuminate\\Foundation\\Http\\{closure}(Object(Illuminate\\Http\\Request))
#32 /var/www/beas.in/public_html/ramkrishna_dharma_chakra/vendor/laravel/framework/src/Illuminate/Foundation/Http/Middleware/TransformsRequest.php(21): Illuminate\\Pipeline\\Pipeline->Illuminate\\Pipeline\\{closure}(Object(Illuminate\\Http\\Request))
#33 /var/www/beas.in/public_html/ramkrishna_dharma_chakra/vendor/laravel/framework/src/Illuminate/Foundation/Http/Middleware/ConvertEmptyStringsToNull.php(31): Illuminate\\Foundation\\Http\\Middleware\\TransformsRequest->handle(Object(Illuminate\\Http\\Request), Object(Closure))
#34 /var/www/beas.in/public_html/ramkrishna_dharma_chakra/vendor/laravel/framework/src/Illuminate/Pipeline/Pipeline.php(167): Illuminate\\Foundation\\Http\\Middleware\\ConvertEmptyStringsToNull->handle(Object(Illuminate\\Http\\Request), Object(Closure))
#35 /var/www/beas.in/public_html/ramkrishna_dharma_chakra/vendor/laravel/framework/src/Illuminate/Foundation/Http/Middleware/TransformsRequest.php(21): Illuminate\\Pipeline\\Pipeline->Illuminate\\Pipeline\\{closure}(Object(Illuminate\\Http\\Request))
#36 /var/www/beas.in/public_html/ramkrishna_dharma_chakra/vendor/laravel/framework/src/Illuminate/Foundation/Http/Middleware/TrimStrings.php(40): Illuminate\\Foundation\\Http\\Middleware\\TransformsRequest->handle(Object(Illuminate\\Http\\Request), Object(Closure))
#37 /var/www/beas.in/public_html/ramkrishna_dharma_chakra/vendor/laravel/framework/src/Illuminate/Pipeline/Pipeline.php(167): Illuminate\\Foundation\\Http\\Middleware\\TrimStrings->handle(Object(Illuminate\\Http\\Request), Object(Closure))
#38 /var/www/beas.in/public_html/ramkrishna_dharma_chakra/vendor/laravel/framework/src/Illuminate/Foundation/Http/Middleware/ValidatePostSize.php(27): Illuminate\\Pipeline\\Pipeline->Illuminate\\Pipeline\\{closure}(Object(Illuminate\\Http\\Request))
#39 /var/www/beas.in/public_html/ramkrishna_dharma_chakra/vendor/laravel/framework/src/Illuminate/Pipeline/Pipeline.php(167): Illuminate\\Foundation\\Http\\Middleware\\ValidatePostSize->handle(Object(Illuminate\\Http\\Request), Object(Closure))
#40 /var/www/beas.in/public_html/ramkrishna_dharma_chakra/vendor/laravel/framework/src/Illuminate/Foundation/Http/Middleware/PreventRequestsDuringMaintenance.php(86): Illuminate\\Pipeline\\Pipeline->Illuminate\\Pipeline\\{closure}(Object(Illuminate\\Http\\Request))
#41 /var/www/beas.in/public_html/ramkrishna_dharma_chakra/vendor/laravel/framework/src/Illuminate/Pipeline/Pipeline.php(167): Illuminate\\Foundation\\Http\\Middleware\\PreventRequestsDuringMaintenance->handle(Object(Illuminate\\Http\\Request), Object(Closure))
#42 /var/www/beas.in/public_html/ramkrishna_dharma_chakra/vendor/fideloper/proxy/src/TrustProxies.php(57): Illuminate\\Pipeline\\Pipeline->Illuminate\\Pipeline\\{closure}(Object(Illuminate\\Http\\Request))
#43 /var/www/beas.in/public_html/ramkrishna_dharma_chakra/vendor/laravel/framework/src/Illuminate/Pipeline/Pipeline.php(167): Fideloper\\Proxy\\TrustProxies->handle(Object(Illuminate\\Http\\Request), Object(Closure))
#44 /var/www/beas.in/public_html/ramkrishna_dharma_chakra/vendor/laravel/framework/src/Illuminate/Pipeline/Pipeline.php(103): Illuminate\\Pipeline\\Pipeline->Illuminate\\Pipeline\\{closure}(Object(Illuminate\\Http\\Request))
#45 /var/www/beas.in/public_html/ramkrishna_dharma_chakra/vendor/laravel/framework/src/Illuminate/Foundation/Http/Kernel.php(142): Illuminate\\Pipeline\\Pipeline->then(Object(Closure))
#46 /var/www/beas.in/public_html/ramkrishna_dharma_chakra/vendor/laravel/framework/src/Illuminate/Foundation/Http/Kernel.php(111): Illuminate\\Foundation\\Http\\Kernel->sendRequestThroughRouter(Object(Illuminate\\Http\\Request))
#47 /var/www/beas.in/public_html/ramkrishna_dharma_chakra/index.php(54): Illuminate\\Foundation\\Http\\Kernel->handle(Object(Illuminate\\Http\\Request))
#48 {main}

[previous exception] [object] (PDOException(code: 42000): SQLSTATE[42000]: Syntax error or access violation: 1118 Row size too large (> 8126). Changing some columns to TEXT or BLOB or using ROW_FORMAT=DYNAMIC or ROW_FORMAT=COMPRESSED may help. In current row format, BLOB prefix of 768 bytes is stored inline. at /var/www/beas.in/public_html/ramkrishna_dharma_chakra/vendor/laravel/framework/src/Illuminate/Database/Connection.php:526)
[stacktrace]
#0 /var/www/beas.in/public_html/ramkrishna_dharma_chakra/vendor/laravel/framework/src/Illuminate/Database/Connection.php(526): PDOStatement->execute()
#1 /var/www/beas.in/public_html/ramkrishna_dharma_chakra/vendor/laravel/framework/src/Illuminate/Database/Connection.php(705): Illuminate\\Database\\Connection->Illuminate\\Database\\{closure}('update `about` ...', Array)
#2 /var/www/beas.in/public_html/ramkrishna_dharma_chakra/vendor/laravel/framework/src/Illuminate/Database/Connection.php(672): Illuminate\\Database\\Connection->runQueryCallback('update `about` ...', Array, Object(Closure))
#3 /var/www/beas.in/public_html/ramkrishna_dharma_chakra/vendor/laravel/framework/src/Illuminate/Database/Connection.php(533): Illuminate\\Database\\Connection->run('update `about` ...', Array, Object(Closure))
#4 /var/www/beas.in/public_html/ramkrishna_dharma_chakra/vendor/laravel/framework/src/Illuminate/Database/Connection.php(466): Illuminate\\Database\\Connection->affectingStatement('update `about` ...', Array)
#5 /var/www/beas.in/public_html/ramkrishna_dharma_chakra/vendor/laravel/framework/src/Illuminate/Database/Query/Builder.php(3063): Illuminate\\Database\\Connection->update('update `about` ...', Array)
#6 /var/www/beas.in/public_html/ramkrishna_dharma_chakra/vendor/laravel/framework/src/Illuminate/Database/Eloquent/Builder.php(921): Illuminate\\Database\\Query\\Builder->update(Array)
#7 /var/www/beas.in/public_html/ramkrishna_dharma_chakra/app/Http/Controllers/Admin/Modules/About/AboutController.php(108): Illuminate\\Database\\Eloquent\\Builder->update(Array)
#8 /var/www/beas.in/public_html/ramkrishna_dharma_chakra/vendor/laravel/framework/src/Illuminate/Routing/Controller.php(54): App\\Http\\Controllers\\Admin\\Modules\\About\\AboutController->footerUpdate(Object(Illuminate\\Http\\Request))
#9 /var/www/beas.in/public_html/ramkrishna_dharma_chakra/vendor/laravel/framework/src/Illuminate/Routing/ControllerDispatcher.php(45): Illuminate\\Routing\\Controller->callAction('footerUpdate', Array)
#10 /var/www/beas.in/public_html/ramkrishna_dharma_chakra/vendor/laravel/framework/src/Illuminate/Routing/Route.php(262): Illuminate\\Routing\\ControllerDispatcher->dispatch(Object(Illuminate\\Routing\\Route), Object(App\\Http\\Controllers\\Admin\\Modules\\About\\AboutController), 'footerUpdate')
#11 /var/www/beas.in/public_html/ramkrishna_dharma_chakra/vendor/laravel/framework/src/Illuminate/Routing/Route.php(205): Illuminate\\Routing\\Route->runController()
#12 /var/www/beas.in/public_html/ramkrishna_dharma_chakra/vendor/laravel/framework/src/Illuminate/Routing/Router.php(721): Illuminate\\Routing\\Route->run()
#13 /var/www/beas.in/public_html/ramkrishna_dharma_chakra/vendor/laravel/framework/src/Illuminate/Pipeline/Pipeline.php(128): Illuminate\\Routing\\Router->Illuminate\\Routing\\{closure}(Object(Illuminate\\Http\\Request))
#14 /var/www/beas.in/public_html/ramkrishna_dharma_chakra/vendor/laravel/framework/src/Illuminate/Routing/Middleware/SubstituteBindings.php(50): Illuminate\\Pipeline\\Pipeline->Illuminate\\Pipeline\\{closure}(Object(Illuminate\\Http\\Request))
#15 /var/www/beas.in/public_html/ramkrishna_dharma_chakra/vendor/laravel/framework/src/Illuminate/Pipeline/Pipeline.php(167): Illuminate\\Routing\\Middleware\\SubstituteBindings->handle(Object(Illuminate\\Http\\Request), Object(Closure))
#16 /var/www/beas.in/public_html/ramkrishna_dharma_chakra/vendor/laravel/framework/src/Illuminate/Foundation/Http/Middleware/VerifyCsrfToken.php(78): Illuminate\\Pipeline\\Pipeline->Illuminate\\Pipeline\\{closure}(Object(Illuminate\\Http\\Request))
#17 /var/www/beas.in/public_html/ramkrishna_dharma_chakra/vendor/laravel/framework/src/Illuminate/Pipeline/Pipeline.php(167): Illuminate\\Foundation\\Http\\Middleware\\VerifyCsrfToken->handle(Object(Illuminate\\Http\\Request), Object(Closure))
#18 /var/www/beas.in/public_html/ramkrishna_dharma_chakra/vendor/laravel/framework/src/Illuminate/View/Middleware/ShareErrorsFromSession.php(49): Illuminate\\Pipeline\\Pipeline->Illuminate\\Pipeline\\{closure}(Object(Illuminate\\Http\\Request))
#19 /var/www/beas.in/public_html/ramkrishna_dharma_chakra/vendor/laravel/framework/src/Illuminate/Pipeline/Pipeline.php(167): Illuminate\\View\\Middleware\\ShareErrorsFromSession->handle(Object(Illuminate\\Http\\Request), Object(Closure))
#20 /var/www/beas.in/public_html/ramkrishna_dharma_chakra/vendor/laravel/framework/src/Illuminate/Session/Middleware/StartSession.php(121): Illuminate\\Pipeline\\Pipeline->Illuminate\\Pipeline\\{closure}(Object(Illuminate\\Http\\Request))
#21 /var/www/beas.in/public_html/ramkrishna_dharma_chakra/vendor/laravel/framework/src/Illuminate/Session/Middleware/StartSession.php(64): Illuminate\\Session\\Middleware\\StartSession->handleStatefulRequest(Object(Illuminate\\Http\\Request), Object(Illuminate\\Session\\Store), Object(Closure))
#22 /var/www/beas.in/public_html/ramkrishna_dharma_chakra/vendor/laravel/framework/src/Illuminate/Pipeline/Pipeline.php(167): Illuminate\\Session\\Middleware\\StartSession->handle(Object(Illuminate\\Http\\Request), Object(Closure))
#23 /var/www/beas.in/public_html/ramkrishna_dharma_chakra/vendor/laravel/framework/src/Illuminate/Cookie/Middleware/AddQueuedCookiesToResponse.php(37): Illuminate\\Pipeline\\Pipeline->Illuminate\\Pipeline\\{closure}(Object(Illuminate\\Http\\Request))
#24 /var/www/beas.in/public_html/ramkrishna_dharma_chakra/vendor/laravel/framework/src/Illuminate/Pipeline/Pipeline.php(167): Illuminate\\Cookie\\Middleware\\AddQueuedCookiesToResponse->handle(Object(Illuminate\\Http\\Request), Object(Closure))
#25 /var/www/beas.in/public_html/ramkrishna_dharma_chakra/vendor/laravel/framework/src/Illuminate/Cookie/Middleware/EncryptCookies.php(67): Illuminate\\Pipeline\\Pipeline->Illuminate\\Pipeline\\{closure}(Object(Illuminate\\Http\\Request))
#26 /var/www/beas.in/public_html/ramkrishna_dharma_chakra/vendor/laravel/framework/src/Illuminate/Pipeline/Pipeline.php(167): Illuminate\\Cookie\\Middleware\\EncryptCookies->handle(Object(Illuminate\\Http\\Request), Object(Closure))
#27 /var/www/beas.in/public_html/ramkrishna_dharma_chakra/vendor/laravel/framework/src/Illuminate/Pipeline/Pipeline.php(103): Illuminate\\Pipeline\\Pipeline->Illuminate\\Pipeline\\{closure}(Object(Illuminate\\Http\\Request))
#28 /var/www/beas.in/public_html/ramkrishna_dharma_chakra/vendor/laravel/framework/src/Illuminate/Routing/Router.php(723): Illuminate\\Pipeline\\Pipeline->then(Object(Closure))
#29 /var/www/beas.in/public_html/ramkrishna_dharma_chakra/vendor/laravel/framework/src/Illuminate/Routing/Router.php(698): Illuminate\\Routing\\Router->runRouteWithinStack(Object(Illuminate\\Routing\\Route), Object(Illuminate\\Http\\Request))
#30 /var/www/beas.in/public_html/ramkrishna_dharma_chakra/vendor/laravel/framework/src/Illuminate/Routing/Router.php(662): Illuminate\\Routing\\Router->runRoute(Object(Illuminate\\Http\\Request), Object(Illuminate\\Routing\\Route))
#31 /var/www/beas.in/public_html/ramkrishna_dharma_chakra/vendor/laravel/framework/src/Illuminate/Routing/Router.php(651): Illuminate\\Routing\\Router->dispatchToRoute(Object(Illuminate\\Http\\Request))
#32 /var/www/beas.in/public_html/ramkrishna_dharma_chakra/vendor/laravel/framework/src/Illuminate/Foundation/Http/Kernel.php(167): Illuminate\\Routing\\Router->dispatch(Object(Illuminate\\Http\\Request))
#33 /var/www/beas.in/public_html/ramkrishna_dharma_chakra/vendor/laravel/framework/src/Illuminate/Pipeline/Pipeline.php(128): Illuminate\\Foundation\\Http\\Kernel->Illuminate\\Foundation\\Http\\{closure}(Object(Illuminate\\Http\\Request))
#34 /var/www/beas.in/public_html/ramkrishna_dharma_chakra/vendor/laravel/framework/src/Illuminate/Foundation/Http/Middleware/TransformsRequest.php(21): Illuminate\\Pipeline\\Pipeline->Illuminate\\Pipeline\\{closure}(Object(Illuminate\\Http\\Request))
#35 /var/www/beas.in/public_html/ramkrishna_dharma_chakra/vendor/laravel/framework/src/Illuminate/Foundation/Http/Middleware/ConvertEmptyStringsToNull.php(31): Illuminate\\Foundation\\Http\\Middleware\\TransformsRequest->handle(Object(Illuminate\\Http\\Request), Object(Closure))
#36 /var/www/beas.in/public_html/ramkrishna_dharma_chakra/vendor/laravel/framework/src/Illuminate/Pipeline/Pipeline.php(167): Illuminate\\Foundation\\Http\\Middleware\\ConvertEmptyStringsToNull->handle(Object(Illuminate\\Http\\Request), Object(Closure))
#37 /var/www/beas.in/public_html/ramkrishna_dharma_chakra/vendor/laravel/framework/src/Illuminate/Foundation/Http/Middleware/TransformsRequest.php(21): Illuminate\\Pipeline\\Pipeline->Illuminate\\Pipeline\\{closure}(Object(Illuminate\\Http\\Request))
#38 /var/www/beas.in/public_html/ramkrishna_dharma_chakra/vendor/laravel/framework/src/Illuminate/Foundation/Http/Middleware/TrimStrings.php(40): Illuminate\\Foundation\\Http\\Middleware\\TransformsRequest->handle(Object(Illuminate\\Http\\Request), Object(Closure))
#39 /var/www/beas.in/public_html/ramkrishna_dharma_chakra/vendor/laravel/framework/src/Illuminate/Pipeline/Pipeline.php(167): Illuminate\\Foundation\\Http\\Middleware\\TrimStrings->handle(Object(Illuminate\\Http\\Request), Object(Closure))
#40 /var/www/beas.in/public_html/ramkrishna_dharma_chakra/vendor/laravel/framework/src/Illuminate/Foundation/Http/Middleware/ValidatePostSize.php(27): Illuminate\\Pipeline\\Pipeline->Illuminate\\Pipeline\\{closure}(Object(Illuminate\\Http\\Request))
#41 /var/www/beas.in/public_html/ramkrishna_dharma_chakra/vendor/laravel/framework/src/Illuminate/Pipeline/Pipeline.php(167): Illuminate\\Foundation\\Http\\Middleware\\ValidatePostSize->handle(Object(Illuminate\\Http\\Request), Object(Closure))
#42 /var/www/beas.in/public_html/ramkrishna_dharma_chakra/vendor/laravel/framework/src/Illuminate/Foundation/Http/Middleware/PreventRequestsDuringMaintenance.php(86): Illuminate\\Pipeline\\Pipeline->Illuminate\\Pipeline\\{closure}(Object(Illuminate\\Http\\Request))
#43 /var/www/beas.in/public_html/ramkrishna_dharma_chakra/vendor/laravel/framework/src/Illuminate/Pipeline/Pipeline.php(167): Illuminate\\Foundation\\Http\\Middleware\\PreventRequestsDuringMaintenance->handle(Object(Illuminate\\Http\\Request), Object(Closure))
#44 /var/www/beas.in/public_html/ramkrishna_dharma_chakra/vendor/fideloper/proxy/src/TrustProxies.php(57): Illuminate\\Pipeline\\Pipeline->Illuminate\\Pipeline\\{closure}(Object(Illuminate\\Http\\Request))
#45 /var/www/beas.in/public_html/ramkrishna_dharma_chakra/vendor/laravel/framework/src/Illuminate/Pipeline/Pipeline.php(167): Fideloper\\Proxy\\TrustProxies->handle(Object(Illuminate\\Http\\Request), Object(Closure))
#46 /var/www/beas.in/public_html/ramkrishna_dharma_chakra/vendor/laravel/framework/src/Illuminate/Pipeline/Pipeline.php(103): Illuminate\\Pipeline\\Pipeline->Illuminate\\Pipeline\\{closure}(Object(Illuminate\\Http\\Request))
#47 /var/www/beas.in/public_html/ramkrishna_dharma_chakra/vendor/laravel/framework/src/Illuminate/Foundation/Http/Kernel.php(142): Illuminate\\Pipeline\\Pipeline->then(Object(Closure))
#48 /var/www/beas.in/public_html/ramkrishna_dharma_chakra/vendor/laravel/framework/src/Illuminate/Foundation/Http/Kernel.php(111): Illuminate\\Foundation\\Http\\Kernel->sendRequestThroughRouter(Object(Illuminate\\Http\\Request))
#49 /var/www/beas.in/public_html/ramkrishna_dharma_chakra/index.php(54): Illuminate\\Foundation\\Http\\Kernel->handle(Object(Illuminate\\Http\\Request))
#50 {main}
"} 
[2023-07-20 15:00:14] local.ERROR: SQLSTATE[42000]: Syntax error or access violation: 1118 Row size too large (> 8126). Changing some columns to TEXT or BLOB or using ROW_FORMAT=DYNAMIC or ROW_FORMAT=COMPRESSED may help. In current row format, BLOB prefix of 768 bytes is stored inline. (SQL: update `about` set `footer_text` = “ নারায়ণং পদ্মভবং বশিষ্ঠ শক্তিঞ্চ তৎপুত্র পরাশরঞ্চ<br />ব্যাসং শুকং গৌর পাদং মহান্তং গোবিন্দ যোগিদ্রমথাস্য শিষ্যম্<br />শ্রী শঙ্করাচার্য্য মথাস্য পদ্মপাদঞ্চ হস্তামলকং চ শিষ্যম্।<br />তন্দ্রোটকং বার্তিককারমন্যান অস্মদ গুরুন সন্তত মাতোহস্মি।<br />শ্রুতি স্মৃতিপুরাণানামালয়ং করুণালয়ং।<br />নমামি ভগবৎপাদং শঙ্করং লোকশঙ্করম্।<br />সূত্রভাস্যকৃতৌ বন্দে ভগবন্তৌ পুনঃ পুনঃ<br />ঈশ্বরো গুরুরাত্মেতি মূর্ত্তিভেদা বিভাগিনে<br />ব্যোমবৎ ব্যাপ্ত দেহায় দক্ষিণামূর্তয়ে নমঃ। ”<br />ইতি গুরুপরম্পরা স্ত্রোত্রম্।, `footer_text_english` = Narayanang Padmabhabang Vashishta Shaktinch Tatputra Parasranch Vyasang Shukong Gaur Padang Mahantang Govinda Yogadramthasya Shishyam<br /><br />Sri Shankaracharya Mathasya Padmapadancha Hastamlakang Cha Shishyam. Tandrotakong Bartikarmanana Asmad Gurun Santat Matohsmi.<br /><br />Shruti SmritiPurananamalang Karunalong. Namami Bhagavadpadong Sankarang Lokshankaram. Sutrabhasyakartau Bande Bhagwantau Re-Re<br /><br />Ishwaro Gururatmati Murtiveda Divisione Byomvata Is a deep deha in dakshinamurtay namah. ”<br /><br />Iti Guruparampra Strotram ., `facebook_link` = https://www.facebook.com/, `address` = <strong>শ্রী রামকৃষ্ণ ধর্ম চক্র</strong><br />২১১ এ, গিরিশ ঘোষ রোড, বেলুড়<br />পিও- বেলুড়মঠ,<br />হাওড়া -৭১১১২0২, `address_english` = Sri Ramakrishna Dharmachakra<br />211 A, Girish Ghosh Road,<br />Belur, P.O.- Belurmath,<br />Howrah -7111202, `youtube_link` = https://www.youtube.com/, `twitter_link` = ?, `instagram_link` = ?, `email` = ramkrishnadharmachakra@gmail.com, `phone_one` = +913326548075, `phone_two` = +919830043596, `phone_three` = +919804473647, `phone_one_bengali` = +৯১৩৩২৬৫৪৮0৭৫, `phone_two_bengali` = +৯১৯৮৩00৪৩৫৯৬, `phone_three_bengali` = +৯১৯৮0৪৪৭৩৬৪৭,, `about`.`updated_at` = 2023-07-20 15:00:14 where `id` = 1) {"exception":"[object] (Illuminate\\Database\\QueryException(code: 42000): SQLSTATE[42000]: Syntax error or access violation: 1118 Row size too large (> 8126). Changing some columns to TEXT or BLOB or using ROW_FORMAT=DYNAMIC or ROW_FORMAT=COMPRESSED may help. In current row format, BLOB prefix of 768 bytes is stored inline. (SQL: update `about` set `footer_text` = “ নারায়ণং পদ্মভবং বশিষ্ঠ শক্তিঞ্চ তৎপুত্র পরাশরঞ্চ<br />ব্যাসং শুকং গৌর পাদং মহান্তং গোবিন্দ যোগিদ্রমথাস্য শিষ্যম্<br />শ্রী শঙ্করাচার্য্য মথাস্য পদ্মপাদঞ্চ হস্তামলকং চ শিষ্যম্।<br />তন্দ্রোটকং বার্তিককারমন্যান অস্মদ গুরুন সন্তত মাতোহস্মি।<br />শ্রুতি স্মৃতিপুরাণানামালয়ং করুণালয়ং।<br />নমামি ভগবৎপাদং শঙ্করং লোকশঙ্করম্।<br />সূত্রভাস্যকৃতৌ বন্দে ভগবন্তৌ পুনঃ পুনঃ<br />ঈশ্বরো গুরুরাত্মেতি মূর্ত্তিভেদা বিভাগিনে<br />ব্যোমবৎ ব্যাপ্ত দেহায় দক্ষিণামূর্তয়ে নমঃ। ”<br />ইতি গুরুপরম্পরা স্ত্রোত্রম্।, `footer_text_english` = Narayanang Padmabhabang Vashishta Shaktinch Tatputra Parasranch Vyasang Shukong Gaur Padang Mahantang Govinda Yogadramthasya Shishyam<br /><br />Sri Shankaracharya Mathasya Padmapadancha Hastamlakang Cha Shishyam. Tandrotakong Bartikarmanana Asmad Gurun Santat Matohsmi.<br /><br />Shruti SmritiPurananamalang Karunalong. Namami Bhagavadpadong Sankarang Lokshankaram. Sutrabhasyakartau Bande Bhagwantau Re-Re<br /><br />Ishwaro Gururatmati Murtiveda Divisione Byomvata Is a deep deha in dakshinamurtay namah. ”<br /><br />Iti Guruparampra Strotram ., `facebook_link` = https://www.facebook.com/, `address` = <strong>শ্রী রামকৃষ্ণ ধর্ম চক্র</strong><br />২১১ এ, গিরিশ ঘোষ রোড, বেলুড়<br />পিও- বেলুড়মঠ,<br />হাওড়া -৭১১১২0২, `address_english` = Sri Ramakrishna Dharmachakra<br />211 A, Girish Ghosh Road,<br />Belur, P.O.- Belurmath,<br />Howrah -7111202, `youtube_link` = https://www.youtube.com/, `twitter_link` = ?, `instagram_link` = ?, `email` = ramkrishnadharmachakra@gmail.com, `phone_one` = +913326548075, `phone_two` = +919830043596, `phone_three` = +919804473647, `phone_one_bengali` = +৯১৩৩২৬৫৪৮0৭৫, `phone_two_bengali` = +৯১৯৮৩00৪৩৫৯৬, `phone_three_bengali` = +৯১৯৮0৪৪৭৩৬৪৭,, `about`.`updated_at` = 2023-07-20 15:00:14 where `id` = 1) at /var/www/beas.in/public_html/ramkrishna_dharma_chakra/vendor/laravel/framework/src/Illuminate/Database/Connection.php:712)
[stacktrace]
#0 /var/www/beas.in/public_html/ramkrishna_dharma_chakra/vendor/laravel/framework/src/Illuminate/Database/Connection.php(672): Illuminate\\Database\\Connection->runQueryCallback('update `about` ...', Array, Object(Closure))
#1 /var/www/beas.in/public_html/ramkrishna_dharma_chakra/vendor/laravel/framework/src/Illuminate/Database/Connection.php(533): Illuminate\\Database\\Connection->run('update `about` ...', Array, Object(Closure))
#2 /var/www/beas.in/public_html/ramkrishna_dharma_chakra/vendor/laravel/framework/src/Illuminate/Database/Connection.php(466): Illuminate\\Database\\Connection->affectingStatement('update `about` ...', Array)
#3 /var/www/beas.in/public_html/ramkrishna_dharma_chakra/vendor/laravel/framework/src/Illuminate/Database/Query/Builder.php(3063): Illuminate\\Database\\Connection->update('update `about` ...', Array)
#4 /var/www/beas.in/public_html/ramkrishna_dharma_chakra/vendor/laravel/framework/src/Illuminate/Database/Eloquent/Builder.php(921): Illuminate\\Database\\Query\\Builder->update(Array)
#5 /var/www/beas.in/public_html/ramkrishna_dharma_chakra/app/Http/Controllers/Admin/Modules/About/AboutController.php(108): Illuminate\\Database\\Eloquent\\Builder->update(Array)
#6 /var/www/beas.in/public_html/ramkrishna_dharma_chakra/vendor/laravel/framework/src/Illuminate/Routing/Controller.php(54): App\\Http\\Controllers\\Admin\\Modules\\About\\AboutController->footerUpdate(Object(Illuminate\\Http\\Request))
#7 /var/www/beas.in/public_html/ramkrishna_dharma_chakra/vendor/laravel/framework/src/Illuminate/Routing/ControllerDispatcher.php(45): Illuminate\\Routing\\Controller->callAction('footerUpdate', Array)
#8 /var/www/beas.in/public_html/ramkrishna_dharma_chakra/vendor/laravel/framework/src/Illuminate/Routing/Route.php(262): Illuminate\\Routing\\ControllerDispatcher->dispatch(Object(Illuminate\\Routing\\Route), Object(App\\Http\\Controllers\\Admin\\Modules\\About\\AboutController), 'footerUpdate')
#9 /var/www/beas.in/public_html/ramkrishna_dharma_chakra/vendor/laravel/framework/src/Illuminate/Routing/Route.php(205): Illuminate\\Routing\\Route->runController()
#10 /var/www/beas.in/public_html/ramkrishna_dharma_chakra/vendor/laravel/framework/src/Illuminate/Routing/Router.php(721): Illuminate\\Routing\\Route->run()
#11 /var/www/beas.in/public_html/ramkrishna_dharma_chakra/vendor/laravel/framework/src/Illuminate/Pipeline/Pipeline.php(128): Illuminate\\Routing\\Router->Illuminate\\Routing\\{closure}(Object(Illuminate\\Http\\Request))
#12 /var/www/beas.in/public_html/ramkrishna_dharma_chakra/vendor/laravel/framework/src/Illuminate/Routing/Middleware/SubstituteBindings.php(50): Illuminate\\Pipeline\\Pipeline->Illuminate\\Pipeline\\{closure}(Object(Illuminate\\Http\\Request))
#13 /var/www/beas.in/public_html/ramkrishna_dharma_chakra/vendor/laravel/framework/src/Illuminate/Pipeline/Pipeline.php(167): Illuminate\\Routing\\Middleware\\SubstituteBindings->handle(Object(Illuminate\\Http\\Request), Object(Closure))
#14 /var/www/beas.in/public_html/ramkrishna_dharma_chakra/vendor/laravel/framework/src/Illuminate/Foundation/Http/Middleware/VerifyCsrfToken.php(78): Illuminate\\Pipeline\\Pipeline->Illuminate\\Pipeline\\{closure}(Object(Illuminate\\Http\\Request))
#15 /var/www/beas.in/public_html/ramkrishna_dharma_chakra/vendor/laravel/framework/src/Illuminate/Pipeline/Pipeline.php(167): Illuminate\\Foundation\\Http\\Middleware\\VerifyCsrfToken->handle(Object(Illuminate\\Http\\Request), Object(Closure))
#16 /var/www/beas.in/public_html/ramkrishna_dharma_chakra/vendor/laravel/framework/src/Illuminate/View/Middleware/ShareErrorsFromSession.php(49): Illuminate\\Pipeline\\Pipeline->Illuminate\\Pipeline\\{closure}(Object(Illuminate\\Http\\Request))
#17 /var/www/beas.in/public_html/ramkrishna_dharma_chakra/vendor/laravel/framework/src/Illuminate/Pipeline/Pipeline.php(167): Illuminate\\View\\Middleware\\ShareErrorsFromSession->handle(Object(Illuminate\\Http\\Request), Object(Closure))
#18 /var/www/beas.in/public_html/ramkrishna_dharma_chakra/vendor/laravel/framework/src/Illuminate/Session/Middleware/StartSession.php(121): Illuminate\\Pipeline\\Pipeline->Illuminate\\Pipeline\\{closure}(Object(Illuminate\\Http\\Request))
#19 /var/www/beas.in/public_html/ramkrishna_dharma_chakra/vendor/laravel/framework/src/Illuminate/Session/Middleware/StartSession.php(64): Illuminate\\Session\\Middleware\\StartSession->handleStatefulRequest(Object(Illuminate\\Http\\Request), Object(Illuminate\\Session\\Store), Object(Closure))
#20 /var/www/beas.in/public_html/ramkrishna_dharma_chakra/vendor/laravel/framework/src/Illuminate/Pipeline/Pipeline.php(167): Illuminate\\Session\\Middleware\\StartSession->handle(Object(Illuminate\\Http\\Request), Object(Closure))
#21 /var/www/beas.in/public_html/ramkrishna_dharma_chakra/vendor/laravel/framework/src/Illuminate/Cookie/Middleware/AddQueuedCookiesToResponse.php(37): Illuminate\\Pipeline\\Pipeline->Illuminate\\Pipeline\\{closure}(Object(Illuminate\\Http\\Request))
#22 /var/www/beas.in/public_html/ramkrishna_dharma_chakra/vendor/laravel/framework/src/Illuminate/Pipeline/Pipeline.php(167): Illuminate\\Cookie\\Middleware\\AddQueuedCookiesToResponse->handle(Object(Illuminate\\Http\\Request), Object(Closure))
#23 /var/www/beas.in/public_html/ramkrishna_dharma_chakra/vendor/laravel/framework/src/Illuminate/Cookie/Middleware/EncryptCookies.php(67): Illuminate\\Pipeline\\Pipeline->Illuminate\\Pipeline\\{closure}(Object(Illuminate\\Http\\Request))
#24 /var/www/beas.in/public_html/ramkrishna_dharma_chakra/vendor/laravel/framework/src/Illuminate/Pipeline/Pipeline.php(167): Illuminate\\Cookie\\Middleware\\EncryptCookies->handle(Object(Illuminate\\Http\\Request), Object(Closure))
#25 /var/www/beas.in/public_html/ramkrishna_dharma_chakra/vendor/laravel/framework/src/Illuminate/Pipeline/Pipeline.php(103): Illuminate\\Pipeline\\Pipeline->Illuminate\\Pipeline\\{closure}(Object(Illuminate\\Http\\Request))
#26 /var/www/beas.in/public_html/ramkrishna_dharma_chakra/vendor/laravel/framework/src/Illuminate/Routing/Router.php(723): Illuminate\\Pipeline\\Pipeline->then(Object(Closure))
#27 /var/www/beas.in/public_html/ramkrishna_dharma_chakra/vendor/laravel/framework/src/Illuminate/Routing/Router.php(698): Illuminate\\Routing\\Router->runRouteWithinStack(Object(Illuminate\\Routing\\Route), Object(Illuminate\\Http\\Request))
#28 /var/www/beas.in/public_html/ramkrishna_dharma_chakra/vendor/laravel/framework/src/Illuminate/Routing/Router.php(662): Illuminate\\Routing\\Router->runRoute(Object(Illuminate\\Http\\Request), Object(Illuminate\\Routing\\Route))
#29 /var/www/beas.in/public_html/ramkrishna_dharma_chakra/vendor/laravel/framework/src/Illuminate/Routing/Router.php(651): Illuminate\\Routing\\Router->dispatchToRoute(Object(Illuminate\\Http\\Request))
#30 /var/www/beas.in/public_html/ramkrishna_dharma_chakra/vendor/laravel/framework/src/Illuminate/Foundation/Http/Kernel.php(167): Illuminate\\Routing\\Router->dispatch(Object(Illuminate\\Http\\Request))
#31 /var/www/beas.in/public_html/ramkrishna_dharma_chakra/vendor/laravel/framework/src/Illuminate/Pipeline/Pipeline.php(128): Illuminate\\Foundation\\Http\\Kernel->Illuminate\\Foundation\\Http\\{closure}(Object(Illuminate\\Http\\Request))
#32 /var/www/beas.in/public_html/ramkrishna_dharma_chakra/vendor/laravel/framework/src/Illuminate/Foundation/Http/Middleware/TransformsRequest.php(21): Illuminate\\Pipeline\\Pipeline->Illuminate\\Pipeline\\{closure}(Object(Illuminate\\Http\\Request))
#33 /var/www/beas.in/public_html/ramkrishna_dharma_chakra/vendor/laravel/framework/src/Illuminate/Foundation/Http/Middleware/ConvertEmptyStringsToNull.php(31): Illuminate\\Foundation\\Http\\Middleware\\TransformsRequest->handle(Object(Illuminate\\Http\\Request), Object(Closure))
#34 /var/www/beas.in/public_html/ramkrishna_dharma_chakra/vendor/laravel/framework/src/Illuminate/Pipeline/Pipeline.php(167): Illuminate\\Foundation\\Http\\Middleware\\ConvertEmptyStringsToNull->handle(Object(Illuminate\\Http\\Request), Object(Closure))
#35 /var/www/beas.in/public_html/ramkrishna_dharma_chakra/vendor/laravel/framework/src/Illuminate/Foundation/Http/Middleware/TransformsRequest.php(21): Illuminate\\Pipeline\\Pipeline->Illuminate\\Pipeline\\{closure}(Object(Illuminate\\Http\\Request))
#36 /var/www/beas.in/public_html/ramkrishna_dharma_chakra/vendor/laravel/framework/src/Illuminate/Foundation/Http/Middleware/TrimStrings.php(40): Illuminate\\Foundation\\Http\\Middleware\\TransformsRequest->handle(Object(Illuminate\\Http\\Request), Object(Closure))
#37 /var/www/beas.in/public_html/ramkrishna_dharma_chakra/vendor/laravel/framework/src/Illuminate/Pipeline/Pipeline.php(167): Illuminate\\Foundation\\Http\\Middleware\\TrimStrings->handle(Object(Illuminate\\Http\\Request), Object(Closure))
#38 /var/www/beas.in/public_html/ramkrishna_dharma_chakra/vendor/laravel/framework/src/Illuminate/Foundation/Http/Middleware/ValidatePostSize.php(27): Illuminate\\Pipeline\\Pipeline->Illuminate\\Pipeline\\{closure}(Object(Illuminate\\Http\\Request))
#39 /var/www/beas.in/public_html/ramkrishna_dharma_chakra/vendor/laravel/framework/src/Illuminate/Pipeline/Pipeline.php(167): Illuminate\\Foundation\\Http\\Middleware\\ValidatePostSize->handle(Object(Illuminate\\Http\\Request), Object(Closure))
#40 /var/www/beas.in/public_html/ramkrishna_dharma_chakra/vendor/laravel/framework/src/Illuminate/Foundation/Http/Middleware/PreventRequestsDuringMaintenance.php(86): Illuminate\\Pipeline\\Pipeline->Illuminate\\Pipeline\\{closure}(Object(Illuminate\\Http\\Request))
#41 /var/www/beas.in/public_html/ramkrishna_dharma_chakra/vendor/laravel/framework/src/Illuminate/Pipeline/Pipeline.php(167): Illuminate\\Foundation\\Http\\Middleware\\PreventRequestsDuringMaintenance->handle(Object(Illuminate\\Http\\Request), Object(Closure))
#42 /var/www/beas.in/public_html/ramkrishna_dharma_chakra/vendor/fideloper/proxy/src/TrustProxies.php(57): Illuminate\\Pipeline\\Pipeline->Illuminate\\Pipeline\\{closure}(Object(Illuminate\\Http\\Request))
#43 /var/www/beas.in/public_html/ramkrishna_dharma_chakra/vendor/laravel/framework/src/Illuminate/Pipeline/Pipeline.php(167): Fideloper\\Proxy\\TrustProxies->handle(Object(Illuminate\\Http\\Request), Object(Closure))
#44 /var/www/beas.in/public_html/ramkrishna_dharma_chakra/vendor/laravel/framework/src/Illuminate/Pipeline/Pipeline.php(103): Illuminate\\Pipeline\\Pipeline->Illuminate\\Pipeline\\{closure}(Object(Illuminate\\Http\\Request))
#45 /var/www/beas.in/public_html/ramkrishna_dharma_chakra/vendor/laravel/framework/src/Illuminate/Foundation/Http/Kernel.php(142): Illuminate\\Pipeline\\Pipeline->then(Object(Closure))
#46 /var/www/beas.in/public_html/ramkrishna_dharma_chakra/vendor/laravel/framework/src/Illuminate/Foundation/Http/Kernel.php(111): Illuminate\\Foundation\\Http\\Kernel->sendRequestThroughRouter(Object(Illuminate\\Http\\Request))
#47 /var/www/beas.in/public_html/ramkrishna_dharma_chakra/index.php(54): Illuminate\\Foundation\\Http\\Kernel->handle(Object(Illuminate\\Http\\Request))
#48 {main}

[previous exception] [object] (PDOException(code: 42000): SQLSTATE[42000]: Syntax error or access violation: 1118 Row size too large (> 8126). Changing some columns to TEXT or BLOB or using ROW_FORMAT=DYNAMIC or ROW_FORMAT=COMPRESSED may help. In current row format, BLOB prefix of 768 bytes is stored inline. at /var/www/beas.in/public_html/ramkrishna_dharma_chakra/vendor/laravel/framework/src/Illuminate/Database/Connection.php:526)
[stacktrace]
#0 /var/www/beas.in/public_html/ramkrishna_dharma_chakra/vendor/laravel/framework/src/Illuminate/Database/Connection.php(526): PDOStatement->execute()
#1 /var/www/beas.in/public_html/ramkrishna_dharma_chakra/vendor/laravel/framework/src/Illuminate/Database/Connection.php(705): Illuminate\\Database\\Connection->Illuminate\\Database\\{closure}('update `about` ...', Array)
#2 /var/www/beas.in/public_html/ramkrishna_dharma_chakra/vendor/laravel/framework/src/Illuminate/Database/Connection.php(672): Illuminate\\Database\\Connection->runQueryCallback('update `about` ...', Array, Object(Closure))
#3 /var/www/beas.in/public_html/ramkrishna_dharma_chakra/vendor/laravel/framework/src/Illuminate/Database/Connection.php(533): Illuminate\\Database\\Connection->run('update `about` ...', Array, Object(Closure))
#4 /var/www/beas.in/public_html/ramkrishna_dharma_chakra/vendor/laravel/framework/src/Illuminate/Database/Connection.php(466): Illuminate\\Database\\Connection->affectingStatement('update `about` ...', Array)
#5 /var/www/beas.in/public_html/ramkrishna_dharma_chakra/vendor/laravel/framework/src/Illuminate/Database/Query/Builder.php(3063): Illuminate\\Database\\Connection->update('update `about` ...', Array)
#6 /var/www/beas.in/public_html/ramkrishna_dharma_chakra/vendor/laravel/framework/src/Illuminate/Database/Eloquent/Builder.php(921): Illuminate\\Database\\Query\\Builder->update(Array)
#7 /var/www/beas.in/public_html/ramkrishna_dharma_chakra/app/Http/Controllers/Admin/Modules/About/AboutController.php(108): Illuminate\\Database\\Eloquent\\Builder->update(Array)
#8 /var/www/beas.in/public_html/ramkrishna_dharma_chakra/vendor/laravel/framework/src/Illuminate/Routing/Controller.php(54): App\\Http\\Controllers\\Admin\\Modules\\About\\AboutController->footerUpdate(Object(Illuminate\\Http\\Request))
#9 /var/www/beas.in/public_html/ramkrishna_dharma_chakra/vendor/laravel/framework/src/Illuminate/Routing/ControllerDispatcher.php(45): Illuminate\\Routing\\Controller->callAction('footerUpdate', Array)
#10 /var/www/beas.in/public_html/ramkrishna_dharma_chakra/vendor/laravel/framework/src/Illuminate/Routing/Route.php(262): Illuminate\\Routing\\ControllerDispatcher->dispatch(Object(Illuminate\\Routing\\Route), Object(App\\Http\\Controllers\\Admin\\Modules\\About\\AboutController), 'footerUpdate')
#11 /var/www/beas.in/public_html/ramkrishna_dharma_chakra/vendor/laravel/framework/src/Illuminate/Routing/Route.php(205): Illuminate\\Routing\\Route->runController()
#12 /var/www/beas.in/public_html/ramkrishna_dharma_chakra/vendor/laravel/framework/src/Illuminate/Routing/Router.php(721): Illuminate\\Routing\\Route->run()
#13 /var/www/beas.in/public_html/ramkrishna_dharma_chakra/vendor/laravel/framework/src/Illuminate/Pipeline/Pipeline.php(128): Illuminate\\Routing\\Router->Illuminate\\Routing\\{closure}(Object(Illuminate\\Http\\Request))
#14 /var/www/beas.in/public_html/ramkrishna_dharma_chakra/vendor/laravel/framework/src/Illuminate/Routing/Middleware/SubstituteBindings.php(50): Illuminate\\Pipeline\\Pipeline->Illuminate\\Pipeline\\{closure}(Object(Illuminate\\Http\\Request))
#15 /var/www/beas.in/public_html/ramkrishna_dharma_chakra/vendor/laravel/framework/src/Illuminate/Pipeline/Pipeline.php(167): Illuminate\\Routing\\Middleware\\SubstituteBindings->handle(Object(Illuminate\\Http\\Request), Object(Closure))
#16 /var/www/beas.in/public_html/ramkrishna_dharma_chakra/vendor/laravel/framework/src/Illuminate/Foundation/Http/Middleware/VerifyCsrfToken.php(78): Illuminate\\Pipeline\\Pipeline->Illuminate\\Pipeline\\{closure}(Object(Illuminate\\Http\\Request))
#17 /var/www/beas.in/public_html/ramkrishna_dharma_chakra/vendor/laravel/framework/src/Illuminate/Pipeline/Pipeline.php(167): Illuminate\\Foundation\\Http\\Middleware\\VerifyCsrfToken->handle(Object(Illuminate\\Http\\Request), Object(Closure))
#18 /var/www/beas.in/public_html/ramkrishna_dharma_chakra/vendor/laravel/framework/src/Illuminate/View/Middleware/ShareErrorsFromSession.php(49): Illuminate\\Pipeline\\Pipeline->Illuminate\\Pipeline\\{closure}(Object(Illuminate\\Http\\Request))
#19 /var/www/beas.in/public_html/ramkrishna_dharma_chakra/vendor/laravel/framework/src/Illuminate/Pipeline/Pipeline.php(167): Illuminate\\View\\Middleware\\ShareErrorsFromSession->handle(Object(Illuminate\\Http\\Request), Object(Closure))
#20 /var/www/beas.in/public_html/ramkrishna_dharma_chakra/vendor/laravel/framework/src/Illuminate/Session/Middleware/StartSession.php(121): Illuminate\\Pipeline\\Pipeline->Illuminate\\Pipeline\\{closure}(Object(Illuminate\\Http\\Request))
#21 /var/www/beas.in/public_html/ramkrishna_dharma_chakra/vendor/laravel/framework/src/Illuminate/Session/Middleware/StartSession.php(64): Illuminate\\Session\\Middleware\\StartSession->handleStatefulRequest(Object(Illuminate\\Http\\Request), Object(Illuminate\\Session\\Store), Object(Closure))
#22 /var/www/beas.in/public_html/ramkrishna_dharma_chakra/vendor/laravel/framework/src/Illuminate/Pipeline/Pipeline.php(167): Illuminate\\Session\\Middleware\\StartSession->handle(Object(Illuminate\\Http\\Request), Object(Closure))
#23 /var/www/beas.in/public_html/ramkrishna_dharma_chakra/vendor/laravel/framework/src/Illuminate/Cookie/Middleware/AddQueuedCookiesToResponse.php(37): Illuminate\\Pipeline\\Pipeline->Illuminate\\Pipeline\\{closure}(Object(Illuminate\\Http\\Request))
#24 /var/www/beas.in/public_html/ramkrishna_dharma_chakra/vendor/laravel/framework/src/Illuminate/Pipeline/Pipeline.php(167): Illuminate\\Cookie\\Middleware\\AddQueuedCookiesToResponse->handle(Object(Illuminate\\Http\\Request), Object(Closure))
#25 /var/www/beas.in/public_html/ramkrishna_dharma_chakra/vendor/laravel/framework/src/Illuminate/Cookie/Middleware/EncryptCookies.php(67): Illuminate\\Pipeline\\Pipeline->Illuminate\\Pipeline\\{closure}(Object(Illuminate\\Http\\Request))
#26 /var/www/beas.in/public_html/ramkrishna_dharma_chakra/vendor/laravel/framework/src/Illuminate/Pipeline/Pipeline.php(167): Illuminate\\Cookie\\Middleware\\EncryptCookies->handle(Object(Illuminate\\Http\\Request), Object(Closure))
#27 /var/www/beas.in/public_html/ramkrishna_dharma_chakra/vendor/laravel/framework/src/Illuminate/Pipeline/Pipeline.php(103): Illuminate\\Pipeline\\Pipeline->Illuminate\\Pipeline\\{closure}(Object(Illuminate\\Http\\Request))
#28 /var/www/beas.in/public_html/ramkrishna_dharma_chakra/vendor/laravel/framework/src/Illuminate/Routing/Router.php(723): Illuminate\\Pipeline\\Pipeline->then(Object(Closure))
#29 /var/www/beas.in/public_html/ramkrishna_dharma_chakra/vendor/laravel/framework/src/Illuminate/Routing/Router.php(698): Illuminate\\Routing\\Router->runRouteWithinStack(Object(Illuminate\\Routing\\Route), Object(Illuminate\\Http\\Request))
#30 /var/www/beas.in/public_html/ramkrishna_dharma_chakra/vendor/laravel/framework/src/Illuminate/Routing/Router.php(662): Illuminate\\Routing\\Router->runRoute(Object(Illuminate\\Http\\Request), Object(Illuminate\\Routing\\Route))
#31 /var/www/beas.in/public_html/ramkrishna_dharma_chakra/vendor/laravel/framework/src/Illuminate/Routing/Router.php(651): Illuminate\\Routing\\Router->dispatchToRoute(Object(Illuminate\\Http\\Request))
#32 /var/www/beas.in/public_html/ramkrishna_dharma_chakra/vendor/laravel/framework/src/Illuminate/Foundation/Http/Kernel.php(167): Illuminate\\Routing\\Router->dispatch(Object(Illuminate\\Http\\Request))
#33 /var/www/beas.in/public_html/ramkrishna_dharma_chakra/vendor/laravel/framework/src/Illuminate/Pipeline/Pipeline.php(128): Illuminate\\Foundation\\Http\\Kernel->Illuminate\\Foundation\\Http\\{closure}(Object(Illuminate\\Http\\Request))
#34 /var/www/beas.in/public_html/ramkrishna_dharma_chakra/vendor/laravel/framework/src/Illuminate/Foundation/Http/Middleware/TransformsRequest.php(21): Illuminate\\Pipeline\\Pipeline->Illuminate\\Pipeline\\{closure}(Object(Illuminate\\Http\\Request))
#35 /var/www/beas.in/public_html/ramkrishna_dharma_chakra/vendor/laravel/framework/src/Illuminate/Foundation/Http/Middleware/ConvertEmptyStringsToNull.php(31): Illuminate\\Foundation\\Http\\Middleware\\TransformsRequest->handle(Object(Illuminate\\Http\\Request), Object(Closure))
#36 /var/www/beas.in/public_html/ramkrishna_dharma_chakra/vendor/laravel/framework/src/Illuminate/Pipeline/Pipeline.php(167): Illuminate\\Foundation\\Http\\Middleware\\ConvertEmptyStringsToNull->handle(Object(Illuminate\\Http\\Request), Object(Closure))
#37 /var/www/beas.in/public_html/ramkrishna_dharma_chakra/vendor/laravel/framework/src/Illuminate/Foundation/Http/Middleware/TransformsRequest.php(21): Illuminate\\Pipeline\\Pipeline->Illuminate\\Pipeline\\{closure}(Object(Illuminate\\Http\\Request))
#38 /var/www/beas.in/public_html/ramkrishna_dharma_chakra/vendor/laravel/framework/src/Illuminate/Foundation/Http/Middleware/TrimStrings.php(40): Illuminate\\Foundation\\Http\\Middleware\\TransformsRequest->handle(Object(Illuminate\\Http\\Request), Object(Closure))
#39 /var/www/beas.in/public_html/ramkrishna_dharma_chakra/vendor/laravel/framework/src/Illuminate/Pipeline/Pipeline.php(167): Illuminate\\Foundation\\Http\\Middleware\\TrimStrings->handle(Object(Illuminate\\Http\\Request), Object(Closure))
#40 /var/www/beas.in/public_html/ramkrishna_dharma_chakra/vendor/laravel/framework/src/Illuminate/Foundation/Http/Middleware/ValidatePostSize.php(27): Illuminate\\Pipeline\\Pipeline->Illuminate\\Pipeline\\{closure}(Object(Illuminate\\Http\\Request))
#41 /var/www/beas.in/public_html/ramkrishna_dharma_chakra/vendor/laravel/framework/src/Illuminate/Pipeline/Pipeline.php(167): Illuminate\\Foundation\\Http\\Middleware\\ValidatePostSize->handle(Object(Illuminate\\Http\\Request), Object(Closure))
#42 /var/www/beas.in/public_html/ramkrishna_dharma_chakra/vendor/laravel/framework/src/Illuminate/Foundation/Http/Middleware/PreventRequestsDuringMaintenance.php(86): Illuminate\\Pipeline\\Pipeline->Illuminate\\Pipeline\\{closure}(Object(Illuminate\\Http\\Request))
#43 /var/www/beas.in/public_html/ramkrishna_dharma_chakra/vendor/laravel/framework/src/Illuminate/Pipeline/Pipeline.php(167): Illuminate\\Foundation\\Http\\Middleware\\PreventRequestsDuringMaintenance->handle(Object(Illuminate\\Http\\Request), Object(Closure))
#44 /var/www/beas.in/public_html/ramkrishna_dharma_chakra/vendor/fideloper/proxy/src/TrustProxies.php(57): Illuminate\\Pipeline\\Pipeline->Illuminate\\Pipeline\\{closure}(Object(Illuminate\\Http\\Request))
#45 /var/www/beas.in/public_html/ramkrishna_dharma_chakra/vendor/laravel/framework/src/Illuminate/Pipeline/Pipeline.php(167): Fideloper\\Proxy\\TrustProxies->handle(Object(Illuminate\\Http\\Request), Object(Closure))
#46 /var/www/beas.in/public_html/ramkrishna_dharma_chakra/vendor/laravel/framework/src/Illuminate/Pipeline/Pipeline.php(103): Illuminate\\Pipeline\\Pipeline->Illuminate\\Pipeline\\{closure}(Object(Illuminate\\Http\\Request))
#47 /var/www/beas.in/public_html/ramkrishna_dharma_chakra/vendor/laravel/framework/src/Illuminate/Foundation/Http/Kernel.php(142): Illuminate\\Pipeline\\Pipeline->then(Object(Closure))
#48 /var/www/beas.in/public_html/ramkrishna_dharma_chakra/vendor/laravel/framework/src/Illuminate/Foundation/Http/Kernel.php(111): Illuminate\\Foundation\\Http\\Kernel->sendRequestThroughRouter(Object(Illuminate\\Http\\Request))
#49 /var/www/beas.in/public_html/ramkrishna_dharma_chakra/index.php(54): Illuminate\\Foundation\\Http\\Kernel->handle(Object(Illuminate\\Http\\Request))
#50 {main}
"} 
[2023-07-20 15:00:55] local.ERROR: SQLSTATE[42000]: Syntax error or access violation: 1118 Row size too large (> 8126). Changing some columns to TEXT or BLOB or using ROW_FORMAT=DYNAMIC or ROW_FORMAT=COMPRESSED may help. In current row format, BLOB prefix of 768 bytes is stored inline. (SQL: update `about` set `footer_text` = “ নারায়ণং পদ্মভবং বশিষ্ঠ শক্তিঞ্চ তৎপুত্র পরাশরঞ্চ<br />ব্যাসং শুকং গৌর পাদং মহান্তং গোবিন্দ যোগিদ্রমথাস্য শিষ্যম্<br />শ্রী শঙ্করাচার্য্য মথাস্য পদ্মপাদঞ্চ হস্তামলকং চ শিষ্যম্।<br />তন্দ্রোটকং বার্তিককারমন্যান অস্মদ গুরুন সন্তত মাতোহস্মি।<br />শ্রুতি স্মৃতিপুরাণানামালয়ং করুণালয়ং।<br />নমামি ভগবৎপাদং শঙ্করং লোকশঙ্করম্।<br />সূত্রভাস্যকৃতৌ বন্দে ভগবন্তৌ পুনঃ পুনঃ<br />ঈশ্বরো গুরুরাত্মেতি মূর্ত্তিভেদা বিভাগিনে<br />ব্যোমবৎ ব্যাপ্ত দেহায় দক্ষিণামূর্তয়ে নমঃ। ”<br />ইতি গুরুপরম্পরা স্ত্রোত্রম্।, `footer_text_english` = Narayanang Padmabhabang Vashishta Shaktinch Tatputra Parasranch Vyasang Shukong Gaur Padang Mahantang Govinda Yogadramthasya Shishyam<br /><br />Sri Shankaracharya Mathasya Padmapadancha Hastamlakang Cha Shishyam. Tandrotakong Bartikarmanana Asmad Gurun Santat Matohsmi.<br /><br />Shruti SmritiPurananamalang Karunalong. Namami Bhagavadpadong Sankarang Lokshankaram. Sutrabhasyakartau Bande Bhagwantau Re-Re<br /><br />Ishwaro Gururatmati Murtiveda Divisione Byomvata Is a deep deha in dakshinamurtay namah. ”<br /><br />Iti Guruparampra Strotram ., `facebook_link` = https://www.facebook.com/, `address` = <strong>শ্রী রামকৃষ্ণ ধর্ম চক্র</strong><br />২১১ এ, গিরিশ ঘোষ রোড, বেলুড়<br />পিও- বেলুড়মঠ,<br />হাওড়া -৭১১১২0২, `address_english` = Sri Ramakrishna Dharmachakra<br />211 A, Girish Ghosh Road,<br />Belur, P.O.- Belurmath,<br />Howrah -7111202, `youtube_link` = https://www.youtube.com/, `twitter_link` = ?, `instagram_link` = ?, `email` = ramkrishnadharmachakra@gmail.com, `phone_one` = +913326548075, `phone_two` = +919830043596, `phone_three` = +919804473647, `phone_one_bengali` = +৯১৩৩২৬৫৪৮0৭৫, `phone_two_bengali` = +৯১৯৮৩00৪৩৫৯৬, `phone_three_bengali` = +৯১৯৮0৪৪৭৩৬৪৭,, `about`.`updated_at` = 2023-07-20 15:00:55 where `id` = 1) {"exception":"[object] (Illuminate\\Database\\QueryException(code: 42000): SQLSTATE[42000]: Syntax error or access violation: 1118 Row size too large (> 8126). Changing some columns to TEXT or BLOB or using ROW_FORMAT=DYNAMIC or ROW_FORMAT=COMPRESSED may help. In current row format, BLOB prefix of 768 bytes is stored inline. (SQL: update `about` set `footer_text` = “ নারায়ণং পদ্মভবং বশিষ্ঠ শক্তিঞ্চ তৎপুত্র পরাশরঞ্চ<br />ব্যাসং শুকং গৌর পাদং মহান্তং গোবিন্দ যোগিদ্রমথাস্য শিষ্যম্<br />শ্রী শঙ্করাচার্য্য মথাস্য পদ্মপাদঞ্চ হস্তামলকং চ শিষ্যম্।<br />তন্দ্রোটকং বার্তিককারমন্যান অস্মদ গুরুন সন্তত মাতোহস্মি।<br />শ্রুতি স্মৃতিপুরাণানামালয়ং করুণালয়ং।<br />নমামি ভগবৎপাদং শঙ্করং লোকশঙ্করম্।<br />সূত্রভাস্যকৃতৌ বন্দে ভগবন্তৌ পুনঃ পুনঃ<br />ঈশ্বরো গুরুরাত্মেতি মূর্ত্তিভেদা বিভাগিনে<br />ব্যোমবৎ ব্যাপ্ত দেহায় দক্ষিণামূর্তয়ে নমঃ। ”<br />ইতি গুরুপরম্পরা স্ত্রোত্রম্।, `footer_text_english` = Narayanang Padmabhabang Vashishta Shaktinch Tatputra Parasranch Vyasang Shukong Gaur Padang Mahantang Govinda Yogadramthasya Shishyam<br /><br />Sri Shankaracharya Mathasya Padmapadancha Hastamlakang Cha Shishyam. Tandrotakong Bartikarmanana Asmad Gurun Santat Matohsmi.<br /><br />Shruti SmritiPurananamalang Karunalong. Namami Bhagavadpadong Sankarang Lokshankaram. Sutrabhasyakartau Bande Bhagwantau Re-Re<br /><br />Ishwaro Gururatmati Murtiveda Divisione Byomvata Is a deep deha in dakshinamurtay namah. ”<br /><br />Iti Guruparampra Strotram ., `facebook_link` = https://www.facebook.com/, `address` = <strong>শ্রী রামকৃষ্ণ ধর্ম চক্র</strong><br />২১১ এ, গিরিশ ঘোষ রোড, বেলুড়<br />পিও- বেলুড়মঠ,<br />হাওড়া -৭১১১২0২, `address_english` = Sri Ramakrishna Dharmachakra<br />211 A, Girish Ghosh Road,<br />Belur, P.O.- Belurmath,<br />Howrah -7111202, `youtube_link` = https://www.youtube.com/, `twitter_link` = ?, `instagram_link` = ?, `email` = ramkrishnadharmachakra@gmail.com, `phone_one` = +913326548075, `phone_two` = +919830043596, `phone_three` = +919804473647, `phone_one_bengali` = +৯১৩৩২৬৫৪৮0৭৫, `phone_two_bengali` = +৯১৯৮৩00৪৩৫৯৬, `phone_three_bengali` = +৯১৯৮0৪৪৭৩৬৪৭,, `about`.`updated_at` = 2023-07-20 15:00:55 where `id` = 1) at /var/www/beas.in/public_html/ramkrishna_dharma_chakra/vendor/laravel/framework/src/Illuminate/Database/Connection.php:712)
[stacktrace]
#0 /var/www/beas.in/public_html/ramkrishna_dharma_chakra/vendor/laravel/framework/src/Illuminate/Database/Connection.php(672): Illuminate\\Database\\Connection->runQueryCallback('update `about` ...', Array, Object(Closure))
#1 /var/www/beas.in/public_html/ramkrishna_dharma_chakra/vendor/laravel/framework/src/Illuminate/Database/Connection.php(533): Illuminate\\Database\\Connection->run('update `about` ...', Array, Object(Closure))
#2 /var/www/beas.in/public_html/ramkrishna_dharma_chakra/vendor/laravel/framework/src/Illuminate/Database/Connection.php(466): Illuminate\\Database\\Connection->affectingStatement('update `about` ...', Array)
#3 /var/www/beas.in/public_html/ramkrishna_dharma_chakra/vendor/laravel/framework/src/Illuminate/Database/Query/Builder.php(3063): Illuminate\\Database\\Connection->update('update `about` ...', Array)
#4 /var/www/beas.in/public_html/ramkrishna_dharma_chakra/vendor/laravel/framework/src/Illuminate/Database/Eloquent/Builder.php(921): Illuminate\\Database\\Query\\Builder->update(Array)
#5 /var/www/beas.in/public_html/ramkrishna_dharma_chakra/app/Http/Controllers/Admin/Modules/About/AboutController.php(108): Illuminate\\Database\\Eloquent\\Builder->update(Array)
#6 /var/www/beas.in/public_html/ramkrishna_dharma_chakra/vendor/laravel/framework/src/Illuminate/Routing/Controller.php(54): App\\Http\\Controllers\\Admin\\Modules\\About\\AboutController->footerUpdate(Object(Illuminate\\Http\\Request))
#7 /var/www/beas.in/public_html/ramkrishna_dharma_chakra/vendor/laravel/framework/src/Illuminate/Routing/ControllerDispatcher.php(45): Illuminate\\Routing\\Controller->callAction('footerUpdate', Array)
#8 /var/www/beas.in/public_html/ramkrishna_dharma_chakra/vendor/laravel/framework/src/Illuminate/Routing/Route.php(262): Illuminate\\Routing\\ControllerDispatcher->dispatch(Object(Illuminate\\Routing\\Route), Object(App\\Http\\Controllers\\Admin\\Modules\\About\\AboutController), 'footerUpdate')
#9 /var/www/beas.in/public_html/ramkrishna_dharma_chakra/vendor/laravel/framework/src/Illuminate/Routing/Route.php(205): Illuminate\\Routing\\Route->runController()
#10 /var/www/beas.in/public_html/ramkrishna_dharma_chakra/vendor/laravel/framework/src/Illuminate/Routing/Router.php(721): Illuminate\\Routing\\Route->run()
#11 /var/www/beas.in/public_html/ramkrishna_dharma_chakra/vendor/laravel/framework/src/Illuminate/Pipeline/Pipeline.php(128): Illuminate\\Routing\\Router->Illuminate\\Routing\\{closure}(Object(Illuminate\\Http\\Request))
#12 /var/www/beas.in/public_html/ramkrishna_dharma_chakra/vendor/laravel/framework/src/Illuminate/Routing/Middleware/SubstituteBindings.php(50): Illuminate\\Pipeline\\Pipeline->Illuminate\\Pipeline\\{closure}(Object(Illuminate\\Http\\Request))
#13 /var/www/beas.in/public_html/ramkrishna_dharma_chakra/vendor/laravel/framework/src/Illuminate/Pipeline/Pipeline.php(167): Illuminate\\Routing\\Middleware\\SubstituteBindings->handle(Object(Illuminate\\Http\\Request), Object(Closure))
#14 /var/www/beas.in/public_html/ramkrishna_dharma_chakra/vendor/laravel/framework/src/Illuminate/Foundation/Http/Middleware/VerifyCsrfToken.php(78): Illuminate\\Pipeline\\Pipeline->Illuminate\\Pipeline\\{closure}(Object(Illuminate\\Http\\Request))
#15 /var/www/beas.in/public_html/ramkrishna_dharma_chakra/vendor/laravel/framework/src/Illuminate/Pipeline/Pipeline.php(167): Illuminate\\Foundation\\Http\\Middleware\\VerifyCsrfToken->handle(Object(Illuminate\\Http\\Request), Object(Closure))
#16 /var/www/beas.in/public_html/ramkrishna_dharma_chakra/vendor/laravel/framework/src/Illuminate/View/Middleware/ShareErrorsFromSession.php(49): Illuminate\\Pipeline\\Pipeline->Illuminate\\Pipeline\\{closure}(Object(Illuminate\\Http\\Request))
#17 /var/www/beas.in/public_html/ramkrishna_dharma_chakra/vendor/laravel/framework/src/Illuminate/Pipeline/Pipeline.php(167): Illuminate\\View\\Middleware\\ShareErrorsFromSession->handle(Object(Illuminate\\Http\\Request), Object(Closure))
#18 /var/www/beas.in/public_html/ramkrishna_dharma_chakra/vendor/laravel/framework/src/Illuminate/Session/Middleware/StartSession.php(121): Illuminate\\Pipeline\\Pipeline->Illuminate\\Pipeline\\{closure}(Object(Illuminate\\Http\\Request))
#19 /var/www/beas.in/public_html/ramkrishna_dharma_chakra/vendor/laravel/framework/src/Illuminate/Session/Middleware/StartSession.php(64): Illuminate\\Session\\Middleware\\StartSession->handleStatefulRequest(Object(Illuminate\\Http\\Request), Object(Illuminate\\Session\\Store), Object(Closure))
#20 /var/www/beas.in/public_html/ramkrishna_dharma_chakra/vendor/laravel/framework/src/Illuminate/Pipeline/Pipeline.php(167): Illuminate\\Session\\Middleware\\StartSession->handle(Object(Illuminate\\Http\\Request), Object(Closure))
#21 /var/www/beas.in/public_html/ramkrishna_dharma_chakra/vendor/laravel/framework/src/Illuminate/Cookie/Middleware/AddQueuedCookiesToResponse.php(37): Illuminate\\Pipeline\\Pipeline->Illuminate\\Pipeline\\{closure}(Object(Illuminate\\Http\\Request))
#22 /var/www/beas.in/public_html/ramkrishna_dharma_chakra/vendor/laravel/framework/src/Illuminate/Pipeline/Pipeline.php(167): Illuminate\\Cookie\\Middleware\\AddQueuedCookiesToResponse->handle(Object(Illuminate\\Http\\Request), Object(Closure))
#23 /var/www/beas.in/public_html/ramkrishna_dharma_chakra/vendor/laravel/framework/src/Illuminate/Cookie/Middleware/EncryptCookies.php(67): Illuminate\\Pipeline\\Pipeline->Illuminate\\Pipeline\\{closure}(Object(Illuminate\\Http\\Request))
#24 /var/www/beas.in/public_html/ramkrishna_dharma_chakra/vendor/laravel/framework/src/Illuminate/Pipeline/Pipeline.php(167): Illuminate\\Cookie\\Middleware\\EncryptCookies->handle(Object(Illuminate\\Http\\Request), Object(Closure))
#25 /var/www/beas.in/public_html/ramkrishna_dharma_chakra/vendor/laravel/framework/src/Illuminate/Pipeline/Pipeline.php(103): Illuminate\\Pipeline\\Pipeline->Illuminate\\Pipeline\\{closure}(Object(Illuminate\\Http\\Request))
#26 /var/www/beas.in/public_html/ramkrishna_dharma_chakra/vendor/laravel/framework/src/Illuminate/Routing/Router.php(723): Illuminate\\Pipeline\\Pipeline->then(Object(Closure))
#27 /var/www/beas.in/public_html/ramkrishna_dharma_chakra/vendor/laravel/framework/src/Illuminate/Routing/Router.php(698): Illuminate\\Routing\\Router->runRouteWithinStack(Object(Illuminate\\Routing\\Route), Object(Illuminate\\Http\\Request))
#28 /var/www/beas.in/public_html/ramkrishna_dharma_chakra/vendor/laravel/framework/src/Illuminate/Routing/Router.php(662): Illuminate\\Routing\\Router->runRoute(Object(Illuminate\\Http\\Request), Object(Illuminate\\Routing\\Route))
#29 /var/www/beas.in/public_html/ramkrishna_dharma_chakra/vendor/laravel/framework/src/Illuminate/Routing/Router.php(651): Illuminate\\Routing\\Router->dispatchToRoute(Object(Illuminate\\Http\\Request))
#30 /var/www/beas.in/public_html/ramkrishna_dharma_chakra/vendor/laravel/framework/src/Illuminate/Foundation/Http/Kernel.php(167): Illuminate\\Routing\\Router->dispatch(Object(Illuminate\\Http\\Request))
#31 /var/www/beas.in/public_html/ramkrishna_dharma_chakra/vendor/laravel/framework/src/Illuminate/Pipeline/Pipeline.php(128): Illuminate\\Foundation\\Http\\Kernel->Illuminate\\Foundation\\Http\\{closure}(Object(Illuminate\\Http\\Request))
#32 /var/www/beas.in/public_html/ramkrishna_dharma_chakra/vendor/laravel/framework/src/Illuminate/Foundation/Http/Middleware/TransformsRequest.php(21): Illuminate\\Pipeline\\Pipeline->Illuminate\\Pipeline\\{closure}(Object(Illuminate\\Http\\Request))
#33 /var/www/beas.in/public_html/ramkrishna_dharma_chakra/vendor/laravel/framework/src/Illuminate/Foundation/Http/Middleware/ConvertEmptyStringsToNull.php(31): Illuminate\\Foundation\\Http\\Middleware\\TransformsRequest->handle(Object(Illuminate\\Http\\Request), Object(Closure))
#34 /var/www/beas.in/public_html/ramkrishna_dharma_chakra/vendor/laravel/framework/src/Illuminate/Pipeline/Pipeline.php(167): Illuminate\\Foundation\\Http\\Middleware\\ConvertEmptyStringsToNull->handle(Object(Illuminate\\Http\\Request), Object(Closure))
#35 /var/www/beas.in/public_html/ramkrishna_dharma_chakra/vendor/laravel/framework/src/Illuminate/Foundation/Http/Middleware/TransformsRequest.php(21): Illuminate\\Pipeline\\Pipeline->Illuminate\\Pipeline\\{closure}(Object(Illuminate\\Http\\Request))
#36 /var/www/beas.in/public_html/ramkrishna_dharma_chakra/vendor/laravel/framework/src/Illuminate/Foundation/Http/Middleware/TrimStrings.php(40): Illuminate\\Foundation\\Http\\Middleware\\TransformsRequest->handle(Object(Illuminate\\Http\\Request), Object(Closure))
#37 /var/www/beas.in/public_html/ramkrishna_dharma_chakra/vendor/laravel/framework/src/Illuminate/Pipeline/Pipeline.php(167): Illuminate\\Foundation\\Http\\Middleware\\TrimStrings->handle(Object(Illuminate\\Http\\Request), Object(Closure))
#38 /var/www/beas.in/public_html/ramkrishna_dharma_chakra/vendor/laravel/framework/src/Illuminate/Foundation/Http/Middleware/ValidatePostSize.php(27): Illuminate\\Pipeline\\Pipeline->Illuminate\\Pipeline\\{closure}(Object(Illuminate\\Http\\Request))
#39 /var/www/beas.in/public_html/ramkrishna_dharma_chakra/vendor/laravel/framework/src/Illuminate/Pipeline/Pipeline.php(167): Illuminate\\Foundation\\Http\\Middleware\\ValidatePostSize->handle(Object(Illuminate\\Http\\Request), Object(Closure))
#40 /var/www/beas.in/public_html/ramkrishna_dharma_chakra/vendor/laravel/framework/src/Illuminate/Foundation/Http/Middleware/PreventRequestsDuringMaintenance.php(86): Illuminate\\Pipeline\\Pipeline->Illuminate\\Pipeline\\{closure}(Object(Illuminate\\Http\\Request))
#41 /var/www/beas.in/public_html/ramkrishna_dharma_chakra/vendor/laravel/framework/src/Illuminate/Pipeline/Pipeline.php(167): Illuminate\\Foundation\\Http\\Middleware\\PreventRequestsDuringMaintenance->handle(Object(Illuminate\\Http\\Request), Object(Closure))
#42 /var/www/beas.in/public_html/ramkrishna_dharma_chakra/vendor/fideloper/proxy/src/TrustProxies.php(57): Illuminate\\Pipeline\\Pipeline->Illuminate\\Pipeline\\{closure}(Object(Illuminate\\Http\\Request))
#43 /var/www/beas.in/public_html/ramkrishna_dharma_chakra/vendor/laravel/framework/src/Illuminate/Pipeline/Pipeline.php(167): Fideloper\\Proxy\\TrustProxies->handle(Object(Illuminate\\Http\\Request), Object(Closure))
#44 /var/www/beas.in/public_html/ramkrishna_dharma_chakra/vendor/laravel/framework/src/Illuminate/Pipeline/Pipeline.php(103): Illuminate\\Pipeline\\Pipeline->Illuminate\\Pipeline\\{closure}(Object(Illuminate\\Http\\Request))
#45 /var/www/beas.in/public_html/ramkrishna_dharma_chakra/vendor/laravel/framework/src/Illuminate/Foundation/Http/Kernel.php(142): Illuminate\\Pipeline\\Pipeline->then(Object(Closure))
#46 /var/www/beas.in/public_html/ramkrishna_dharma_chakra/vendor/laravel/framework/src/Illuminate/Foundation/Http/Kernel.php(111): Illuminate\\Foundation\\Http\\Kernel->sendRequestThroughRouter(Object(Illuminate\\Http\\Request))
#47 /var/www/beas.in/public_html/ramkrishna_dharma_chakra/index.php(54): Illuminate\\Foundation\\Http\\Kernel->handle(Object(Illuminate\\Http\\Request))
#48 {main}

[previous exception] [object] (PDOException(code: 42000): SQLSTATE[42000]: Syntax error or access violation: 1118 Row size too large (> 8126). Changing some columns to TEXT or BLOB or using ROW_FORMAT=DYNAMIC or ROW_FORMAT=COMPRESSED may help. In current row format, BLOB prefix of 768 bytes is stored inline. at /var/www/beas.in/public_html/ramkrishna_dharma_chakra/vendor/laravel/framework/src/Illuminate/Database/Connection.php:526)
[stacktrace]
#0 /var/www/beas.in/public_html/ramkrishna_dharma_chakra/vendor/laravel/framework/src/Illuminate/Database/Connection.php(526): PDOStatement->execute()
#1 /var/www/beas.in/public_html/ramkrishna_dharma_chakra/vendor/laravel/framework/src/Illuminate/Database/Connection.php(705): Illuminate\\Database\\Connection->Illuminate\\Database\\{closure}('update `about` ...', Array)
#2 /var/www/beas.in/public_html/ramkrishna_dharma_chakra/vendor/laravel/framework/src/Illuminate/Database/Connection.php(672): Illuminate\\Database\\Connection->runQueryCallback('update `about` ...', Array, Object(Closure))
#3 /var/www/beas.in/public_html/ramkrishna_dharma_chakra/vendor/laravel/framework/src/Illuminate/Database/Connection.php(533): Illuminate\\Database\\Connection->run('update `about` ...', Array, Object(Closure))
#4 /var/www/beas.in/public_html/ramkrishna_dharma_chakra/vendor/laravel/framework/src/Illuminate/Database/Connection.php(466): Illuminate\\Database\\Connection->affectingStatement('update `about` ...', Array)
#5 /var/www/beas.in/public_html/ramkrishna_dharma_chakra/vendor/laravel/framework/src/Illuminate/Database/Query/Builder.php(3063): Illuminate\\Database\\Connection->update('update `about` ...', Array)
#6 /var/www/beas.in/public_html/ramkrishna_dharma_chakra/vendor/laravel/framework/src/Illuminate/Database/Eloquent/Builder.php(921): Illuminate\\Database\\Query\\Builder->update(Array)
#7 /var/www/beas.in/public_html/ramkrishna_dharma_chakra/app/Http/Controllers/Admin/Modules/About/AboutController.php(108): Illuminate\\Database\\Eloquent\\Builder->update(Array)
#8 /var/www/beas.in/public_html/ramkrishna_dharma_chakra/vendor/laravel/framework/src/Illuminate/Routing/Controller.php(54): App\\Http\\Controllers\\Admin\\Modules\\About\\AboutController->footerUpdate(Object(Illuminate\\Http\\Request))
#9 /var/www/beas.in/public_html/ramkrishna_dharma_chakra/vendor/laravel/framework/src/Illuminate/Routing/ControllerDispatcher.php(45): Illuminate\\Routing\\Controller->callAction('footerUpdate', Array)
#10 /var/www/beas.in/public_html/ramkrishna_dharma_chakra/vendor/laravel/framework/src/Illuminate/Routing/Route.php(262): Illuminate\\Routing\\ControllerDispatcher->dispatch(Object(Illuminate\\Routing\\Route), Object(App\\Http\\Controllers\\Admin\\Modules\\About\\AboutController), 'footerUpdate')
#11 /var/www/beas.in/public_html/ramkrishna_dharma_chakra/vendor/laravel/framework/src/Illuminate/Routing/Route.php(205): Illuminate\\Routing\\Route->runController()
#12 /var/www/beas.in/public_html/ramkrishna_dharma_chakra/vendor/laravel/framework/src/Illuminate/Routing/Router.php(721): Illuminate\\Routing\\Route->run()
#13 /var/www/beas.in/public_html/ramkrishna_dharma_chakra/vendor/laravel/framework/src/Illuminate/Pipeline/Pipeline.php(128): Illuminate\\Routing\\Router->Illuminate\\Routing\\{closure}(Object(Illuminate\\Http\\Request))
#14 /var/www/beas.in/public_html/ramkrishna_dharma_chakra/vendor/laravel/framework/src/Illuminate/Routing/Middleware/SubstituteBindings.php(50): Illuminate\\Pipeline\\Pipeline->Illuminate\\Pipeline\\{closure}(Object(Illuminate\\Http\\Request))
#15 /var/www/beas.in/public_html/ramkrishna_dharma_chakra/vendor/laravel/framework/src/Illuminate/Pipeline/Pipeline.php(167): Illuminate\\Routing\\Middleware\\SubstituteBindings->handle(Object(Illuminate\\Http\\Request), Object(Closure))
#16 /var/www/beas.in/public_html/ramkrishna_dharma_chakra/vendor/laravel/framework/src/Illuminate/Foundation/Http/Middleware/VerifyCsrfToken.php(78): Illuminate\\Pipeline\\Pipeline->Illuminate\\Pipeline\\{closure}(Object(Illuminate\\Http\\Request))
#17 /var/www/beas.in/public_html/ramkrishna_dharma_chakra/vendor/laravel/framework/src/Illuminate/Pipeline/Pipeline.php(167): Illuminate\\Foundation\\Http\\Middleware\\VerifyCsrfToken->handle(Object(Illuminate\\Http\\Request), Object(Closure))
#18 /var/www/beas.in/public_html/ramkrishna_dharma_chakra/vendor/laravel/framework/src/Illuminate/View/Middleware/ShareErrorsFromSession.php(49): Illuminate\\Pipeline\\Pipeline->Illuminate\\Pipeline\\{closure}(Object(Illuminate\\Http\\Request))
#19 /var/www/beas.in/public_html/ramkrishna_dharma_chakra/vendor/laravel/framework/src/Illuminate/Pipeline/Pipeline.php(167): Illuminate\\View\\Middleware\\ShareErrorsFromSession->handle(Object(Illuminate\\Http\\Request), Object(Closure))
#20 /var/www/beas.in/public_html/ramkrishna_dharma_chakra/vendor/laravel/framework/src/Illuminate/Session/Middleware/StartSession.php(121): Illuminate\\Pipeline\\Pipeline->Illuminate\\Pipeline\\{closure}(Object(Illuminate\\Http\\Request))
#21 /var/www/beas.in/public_html/ramkrishna_dharma_chakra/vendor/laravel/framework/src/Illuminate/Session/Middleware/StartSession.php(64): Illuminate\\Session\\Middleware\\StartSession->handleStatefulRequest(Object(Illuminate\\Http\\Request), Object(Illuminate\\Session\\Store), Object(Closure))
#22 /var/www/beas.in/public_html/ramkrishna_dharma_chakra/vendor/laravel/framework/src/Illuminate/Pipeline/Pipeline.php(167): Illuminate\\Session\\Middleware\\StartSession->handle(Object(Illuminate\\Http\\Request), Object(Closure))
#23 /var/www/beas.in/public_html/ramkrishna_dharma_chakra/vendor/laravel/framework/src/Illuminate/Cookie/Middleware/AddQueuedCookiesToResponse.php(37): Illuminate\\Pipeline\\Pipeline->Illuminate\\Pipeline\\{closure}(Object(Illuminate\\Http\\Request))
#24 /var/www/beas.in/public_html/ramkrishna_dharma_chakra/vendor/laravel/framework/src/Illuminate/Pipeline/Pipeline.php(167): Illuminate\\Cookie\\Middleware\\AddQueuedCookiesToResponse->handle(Object(Illuminate\\Http\\Request), Object(Closure))
#25 /var/www/beas.in/public_html/ramkrishna_dharma_chakra/vendor/laravel/framework/src/Illuminate/Cookie/Middleware/EncryptCookies.php(67): Illuminate\\Pipeline\\Pipeline->Illuminate\\Pipeline\\{closure}(Object(Illuminate\\Http\\Request))
#26 /var/www/beas.in/public_html/ramkrishna_dharma_chakra/vendor/laravel/framework/src/Illuminate/Pipeline/Pipeline.php(167): Illuminate\\Cookie\\Middleware\\EncryptCookies->handle(Object(Illuminate\\Http\\Request), Object(Closure))
#27 /var/www/beas.in/public_html/ramkrishna_dharma_chakra/vendor/laravel/framework/src/Illuminate/Pipeline/Pipeline.php(103): Illuminate\\Pipeline\\Pipeline->Illuminate\\Pipeline\\{closure}(Object(Illuminate\\Http\\Request))
#28 /var/www/beas.in/public_html/ramkrishna_dharma_chakra/vendor/laravel/framework/src/Illuminate/Routing/Router.php(723): Illuminate\\Pipeline\\Pipeline->then(Object(Closure))
#29 /var/www/beas.in/public_html/ramkrishna_dharma_chakra/vendor/laravel/framework/src/Illuminate/Routing/Router.php(698): Illuminate\\Routing\\Router->runRouteWithinStack(Object(Illuminate\\Routing\\Route), Object(Illuminate\\Http\\Request))
#30 /var/www/beas.in/public_html/ramkrishna_dharma_chakra/vendor/laravel/framework/src/Illuminate/Routing/Router.php(662): Illuminate\\Routing\\Router->runRoute(Object(Illuminate\\Http\\Request), Object(Illuminate\\Routing\\Route))
#31 /var/www/beas.in/public_html/ramkrishna_dharma_chakra/vendor/laravel/framework/src/Illuminate/Routing/Router.php(651): Illuminate\\Routing\\Router->dispatchToRoute(Object(Illuminate\\Http\\Request))
#32 /var/www/beas.in/public_html/ramkrishna_dharma_chakra/vendor/laravel/framework/src/Illuminate/Foundation/Http/Kernel.php(167): Illuminate\\Routing\\Router->dispatch(Object(Illuminate\\Http\\Request))
#33 /var/www/beas.in/public_html/ramkrishna_dharma_chakra/vendor/laravel/framework/src/Illuminate/Pipeline/Pipeline.php(128): Illuminate\\Foundation\\Http\\Kernel->Illuminate\\Foundation\\Http\\{closure}(Object(Illuminate\\Http\\Request))
#34 /var/www/beas.in/public_html/ramkrishna_dharma_chakra/vendor/laravel/framework/src/Illuminate/Foundation/Http/Middleware/TransformsRequest.php(21): Illuminate\\Pipeline\\Pipeline->Illuminate\\Pipeline\\{closure}(Object(Illuminate\\Http\\Request))
#35 /var/www/beas.in/public_html/ramkrishna_dharma_chakra/vendor/laravel/framework/src/Illuminate/Foundation/Http/Middleware/ConvertEmptyStringsToNull.php(31): Illuminate\\Foundation\\Http\\Middleware\\TransformsRequest->handle(Object(Illuminate\\Http\\Request), Object(Closure))
#36 /var/www/beas.in/public_html/ramkrishna_dharma_chakra/vendor/laravel/framework/src/Illuminate/Pipeline/Pipeline.php(167): Illuminate\\Foundation\\Http\\Middleware\\ConvertEmptyStringsToNull->handle(Object(Illuminate\\Http\\Request), Object(Closure))
#37 /var/www/beas.in/public_html/ramkrishna_dharma_chakra/vendor/laravel/framework/src/Illuminate/Foundation/Http/Middleware/TransformsRequest.php(21): Illuminate\\Pipeline\\Pipeline->Illuminate\\Pipeline\\{closure}(Object(Illuminate\\Http\\Request))
#38 /var/www/beas.in/public_html/ramkrishna_dharma_chakra/vendor/laravel/framework/src/Illuminate/Foundation/Http/Middleware/TrimStrings.php(40): Illuminate\\Foundation\\Http\\Middleware\\TransformsRequest->handle(Object(Illuminate\\Http\\Request), Object(Closure))
#39 /var/www/beas.in/public_html/ramkrishna_dharma_chakra/vendor/laravel/framework/src/Illuminate/Pipeline/Pipeline.php(167): Illuminate\\Foundation\\Http\\Middleware\\TrimStrings->handle(Object(Illuminate\\Http\\Request), Object(Closure))
#40 /var/www/beas.in/public_html/ramkrishna_dharma_chakra/vendor/laravel/framework/src/Illuminate/Foundation/Http/Middleware/ValidatePostSize.php(27): Illuminate\\Pipeline\\Pipeline->Illuminate\\Pipeline\\{closure}(Object(Illuminate\\Http\\Request))
#41 /var/www/beas.in/public_html/ramkrishna_dharma_chakra/vendor/laravel/framework/src/Illuminate/Pipeline/Pipeline.php(167): Illuminate\\Foundation\\Http\\Middleware\\ValidatePostSize->handle(Object(Illuminate\\Http\\Request), Object(Closure))
#42 /var/www/beas.in/public_html/ramkrishna_dharma_chakra/vendor/laravel/framework/src/Illuminate/Foundation/Http/Middleware/PreventRequestsDuringMaintenance.php(86): Illuminate\\Pipeline\\Pipeline->Illuminate\\Pipeline\\{closure}(Object(Illuminate\\Http\\Request))
#43 /var/www/beas.in/public_html/ramkrishna_dharma_chakra/vendor/laravel/framework/src/Illuminate/Pipeline/Pipeline.php(167): Illuminate\\Foundation\\Http\\Middleware\\PreventRequestsDuringMaintenance->handle(Object(Illuminate\\Http\\Request), Object(Closure))
#44 /var/www/beas.in/public_html/ramkrishna_dharma_chakra/vendor/fideloper/proxy/src/TrustProxies.php(57): Illuminate\\Pipeline\\Pipeline->Illuminate\\Pipeline\\{closure}(Object(Illuminate\\Http\\Request))
#45 /var/www/beas.in/public_html/ramkrishna_dharma_chakra/vendor/laravel/framework/src/Illuminate/Pipeline/Pipeline.php(167): Fideloper\\Proxy\\TrustProxies->handle(Object(Illuminate\\Http\\Request), Object(Closure))
#46 /var/www/beas.in/public_html/ramkrishna_dharma_chakra/vendor/laravel/framework/src/Illuminate/Pipeline/Pipeline.php(103): Illuminate\\Pipeline\\Pipeline->Illuminate\\Pipeline\\{closure}(Object(Illuminate\\Http\\Request))
#47 /var/www/beas.in/public_html/ramkrishna_dharma_chakra/vendor/laravel/framework/src/Illuminate/Foundation/Http/Kernel.php(142): Illuminate\\Pipeline\\Pipeline->then(Object(Closure))
#48 /var/www/beas.in/public_html/ramkrishna_dharma_chakra/vendor/laravel/framework/src/Illuminate/Foundation/Http/Kernel.php(111): Illuminate\\Foundation\\Http\\Kernel->sendRequestThroughRouter(Object(Illuminate\\Http\\Request))
#49 /var/www/beas.in/public_html/ramkrishna_dharma_chakra/index.php(54): Illuminate\\Foundation\\Http\\Kernel->handle(Object(Illuminate\\Http\\Request))
#50 {main}
"} 
[2023-07-20 15:12:38] local.ERROR: SQLSTATE[42000]: Syntax error or access violation: 1118 Row size too large (> 8126). Changing some columns to TEXT or BLOB or using ROW_FORMAT=DYNAMIC or ROW_FORMAT=COMPRESSED may help. In current row format, BLOB prefix of 768 bytes is stored inline. (SQL: update `about` set `footer_text` = “ নারায়ণং পদ্মভবং বশিষ্ঠ শক্তিঞ্চ তৎপুত্র পরাশরঞ্চ ব্যাসং শুকং গৌর পাদং মহান্তং গোবিন্দ যোগিদ্রমথাস্য শিষ্যম্ শ্রী শঙ্করাচার্য্য মথাস্য পদ্মপাদঞ্চ হস্তামলকং চ শিষ্যম্। তন্দ্রোটকং বার্তিককারমন্যান অস্মদ গুরুন সন্তত মাতোহস্মি। শ্রুতি স্মৃতিপুরাণানামালয়ং করুণালয়ং।নমামি ভগবৎপাদং শঙ্করং লোকশঙ্করম্। সূত্রভাস্যকৃতৌ বন্দে ভগবন্তৌ পুনঃ পুনঃ ঈশ্বরো গুরুরাত্মেতি মূর্ত্তিভেদা বিভাগিনে ব্যোমবৎ ব্যাপ্ত দেহায় দক্ষিণামূর্তয়ে নমঃ। ” ইতি গুরুপরম্পরা স্ত্রোত্রম্।, `footer_text_english` = Narayanang Padmabhabang Vashishta Shaktinch Tatputra Parasranch Vyasang Shukong Gaur Padang Mahantang Govinda Yogadramthasya Shishyam. Sri Shankaracharya Mathasya Padmapadancha Hastamlakang Cha Shishyam. Tandrotakong Bartikarmanana Asmad Gurun Santat Matohsmi. Shruti SmritiPurananamalang Karunalong. Namami Bhagavadpadong Sankarang Lokshankaram. Sutrabhasyakartau Bande Bhagwantau Re-Re Ishwaro Gururatmati Murtiveda Divisione Byomvata Is a deep deha in dakshinamurtay namah. ”<br /><br />Iti Guruparampra Strotram, `facebook_link` = https://www.facebook.com/, `address` = <strong>শ্রী রামকৃষ্ণ ধর্ম চক্র</strong><br />২১১ এ, গিরিশ ঘোষ রোড, বেলুড়<br />পিও- বেলুড়মঠ,<br />হাওড়া -৭১১১২0২, `address_english` = Sri Ramakrishna Dharmachakra<br />211 A, Girish Ghosh Road,<br />Belur, P.O.- Belurmath,<br />Howrah -7111202, `youtube_link` = https://www.youtube.com/, `twitter_link` = ?, `instagram_link` = ?, `email` = ramkrishnadharmachakra@gmail.com, `phone_one` = +913326548075, `phone_two` = +919830043596, `phone_three` = +919804473647, `phone_one_bengali` = +৯১৩৩২৬৫৪৮0৭৫, `phone_two_bengali` = +৯১৯৮৩00৪৩৫৯৬, `phone_three_bengali` = +৯১৯৮0৪৪৭৩৬৪৭,, `about`.`updated_at` = 2023-07-20 15:12:38 where `id` = 1) {"exception":"[object] (Illuminate\\Database\\QueryException(code: 42000): SQLSTATE[42000]: Syntax error or access violation: 1118 Row size too large (> 8126). Changing some columns to TEXT or BLOB or using ROW_FORMAT=DYNAMIC or ROW_FORMAT=COMPRESSED may help. In current row format, BLOB prefix of 768 bytes is stored inline. (SQL: update `about` set `footer_text` = “ নারায়ণং পদ্মভবং বশিষ্ঠ শক্তিঞ্চ তৎপুত্র পরাশরঞ্চ ব্যাসং শুকং গৌর পাদং মহান্তং গোবিন্দ যোগিদ্রমথাস্য শিষ্যম্ শ্রী শঙ্করাচার্য্য মথাস্য পদ্মপাদঞ্চ হস্তামলকং চ শিষ্যম্। তন্দ্রোটকং বার্তিককারমন্যান অস্মদ গুরুন সন্তত মাতোহস্মি। শ্রুতি স্মৃতিপুরাণানামালয়ং করুণালয়ং।নমামি ভগবৎপাদং শঙ্করং লোকশঙ্করম্। সূত্রভাস্যকৃতৌ বন্দে ভগবন্তৌ পুনঃ পুনঃ ঈশ্বরো গুরুরাত্মেতি মূর্ত্তিভেদা বিভাগিনে ব্যোমবৎ ব্যাপ্ত দেহায় দক্ষিণামূর্তয়ে নমঃ। ” ইতি গুরুপরম্পরা স্ত্রোত্রম্।, `footer_text_english` = Narayanang Padmabhabang Vashishta Shaktinch Tatputra Parasranch Vyasang Shukong Gaur Padang Mahantang Govinda Yogadramthasya Shishyam. Sri Shankaracharya Mathasya Padmapadancha Hastamlakang Cha Shishyam. Tandrotakong Bartikarmanana Asmad Gurun Santat Matohsmi. Shruti SmritiPurananamalang Karunalong. Namami Bhagavadpadong Sankarang Lokshankaram. Sutrabhasyakartau Bande Bhagwantau Re-Re Ishwaro Gururatmati Murtiveda Divisione Byomvata Is a deep deha in dakshinamurtay namah. ”<br /><br />Iti Guruparampra Strotram, `facebook_link` = https://www.facebook.com/, `address` = <strong>শ্রী রামকৃষ্ণ ধর্ম চক্র</strong><br />২১১ এ, গিরিশ ঘোষ রোড, বেলুড়<br />পিও- বেলুড়মঠ,<br />হাওড়া -৭১১১২0২, `address_english` = Sri Ramakrishna Dharmachakra<br />211 A, Girish Ghosh Road,<br />Belur, P.O.- Belurmath,<br />Howrah -7111202, `youtube_link` = https://www.youtube.com/, `twitter_link` = ?, `instagram_link` = ?, `email` = ramkrishnadharmachakra@gmail.com, `phone_one` = +913326548075, `phone_two` = +919830043596, `phone_three` = +919804473647, `phone_one_bengali` = +৯১৩৩২৬৫৪৮0৭৫, `phone_two_bengali` = +৯১৯৮৩00৪৩৫৯৬, `phone_three_bengali` = +৯১৯৮0৪৪৭৩৬৪৭,, `about`.`updated_at` = 2023-07-20 15:12:38 where `id` = 1) at /var/www/beas.in/public_html/ramkrishna_dharma_chakra/vendor/laravel/framework/src/Illuminate/Database/Connection.php:712)
[stacktrace]
#0 /var/www/beas.in/public_html/ramkrishna_dharma_chakra/vendor/laravel/framework/src/Illuminate/Database/Connection.php(672): Illuminate\\Database\\Connection->runQueryCallback('update `about` ...', Array, Object(Closure))
#1 /var/www/beas.in/public_html/ramkrishna_dharma_chakra/vendor/laravel/framework/src/Illuminate/Database/Connection.php(533): Illuminate\\Database\\Connection->run('update `about` ...', Array, Object(Closure))
#2 /var/www/beas.in/public_html/ramkrishna_dharma_chakra/vendor/laravel/framework/src/Illuminate/Database/Connection.php(466): Illuminate\\Database\\Connection->affectingStatement('update `about` ...', Array)
#3 /var/www/beas.in/public_html/ramkrishna_dharma_chakra/vendor/laravel/framework/src/Illuminate/Database/Query/Builder.php(3063): Illuminate\\Database\\Connection->update('update `about` ...', Array)
#4 /var/www/beas.in/public_html/ramkrishna_dharma_chakra/vendor/laravel/framework/src/Illuminate/Database/Eloquent/Builder.php(921): Illuminate\\Database\\Query\\Builder->update(Array)
#5 /var/www/beas.in/public_html/ramkrishna_dharma_chakra/app/Http/Controllers/Admin/Modules/About/AboutController.php(108): Illuminate\\Database\\Eloquent\\Builder->update(Array)
#6 /var/www/beas.in/public_html/ramkrishna_dharma_chakra/vendor/laravel/framework/src/Illuminate/Routing/Controller.php(54): App\\Http\\Controllers\\Admin\\Modules\\About\\AboutController->footerUpdate(Object(Illuminate\\Http\\Request))
#7 /var/www/beas.in/public_html/ramkrishna_dharma_chakra/vendor/laravel/framework/src/Illuminate/Routing/ControllerDispatcher.php(45): Illuminate\\Routing\\Controller->callAction('footerUpdate', Array)
#8 /var/www/beas.in/public_html/ramkrishna_dharma_chakra/vendor/laravel/framework/src/Illuminate/Routing/Route.php(262): Illuminate\\Routing\\ControllerDispatcher->dispatch(Object(Illuminate\\Routing\\Route), Object(App\\Http\\Controllers\\Admin\\Modules\\About\\AboutController), 'footerUpdate')
#9 /var/www/beas.in/public_html/ramkrishna_dharma_chakra/vendor/laravel/framework/src/Illuminate/Routing/Route.php(205): Illuminate\\Routing\\Route->runController()
#10 /var/www/beas.in/public_html/ramkrishna_dharma_chakra/vendor/laravel/framework/src/Illuminate/Routing/Router.php(721): Illuminate\\Routing\\Route->run()
#11 /var/www/beas.in/public_html/ramkrishna_dharma_chakra/vendor/laravel/framework/src/Illuminate/Pipeline/Pipeline.php(128): Illuminate\\Routing\\Router->Illuminate\\Routing\\{closure}(Object(Illuminate\\Http\\Request))
#12 /var/www/beas.in/public_html/ramkrishna_dharma_chakra/vendor/laravel/framework/src/Illuminate/Routing/Middleware/SubstituteBindings.php(50): Illuminate\\Pipeline\\Pipeline->Illuminate\\Pipeline\\{closure}(Object(Illuminate\\Http\\Request))
#13 /var/www/beas.in/public_html/ramkrishna_dharma_chakra/vendor/laravel/framework/src/Illuminate/Pipeline/Pipeline.php(167): Illuminate\\Routing\\Middleware\\SubstituteBindings->handle(Object(Illuminate\\Http\\Request), Object(Closure))
#14 /var/www/beas.in/public_html/ramkrishna_dharma_chakra/vendor/laravel/framework/src/Illuminate/Foundation/Http/Middleware/VerifyCsrfToken.php(78): Illuminate\\Pipeline\\Pipeline->Illuminate\\Pipeline\\{closure}(Object(Illuminate\\Http\\Request))
#15 /var/www/beas.in/public_html/ramkrishna_dharma_chakra/vendor/laravel/framework/src/Illuminate/Pipeline/Pipeline.php(167): Illuminate\\Foundation\\Http\\Middleware\\VerifyCsrfToken->handle(Object(Illuminate\\Http\\Request), Object(Closure))
#16 /var/www/beas.in/public_html/ramkrishna_dharma_chakra/vendor/laravel/framework/src/Illuminate/View/Middleware/ShareErrorsFromSession.php(49): Illuminate\\Pipeline\\Pipeline->Illuminate\\Pipeline\\{closure}(Object(Illuminate\\Http\\Request))
#17 /var/www/beas.in/public_html/ramkrishna_dharma_chakra/vendor/laravel/framework/src/Illuminate/Pipeline/Pipeline.php(167): Illuminate\\View\\Middleware\\ShareErrorsFromSession->handle(Object(Illuminate\\Http\\Request), Object(Closure))
#18 /var/www/beas.in/public_html/ramkrishna_dharma_chakra/vendor/laravel/framework/src/Illuminate/Session/Middleware/StartSession.php(121): Illuminate\\Pipeline\\Pipeline->Illuminate\\Pipeline\\{closure}(Object(Illuminate\\Http\\Request))
#19 /var/www/beas.in/public_html/ramkrishna_dharma_chakra/vendor/laravel/framework/src/Illuminate/Session/Middleware/StartSession.php(64): Illuminate\\Session\\Middleware\\StartSession->handleStatefulRequest(Object(Illuminate\\Http\\Request), Object(Illuminate\\Session\\Store), Object(Closure))
#20 /var/www/beas.in/public_html/ramkrishna_dharma_chakra/vendor/laravel/framework/src/Illuminate/Pipeline/Pipeline.php(167): Illuminate\\Session\\Middleware\\StartSession->handle(Object(Illuminate\\Http\\Request), Object(Closure))
#21 /var/www/beas.in/public_html/ramkrishna_dharma_chakra/vendor/laravel/framework/src/Illuminate/Cookie/Middleware/AddQueuedCookiesToResponse.php(37): Illuminate\\Pipeline\\Pipeline->Illuminate\\Pipeline\\{closure}(Object(Illuminate\\Http\\Request))
#22 /var/www/beas.in/public_html/ramkrishna_dharma_chakra/vendor/laravel/framework/src/Illuminate/Pipeline/Pipeline.php(167): Illuminate\\Cookie\\Middleware\\AddQueuedCookiesToResponse->handle(Object(Illuminate\\Http\\Request), Object(Closure))
#23 /var/www/beas.in/public_html/ramkrishna_dharma_chakra/vendor/laravel/framework/src/Illuminate/Cookie/Middleware/EncryptCookies.php(67): Illuminate\\Pipeline\\Pipeline->Illuminate\\Pipeline\\{closure}(Object(Illuminate\\Http\\Request))
#24 /var/www/beas.in/public_html/ramkrishna_dharma_chakra/vendor/laravel/framework/src/Illuminate/Pipeline/Pipeline.php(167): Illuminate\\Cookie\\Middleware\\EncryptCookies->handle(Object(Illuminate\\Http\\Request), Object(Closure))
#25 /var/www/beas.in/public_html/ramkrishna_dharma_chakra/vendor/laravel/framework/src/Illuminate/Pipeline/Pipeline.php(103): Illuminate\\Pipeline\\Pipeline->Illuminate\\Pipeline\\{closure}(Object(Illuminate\\Http\\Request))
#26 /var/www/beas.in/public_html/ramkrishna_dharma_chakra/vendor/laravel/framework/src/Illuminate/Routing/Router.php(723): Illuminate\\Pipeline\\Pipeline->then(Object(Closure))
#27 /var/www/beas.in/public_html/ramkrishna_dharma_chakra/vendor/laravel/framework/src/Illuminate/Routing/Router.php(698): Illuminate\\Routing\\Router->runRouteWithinStack(Object(Illuminate\\Routing\\Route), Object(Illuminate\\Http\\Request))
#28 /var/www/beas.in/public_html/ramkrishna_dharma_chakra/vendor/laravel/framework/src/Illuminate/Routing/Router.php(662): Illuminate\\Routing\\Router->runRoute(Object(Illuminate\\Http\\Request), Object(Illuminate\\Routing\\Route))
#29 /var/www/beas.in/public_html/ramkrishna_dharma_chakra/vendor/laravel/framework/src/Illuminate/Routing/Router.php(651): Illuminate\\Routing\\Router->dispatchToRoute(Object(Illuminate\\Http\\Request))
#30 /var/www/beas.in/public_html/ramkrishna_dharma_chakra/vendor/laravel/framework/src/Illuminate/Foundation/Http/Kernel.php(167): Illuminate\\Routing\\Router->dispatch(Object(Illuminate\\Http\\Request))
#31 /var/www/beas.in/public_html/ramkrishna_dharma_chakra/vendor/laravel/framework/src/Illuminate/Pipeline/Pipeline.php(128): Illuminate\\Foundation\\Http\\Kernel->Illuminate\\Foundation\\Http\\{closure}(Object(Illuminate\\Http\\Request))
#32 /var/www/beas.in/public_html/ramkrishna_dharma_chakra/vendor/laravel/framework/src/Illuminate/Foundation/Http/Middleware/TransformsRequest.php(21): Illuminate\\Pipeline\\Pipeline->Illuminate\\Pipeline\\{closure}(Object(Illuminate\\Http\\Request))
#33 /var/www/beas.in/public_html/ramkrishna_dharma_chakra/vendor/laravel/framework/src/Illuminate/Foundation/Http/Middleware/ConvertEmptyStringsToNull.php(31): Illuminate\\Foundation\\Http\\Middleware\\TransformsRequest->handle(Object(Illuminate\\Http\\Request), Object(Closure))
#34 /var/www/beas.in/public_html/ramkrishna_dharma_chakra/vendor/laravel/framework/src/Illuminate/Pipeline/Pipeline.php(167): Illuminate\\Foundation\\Http\\Middleware\\ConvertEmptyStringsToNull->handle(Object(Illuminate\\Http\\Request), Object(Closure))
#35 /var/www/beas.in/public_html/ramkrishna_dharma_chakra/vendor/laravel/framework/src/Illuminate/Foundation/Http/Middleware/TransformsRequest.php(21): Illuminate\\Pipeline\\Pipeline->Illuminate\\Pipeline\\{closure}(Object(Illuminate\\Http\\Request))
#36 /var/www/beas.in/public_html/ramkrishna_dharma_chakra/vendor/laravel/framework/src/Illuminate/Foundation/Http/Middleware/TrimStrings.php(40): Illuminate\\Foundation\\Http\\Middleware\\TransformsRequest->handle(Object(Illuminate\\Http\\Request), Object(Closure))
#37 /var/www/beas.in/public_html/ramkrishna_dharma_chakra/vendor/laravel/framework/src/Illuminate/Pipeline/Pipeline.php(167): Illuminate\\Foundation\\Http\\Middleware\\TrimStrings->handle(Object(Illuminate\\Http\\Request), Object(Closure))
#38 /var/www/beas.in/public_html/ramkrishna_dharma_chakra/vendor/laravel/framework/src/Illuminate/Foundation/Http/Middleware/ValidatePostSize.php(27): Illuminate\\Pipeline\\Pipeline->Illuminate\\Pipeline\\{closure}(Object(Illuminate\\Http\\Request))
#39 /var/www/beas.in/public_html/ramkrishna_dharma_chakra/vendor/laravel/framework/src/Illuminate/Pipeline/Pipeline.php(167): Illuminate\\Foundation\\Http\\Middleware\\ValidatePostSize->handle(Object(Illuminate\\Http\\Request), Object(Closure))
#40 /var/www/beas.in/public_html/ramkrishna_dharma_chakra/vendor/laravel/framework/src/Illuminate/Foundation/Http/Middleware/PreventRequestsDuringMaintenance.php(86): Illuminate\\Pipeline\\Pipeline->Illuminate\\Pipeline\\{closure}(Object(Illuminate\\Http\\Request))
#41 /var/www/beas.in/public_html/ramkrishna_dharma_chakra/vendor/laravel/framework/src/Illuminate/Pipeline/Pipeline.php(167): Illuminate\\Foundation\\Http\\Middleware\\PreventRequestsDuringMaintenance->handle(Object(Illuminate\\Http\\Request), Object(Closure))
#42 /var/www/beas.in/public_html/ramkrishna_dharma_chakra/vendor/fideloper/proxy/src/TrustProxies.php(57): Illuminate\\Pipeline\\Pipeline->Illuminate\\Pipeline\\{closure}(Object(Illuminate\\Http\\Request))
#43 /var/www/beas.in/public_html/ramkrishna_dharma_chakra/vendor/laravel/framework/src/Illuminate/Pipeline/Pipeline.php(167): Fideloper\\Proxy\\TrustProxies->handle(Object(Illuminate\\Http\\Request), Object(Closure))
#44 /var/www/beas.in/public_html/ramkrishna_dharma_chakra/vendor/laravel/framework/src/Illuminate/Pipeline/Pipeline.php(103): Illuminate\\Pipeline\\Pipeline->Illuminate\\Pipeline\\{closure}(Object(Illuminate\\Http\\Request))
#45 /var/www/beas.in/public_html/ramkrishna_dharma_chakra/vendor/laravel/framework/src/Illuminate/Foundation/Http/Kernel.php(142): Illuminate\\Pipeline\\Pipeline->then(Object(Closure))
#46 /var/www/beas.in/public_html/ramkrishna_dharma_chakra/vendor/laravel/framework/src/Illuminate/Foundation/Http/Kernel.php(111): Illuminate\\Foundation\\Http\\Kernel->sendRequestThroughRouter(Object(Illuminate\\Http\\Request))
#47 /var/www/beas.in/public_html/ramkrishna_dharma_chakra/index.php(54): Illuminate\\Foundation\\Http\\Kernel->handle(Object(Illuminate\\Http\\Request))
#48 {main}

[previous exception] [object] (PDOException(code: 42000): SQLSTATE[42000]: Syntax error or access violation: 1118 Row size too large (> 8126). Changing some columns to TEXT or BLOB or using ROW_FORMAT=DYNAMIC or ROW_FORMAT=COMPRESSED may help. In current row format, BLOB prefix of 768 bytes is stored inline. at /var/www/beas.in/public_html/ramkrishna_dharma_chakra/vendor/laravel/framework/src/Illuminate/Database/Connection.php:526)
[stacktrace]
#0 /var/www/beas.in/public_html/ramkrishna_dharma_chakra/vendor/laravel/framework/src/Illuminate/Database/Connection.php(526): PDOStatement->execute()
#1 /var/www/beas.in/public_html/ramkrishna_dharma_chakra/vendor/laravel/framework/src/Illuminate/Database/Connection.php(705): Illuminate\\Database\\Connection->Illuminate\\Database\\{closure}('update `about` ...', Array)
#2 /var/www/beas.in/public_html/ramkrishna_dharma_chakra/vendor/laravel/framework/src/Illuminate/Database/Connection.php(672): Illuminate\\Database\\Connection->runQueryCallback('update `about` ...', Array, Object(Closure))
#3 /var/www/beas.in/public_html/ramkrishna_dharma_chakra/vendor/laravel/framework/src/Illuminate/Database/Connection.php(533): Illuminate\\Database\\Connection->run('update `about` ...', Array, Object(Closure))
#4 /var/www/beas.in/public_html/ramkrishna_dharma_chakra/vendor/laravel/framework/src/Illuminate/Database/Connection.php(466): Illuminate\\Database\\Connection->affectingStatement('update `about` ...', Array)
#5 /var/www/beas.in/public_html/ramkrishna_dharma_chakra/vendor/laravel/framework/src/Illuminate/Database/Query/Builder.php(3063): Illuminate\\Database\\Connection->update('update `about` ...', Array)
#6 /var/www/beas.in/public_html/ramkrishna_dharma_chakra/vendor/laravel/framework/src/Illuminate/Database/Eloquent/Builder.php(921): Illuminate\\Database\\Query\\Builder->update(Array)
#7 /var/www/beas.in/public_html/ramkrishna_dharma_chakra/app/Http/Controllers/Admin/Modules/About/AboutController.php(108): Illuminate\\Database\\Eloquent\\Builder->update(Array)
#8 /var/www/beas.in/public_html/ramkrishna_dharma_chakra/vendor/laravel/framework/src/Illuminate/Routing/Controller.php(54): App\\Http\\Controllers\\Admin\\Modules\\About\\AboutController->footerUpdate(Object(Illuminate\\Http\\Request))
#9 /var/www/beas.in/public_html/ramkrishna_dharma_chakra/vendor/laravel/framework/src/Illuminate/Routing/ControllerDispatcher.php(45): Illuminate\\Routing\\Controller->callAction('footerUpdate', Array)
#10 /var/www/beas.in/public_html/ramkrishna_dharma_chakra/vendor/laravel/framework/src/Illuminate/Routing/Route.php(262): Illuminate\\Routing\\ControllerDispatcher->dispatch(Object(Illuminate\\Routing\\Route), Object(App\\Http\\Controllers\\Admin\\Modules\\About\\AboutController), 'footerUpdate')
#11 /var/www/beas.in/public_html/ramkrishna_dharma_chakra/vendor/laravel/framework/src/Illuminate/Routing/Route.php(205): Illuminate\\Routing\\Route->runController()
#12 /var/www/beas.in/public_html/ramkrishna_dharma_chakra/vendor/laravel/framework/src/Illuminate/Routing/Router.php(721): Illuminate\\Routing\\Route->run()
#13 /var/www/beas.in/public_html/ramkrishna_dharma_chakra/vendor/laravel/framework/src/Illuminate/Pipeline/Pipeline.php(128): Illuminate\\Routing\\Router->Illuminate\\Routing\\{closure}(Object(Illuminate\\Http\\Request))
#14 /var/www/beas.in/public_html/ramkrishna_dharma_chakra/vendor/laravel/framework/src/Illuminate/Routing/Middleware/SubstituteBindings.php(50): Illuminate\\Pipeline\\Pipeline->Illuminate\\Pipeline\\{closure}(Object(Illuminate\\Http\\Request))
#15 /var/www/beas.in/public_html/ramkrishna_dharma_chakra/vendor/laravel/framework/src/Illuminate/Pipeline/Pipeline.php(167): Illuminate\\Routing\\Middleware\\SubstituteBindings->handle(Object(Illuminate\\Http\\Request), Object(Closure))
#16 /var/www/beas.in/public_html/ramkrishna_dharma_chakra/vendor/laravel/framework/src/Illuminate/Foundation/Http/Middleware/VerifyCsrfToken.php(78): Illuminate\\Pipeline\\Pipeline->Illuminate\\Pipeline\\{closure}(Object(Illuminate\\Http\\Request))
#17 /var/www/beas.in/public_html/ramkrishna_dharma_chakra/vendor/laravel/framework/src/Illuminate/Pipeline/Pipeline.php(167): Illuminate\\Foundation\\Http\\Middleware\\VerifyCsrfToken->handle(Object(Illuminate\\Http\\Request), Object(Closure))
#18 /var/www/beas.in/public_html/ramkrishna_dharma_chakra/vendor/laravel/framework/src/Illuminate/View/Middleware/ShareErrorsFromSession.php(49): Illuminate\\Pipeline\\Pipeline->Illuminate\\Pipeline\\{closure}(Object(Illuminate\\Http\\Request))
#19 /var/www/beas.in/public_html/ramkrishna_dharma_chakra/vendor/laravel/framework/src/Illuminate/Pipeline/Pipeline.php(167): Illuminate\\View\\Middleware\\ShareErrorsFromSession->handle(Object(Illuminate\\Http\\Request), Object(Closure))
#20 /var/www/beas.in/public_html/ramkrishna_dharma_chakra/vendor/laravel/framework/src/Illuminate/Session/Middleware/StartSession.php(121): Illuminate\\Pipeline\\Pipeline->Illuminate\\Pipeline\\{closure}(Object(Illuminate\\Http\\Request))
#21 /var/www/beas.in/public_html/ramkrishna_dharma_chakra/vendor/laravel/framework/src/Illuminate/Session/Middleware/StartSession.php(64): Illuminate\\Session\\Middleware\\StartSession->handleStatefulRequest(Object(Illuminate\\Http\\Request), Object(Illuminate\\Session\\Store), Object(Closure))
#22 /var/www/beas.in/public_html/ramkrishna_dharma_chakra/vendor/laravel/framework/src/Illuminate/Pipeline/Pipeline.php(167): Illuminate\\Session\\Middleware\\StartSession->handle(Object(Illuminate\\Http\\Request), Object(Closure))
#23 /var/www/beas.in/public_html/ramkrishna_dharma_chakra/vendor/laravel/framework/src/Illuminate/Cookie/Middleware/AddQueuedCookiesToResponse.php(37): Illuminate\\Pipeline\\Pipeline->Illuminate\\Pipeline\\{closure}(Object(Illuminate\\Http\\Request))
#24 /var/www/beas.in/public_html/ramkrishna_dharma_chakra/vendor/laravel/framework/src/Illuminate/Pipeline/Pipeline.php(167): Illuminate\\Cookie\\Middleware\\AddQueuedCookiesToResponse->handle(Object(Illuminate\\Http\\Request), Object(Closure))
#25 /var/www/beas.in/public_html/ramkrishna_dharma_chakra/vendor/laravel/framework/src/Illuminate/Cookie/Middleware/EncryptCookies.php(67): Illuminate\\Pipeline\\Pipeline->Illuminate\\Pipeline\\{closure}(Object(Illuminate\\Http\\Request))
#26 /var/www/beas.in/public_html/ramkrishna_dharma_chakra/vendor/laravel/framework/src/Illuminate/Pipeline/Pipeline.php(167): Illuminate\\Cookie\\Middleware\\EncryptCookies->handle(Object(Illuminate\\Http\\Request), Object(Closure))
#27 /var/www/beas.in/public_html/ramkrishna_dharma_chakra/vendor/laravel/framework/src/Illuminate/Pipeline/Pipeline.php(103): Illuminate\\Pipeline\\Pipeline->Illuminate\\Pipeline\\{closure}(Object(Illuminate\\Http\\Request))
#28 /var/www/beas.in/public_html/ramkrishna_dharma_chakra/vendor/laravel/framework/src/Illuminate/Routing/Router.php(723): Illuminate\\Pipeline\\Pipeline->then(Object(Closure))
#29 /var/www/beas.in/public_html/ramkrishna_dharma_chakra/vendor/laravel/framework/src/Illuminate/Routing/Router.php(698): Illuminate\\Routing\\Router->runRouteWithinStack(Object(Illuminate\\Routing\\Route), Object(Illuminate\\Http\\Request))
#30 /var/www/beas.in/public_html/ramkrishna_dharma_chakra/vendor/laravel/framework/src/Illuminate/Routing/Router.php(662): Illuminate\\Routing\\Router->runRoute(Object(Illuminate\\Http\\Request), Object(Illuminate\\Routing\\Route))
#31 /var/www/beas.in/public_html/ramkrishna_dharma_chakra/vendor/laravel/framework/src/Illuminate/Routing/Router.php(651): Illuminate\\Routing\\Router->dispatchToRoute(Object(Illuminate\\Http\\Request))
#32 /var/www/beas.in/public_html/ramkrishna_dharma_chakra/vendor/laravel/framework/src/Illuminate/Foundation/Http/Kernel.php(167): Illuminate\\Routing\\Router->dispatch(Object(Illuminate\\Http\\Request))
#33 /var/www/beas.in/public_html/ramkrishna_dharma_chakra/vendor/laravel/framework/src/Illuminate/Pipeline/Pipeline.php(128): Illuminate\\Foundation\\Http\\Kernel->Illuminate\\Foundation\\Http\\{closure}(Object(Illuminate\\Http\\Request))
#34 /var/www/beas.in/public_html/ramkrishna_dharma_chakra/vendor/laravel/framework/src/Illuminate/Foundation/Http/Middleware/TransformsRequest.php(21): Illuminate\\Pipeline\\Pipeline->Illuminate\\Pipeline\\{closure}(Object(Illuminate\\Http\\Request))
#35 /var/www/beas.in/public_html/ramkrishna_dharma_chakra/vendor/laravel/framework/src/Illuminate/Foundation/Http/Middleware/ConvertEmptyStringsToNull.php(31): Illuminate\\Foundation\\Http\\Middleware\\TransformsRequest->handle(Object(Illuminate\\Http\\Request), Object(Closure))
#36 /var/www/beas.in/public_html/ramkrishna_dharma_chakra/vendor/laravel/framework/src/Illuminate/Pipeline/Pipeline.php(167): Illuminate\\Foundation\\Http\\Middleware\\ConvertEmptyStringsToNull->handle(Object(Illuminate\\Http\\Request), Object(Closure))
#37 /var/www/beas.in/public_html/ramkrishna_dharma_chakra/vendor/laravel/framework/src/Illuminate/Foundation/Http/Middleware/TransformsRequest.php(21): Illuminate\\Pipeline\\Pipeline->Illuminate\\Pipeline\\{closure}(Object(Illuminate\\Http\\Request))
#38 /var/www/beas.in/public_html/ramkrishna_dharma_chakra/vendor/laravel/framework/src/Illuminate/Foundation/Http/Middleware/TrimStrings.php(40): Illuminate\\Foundation\\Http\\Middleware\\TransformsRequest->handle(Object(Illuminate\\Http\\Request), Object(Closure))
#39 /var/www/beas.in/public_html/ramkrishna_dharma_chakra/vendor/laravel/framework/src/Illuminate/Pipeline/Pipeline.php(167): Illuminate\\Foundation\\Http\\Middleware\\TrimStrings->handle(Object(Illuminate\\Http\\Request), Object(Closure))
#40 /var/www/beas.in/public_html/ramkrishna_dharma_chakra/vendor/laravel/framework/src/Illuminate/Foundation/Http/Middleware/ValidatePostSize.php(27): Illuminate\\Pipeline\\Pipeline->Illuminate\\Pipeline\\{closure}(Object(Illuminate\\Http\\Request))
#41 /var/www/beas.in/public_html/ramkrishna_dharma_chakra/vendor/laravel/framework/src/Illuminate/Pipeline/Pipeline.php(167): Illuminate\\Foundation\\Http\\Middleware\\ValidatePostSize->handle(Object(Illuminate\\Http\\Request), Object(Closure))
#42 /var/www/beas.in/public_html/ramkrishna_dharma_chakra/vendor/laravel/framework/src/Illuminate/Foundation/Http/Middleware/PreventRequestsDuringMaintenance.php(86): Illuminate\\Pipeline\\Pipeline->Illuminate\\Pipeline\\{closure}(Object(Illuminate\\Http\\Request))
#43 /var/www/beas.in/public_html/ramkrishna_dharma_chakra/vendor/laravel/framework/src/Illuminate/Pipeline/Pipeline.php(167): Illuminate\\Foundation\\Http\\Middleware\\PreventRequestsDuringMaintenance->handle(Object(Illuminate\\Http\\Request), Object(Closure))
#44 /var/www/beas.in/public_html/ramkrishna_dharma_chakra/vendor/fideloper/proxy/src/TrustProxies.php(57): Illuminate\\Pipeline\\Pipeline->Illuminate\\Pipeline\\{closure}(Object(Illuminate\\Http\\Request))
#45 /var/www/beas.in/public_html/ramkrishna_dharma_chakra/vendor/laravel/framework/src/Illuminate/Pipeline/Pipeline.php(167): Fideloper\\Proxy\\TrustProxies->handle(Object(Illuminate\\Http\\Request), Object(Closure))
#46 /var/www/beas.in/public_html/ramkrishna_dharma_chakra/vendor/laravel/framework/src/Illuminate/Pipeline/Pipeline.php(103): Illuminate\\Pipeline\\Pipeline->Illuminate\\Pipeline\\{closure}(Object(Illuminate\\Http\\Request))
#47 /var/www/beas.in/public_html/ramkrishna_dharma_chakra/vendor/laravel/framework/src/Illuminate/Foundation/Http/Kernel.php(142): Illuminate\\Pipeline\\Pipeline->then(Object(Closure))
#48 /var/www/beas.in/public_html/ramkrishna_dharma_chakra/vendor/laravel/framework/src/Illuminate/Foundation/Http/Kernel.php(111): Illuminate\\Foundation\\Http\\Kernel->sendRequestThroughRouter(Object(Illuminate\\Http\\Request))
#49 /var/www/beas.in/public_html/ramkrishna_dharma_chakra/index.php(54): Illuminate\\Foundation\\Http\\Kernel->handle(Object(Illuminate\\Http\\Request))
#50 {main}
"} 
[2023-07-20 15:12:53] local.ERROR: SQLSTATE[42000]: Syntax error or access violation: 1118 Row size too large (> 8126). Changing some columns to TEXT or BLOB or using ROW_FORMAT=DYNAMIC or ROW_FORMAT=COMPRESSED may help. In current row format, BLOB prefix of 768 bytes is stored inline. (SQL: update `about` set `footer_text` = “ নারায়ণং পদ্মভবং বশিষ্ঠ শক্তিঞ্চ তৎপুত্র পরাশরঞ্চ ব্যাসং শুকং গৌর পাদং মহান্তং গোবিন্দ যোগিদ্রমথাস্য শিষ্যম্ শ্রী শঙ্করাচার্য্য মথাস্য পদ্মপাদঞ্চ হস্তামলকং চ শিষ্যম্। তন্দ্রোটকং বার্তিককারমন্যান অস্মদ গুরুন সন্তত মাতোহস্মি। শ্রুতি স্মৃতিপুরাণানামালয়ং করুণালয়ং।নমামি ভগবৎপাদং শঙ্করং লোকশঙ্করম্। সূত্রভাস্যকৃতৌ বন্দে ভগবন্তৌ পুনঃ পুনঃ ঈশ্বরো গুরুরাত্মেতি মূর্ত্তিভেদা বিভাগিনে ব্যোমবৎ ব্যাপ্ত দেহায় দক্ষিণামূর্তয়ে নমঃ। ” ইতি গুরুপরম্পরা স্ত্রোত্রম্।, `footer_text_english` = Narayanang Padmabhabang Vashishta Shaktinch Tatputra Parasranch Vyasang Shukong Gaur Padang Mahantang Govinda Yogadramthasya Shishyam. Sri Shankaracharya Mathasya Padmapadancha Hastamlakang Cha Shishyam. Tandrotakong Bartikarmanana Asmad Gurun Santat Matohsmi. Shruti SmritiPurananamalang Karunalong. Namami Bhagavadpadong Sankarang Lokshankaram. Sutrabhasyakartau Bande Bhagwantau Re-Re Ishwaro Gururatmati Murtiveda Divisione Byomvata Is a deep deha in dakshinamurtay namah.<br />Iti Guruparampra Strotram, `facebook_link` = https://www.facebook.com/, `address` = <strong>শ্রী রামকৃষ্ণ ধর্ম চক্র</strong><br />২১১ এ, গিরিশ ঘোষ রোড, বেলুড়<br />পিও- বেলুড়মঠ,<br />হাওড়া -৭১১১২0২, `address_english` = Sri Ramakrishna Dharmachakra<br />211 A, Girish Ghosh Road,<br />Belur, P.O.- Belurmath,<br />Howrah -7111202, `youtube_link` = https://www.youtube.com/, `twitter_link` = ?, `instagram_link` = ?, `email` = ramkrishnadharmachakra@gmail.com, `phone_one` = +913326548075, `phone_two` = +919830043596, `phone_three` = +919804473647, `phone_one_bengali` = +৯১৩৩২৬৫৪৮0৭৫, `phone_two_bengali` = +৯১৯৮৩00৪৩৫৯৬, `phone_three_bengali` = +৯১৯৮0৪৪৭৩৬৪৭,, `about`.`updated_at` = 2023-07-20 15:12:53 where `id` = 1) {"exception":"[object] (Illuminate\\Database\\QueryException(code: 42000): SQLSTATE[42000]: Syntax error or access violation: 1118 Row size too large (> 8126). Changing some columns to TEXT or BLOB or using ROW_FORMAT=DYNAMIC or ROW_FORMAT=COMPRESSED may help. In current row format, BLOB prefix of 768 bytes is stored inline. (SQL: update `about` set `footer_text` = “ নারায়ণং পদ্মভবং বশিষ্ঠ শক্তিঞ্চ তৎপুত্র পরাশরঞ্চ ব্যাসং শুকং গৌর পাদং মহান্তং গোবিন্দ যোগিদ্রমথাস্য শিষ্যম্ শ্রী শঙ্করাচার্য্য মথাস্য পদ্মপাদঞ্চ হস্তামলকং চ শিষ্যম্। তন্দ্রোটকং বার্তিককারমন্যান অস্মদ গুরুন সন্তত মাতোহস্মি। শ্রুতি স্মৃতিপুরাণানামালয়ং করুণালয়ং।নমামি ভগবৎপাদং শঙ্করং লোকশঙ্করম্। সূত্রভাস্যকৃতৌ বন্দে ভগবন্তৌ পুনঃ পুনঃ ঈশ্বরো গুরুরাত্মেতি মূর্ত্তিভেদা বিভাগিনে ব্যোমবৎ ব্যাপ্ত দেহায় দক্ষিণামূর্তয়ে নমঃ। ” ইতি গুরুপরম্পরা স্ত্রোত্রম্।, `footer_text_english` = Narayanang Padmabhabang Vashishta Shaktinch Tatputra Parasranch Vyasang Shukong Gaur Padang Mahantang Govinda Yogadramthasya Shishyam. Sri Shankaracharya Mathasya Padmapadancha Hastamlakang Cha Shishyam. Tandrotakong Bartikarmanana Asmad Gurun Santat Matohsmi. Shruti SmritiPurananamalang Karunalong. Namami Bhagavadpadong Sankarang Lokshankaram. Sutrabhasyakartau Bande Bhagwantau Re-Re Ishwaro Gururatmati Murtiveda Divisione Byomvata Is a deep deha in dakshinamurtay namah.<br />Iti Guruparampra Strotram, `facebook_link` = https://www.facebook.com/, `address` = <strong>শ্রী রামকৃষ্ণ ধর্ম চক্র</strong><br />২১১ এ, গিরিশ ঘোষ রোড, বেলুড়<br />পিও- বেলুড়মঠ,<br />হাওড়া -৭১১১২0২, `address_english` = Sri Ramakrishna Dharmachakra<br />211 A, Girish Ghosh Road,<br />Belur, P.O.- Belurmath,<br />Howrah -7111202, `youtube_link` = https://www.youtube.com/, `twitter_link` = ?, `instagram_link` = ?, `email` = ramkrishnadharmachakra@gmail.com, `phone_one` = +913326548075, `phone_two` = +919830043596, `phone_three` = +919804473647, `phone_one_bengali` = +৯১৩৩২৬৫৪৮0৭৫, `phone_two_bengali` = +৯১৯৮৩00৪৩৫৯৬, `phone_three_bengali` = +৯১৯৮0৪৪৭৩৬৪৭,, `about`.`updated_at` = 2023-07-20 15:12:53 where `id` = 1) at /var/www/beas.in/public_html/ramkrishna_dharma_chakra/vendor/laravel/framework/src/Illuminate/Database/Connection.php:712)
[stacktrace]
#0 /var/www/beas.in/public_html/ramkrishna_dharma_chakra/vendor/laravel/framework/src/Illuminate/Database/Connection.php(672): Illuminate\\Database\\Connection->runQueryCallback('update `about` ...', Array, Object(Closure))
#1 /var/www/beas.in/public_html/ramkrishna_dharma_chakra/vendor/laravel/framework/src/Illuminate/Database/Connection.php(533): Illuminate\\Database\\Connection->run('update `about` ...', Array, Object(Closure))
#2 /var/www/beas.in/public_html/ramkrishna_dharma_chakra/vendor/laravel/framework/src/Illuminate/Database/Connection.php(466): Illuminate\\Database\\Connection->affectingStatement('update `about` ...', Array)
#3 /var/www/beas.in/public_html/ramkrishna_dharma_chakra/vendor/laravel/framework/src/Illuminate/Database/Query/Builder.php(3063): Illuminate\\Database\\Connection->update('update `about` ...', Array)
#4 /var/www/beas.in/public_html/ramkrishna_dharma_chakra/vendor/laravel/framework/src/Illuminate/Database/Eloquent/Builder.php(921): Illuminate\\Database\\Query\\Builder->update(Array)
#5 /var/www/beas.in/public_html/ramkrishna_dharma_chakra/app/Http/Controllers/Admin/Modules/About/AboutController.php(108): Illuminate\\Database\\Eloquent\\Builder->update(Array)
#6 /var/www/beas.in/public_html/ramkrishna_dharma_chakra/vendor/laravel/framework/src/Illuminate/Routing/Controller.php(54): App\\Http\\Controllers\\Admin\\Modules\\About\\AboutController->footerUpdate(Object(Illuminate\\Http\\Request))
#7 /var/www/beas.in/public_html/ramkrishna_dharma_chakra/vendor/laravel/framework/src/Illuminate/Routing/ControllerDispatcher.php(45): Illuminate\\Routing\\Controller->callAction('footerUpdate', Array)
#8 /var/www/beas.in/public_html/ramkrishna_dharma_chakra/vendor/laravel/framework/src/Illuminate/Routing/Route.php(262): Illuminate\\Routing\\ControllerDispatcher->dispatch(Object(Illuminate\\Routing\\Route), Object(App\\Http\\Controllers\\Admin\\Modules\\About\\AboutController), 'footerUpdate')
#9 /var/www/beas.in/public_html/ramkrishna_dharma_chakra/vendor/laravel/framework/src/Illuminate/Routing/Route.php(205): Illuminate\\Routing\\Route->runController()
#10 /var/www/beas.in/public_html/ramkrishna_dharma_chakra/vendor/laravel/framework/src/Illuminate/Routing/Router.php(721): Illuminate\\Routing\\Route->run()
#11 /var/www/beas.in/public_html/ramkrishna_dharma_chakra/vendor/laravel/framework/src/Illuminate/Pipeline/Pipeline.php(128): Illuminate\\Routing\\Router->Illuminate\\Routing\\{closure}(Object(Illuminate\\Http\\Request))
#12 /var/www/beas.in/public_html/ramkrishna_dharma_chakra/vendor/laravel/framework/src/Illuminate/Routing/Middleware/SubstituteBindings.php(50): Illuminate\\Pipeline\\Pipeline->Illuminate\\Pipeline\\{closure}(Object(Illuminate\\Http\\Request))
#13 /var/www/beas.in/public_html/ramkrishna_dharma_chakra/vendor/laravel/framework/src/Illuminate/Pipeline/Pipeline.php(167): Illuminate\\Routing\\Middleware\\SubstituteBindings->handle(Object(Illuminate\\Http\\Request), Object(Closure))
#14 /var/www/beas.in/public_html/ramkrishna_dharma_chakra/vendor/laravel/framework/src/Illuminate/Foundation/Http/Middleware/VerifyCsrfToken.php(78): Illuminate\\Pipeline\\Pipeline->Illuminate\\Pipeline\\{closure}(Object(Illuminate\\Http\\Request))
#15 /var/www/beas.in/public_html/ramkrishna_dharma_chakra/vendor/laravel/framework/src/Illuminate/Pipeline/Pipeline.php(167): Illuminate\\Foundation\\Http\\Middleware\\VerifyCsrfToken->handle(Object(Illuminate\\Http\\Request), Object(Closure))
#16 /var/www/beas.in/public_html/ramkrishna_dharma_chakra/vendor/laravel/framework/src/Illuminate/View/Middleware/ShareErrorsFromSession.php(49): Illuminate\\Pipeline\\Pipeline->Illuminate\\Pipeline\\{closure}(Object(Illuminate\\Http\\Request))
#17 /var/www/beas.in/public_html/ramkrishna_dharma_chakra/vendor/laravel/framework/src/Illuminate/Pipeline/Pipeline.php(167): Illuminate\\View\\Middleware\\ShareErrorsFromSession->handle(Object(Illuminate\\Http\\Request), Object(Closure))
#18 /var/www/beas.in/public_html/ramkrishna_dharma_chakra/vendor/laravel/framework/src/Illuminate/Session/Middleware/StartSession.php(121): Illuminate\\Pipeline\\Pipeline->Illuminate\\Pipeline\\{closure}(Object(Illuminate\\Http\\Request))
#19 /var/www/beas.in/public_html/ramkrishna_dharma_chakra/vendor/laravel/framework/src/Illuminate/Session/Middleware/StartSession.php(64): Illuminate\\Session\\Middleware\\StartSession->handleStatefulRequest(Object(Illuminate\\Http\\Request), Object(Illuminate\\Session\\Store), Object(Closure))
#20 /var/www/beas.in/public_html/ramkrishna_dharma_chakra/vendor/laravel/framework/src/Illuminate/Pipeline/Pipeline.php(167): Illuminate\\Session\\Middleware\\StartSession->handle(Object(Illuminate\\Http\\Request), Object(Closure))
#21 /var/www/beas.in/public_html/ramkrishna_dharma_chakra/vendor/laravel/framework/src/Illuminate/Cookie/Middleware/AddQueuedCookiesToResponse.php(37): Illuminate\\Pipeline\\Pipeline->Illuminate\\Pipeline\\{closure}(Object(Illuminate\\Http\\Request))
#22 /var/www/beas.in/public_html/ramkrishna_dharma_chakra/vendor/laravel/framework/src/Illuminate/Pipeline/Pipeline.php(167): Illuminate\\Cookie\\Middleware\\AddQueuedCookiesToResponse->handle(Object(Illuminate\\Http\\Request), Object(Closure))
#23 /var/www/beas.in/public_html/ramkrishna_dharma_chakra/vendor/laravel/framework/src/Illuminate/Cookie/Middleware/EncryptCookies.php(67): Illuminate\\Pipeline\\Pipeline->Illuminate\\Pipeline\\{closure}(Object(Illuminate\\Http\\Request))
#24 /var/www/beas.in/public_html/ramkrishna_dharma_chakra/vendor/laravel/framework/src/Illuminate/Pipeline/Pipeline.php(167): Illuminate\\Cookie\\Middleware\\EncryptCookies->handle(Object(Illuminate\\Http\\Request), Object(Closure))
#25 /var/www/beas.in/public_html/ramkrishna_dharma_chakra/vendor/laravel/framework/src/Illuminate/Pipeline/Pipeline.php(103): Illuminate\\Pipeline\\Pipeline->Illuminate\\Pipeline\\{closure}(Object(Illuminate\\Http\\Request))
#26 /var/www/beas.in/public_html/ramkrishna_dharma_chakra/vendor/laravel/framework/src/Illuminate/Routing/Router.php(723): Illuminate\\Pipeline\\Pipeline->then(Object(Closure))
#27 /var/www/beas.in/public_html/ramkrishna_dharma_chakra/vendor/laravel/framework/src/Illuminate/Routing/Router.php(698): Illuminate\\Routing\\Router->runRouteWithinStack(Object(Illuminate\\Routing\\Route), Object(Illuminate\\Http\\Request))
#28 /var/www/beas.in/public_html/ramkrishna_dharma_chakra/vendor/laravel/framework/src/Illuminate/Routing/Router.php(662): Illuminate\\Routing\\Router->runRoute(Object(Illuminate\\Http\\Request), Object(Illuminate\\Routing\\Route))
#29 /var/www/beas.in/public_html/ramkrishna_dharma_chakra/vendor/laravel/framework/src/Illuminate/Routing/Router.php(651): Illuminate\\Routing\\Router->dispatchToRoute(Object(Illuminate\\Http\\Request))
#30 /var/www/beas.in/public_html/ramkrishna_dharma_chakra/vendor/laravel/framework/src/Illuminate/Foundation/Http/Kernel.php(167): Illuminate\\Routing\\Router->dispatch(Object(Illuminate\\Http\\Request))
#31 /var/www/beas.in/public_html/ramkrishna_dharma_chakra/vendor/laravel/framework/src/Illuminate/Pipeline/Pipeline.php(128): Illuminate\\Foundation\\Http\\Kernel->Illuminate\\Foundation\\Http\\{closure}(Object(Illuminate\\Http\\Request))
#32 /var/www/beas.in/public_html/ramkrishna_dharma_chakra/vendor/laravel/framework/src/Illuminate/Foundation/Http/Middleware/TransformsRequest.php(21): Illuminate\\Pipeline\\Pipeline->Illuminate\\Pipeline\\{closure}(Object(Illuminate\\Http\\Request))
#33 /var/www/beas.in/public_html/ramkrishna_dharma_chakra/vendor/laravel/framework/src/Illuminate/Foundation/Http/Middleware/ConvertEmptyStringsToNull.php(31): Illuminate\\Foundation\\Http\\Middleware\\TransformsRequest->handle(Object(Illuminate\\Http\\Request), Object(Closure))
#34 /var/www/beas.in/public_html/ramkrishna_dharma_chakra/vendor/laravel/framework/src/Illuminate/Pipeline/Pipeline.php(167): Illuminate\\Foundation\\Http\\Middleware\\ConvertEmptyStringsToNull->handle(Object(Illuminate\\Http\\Request), Object(Closure))
#35 /var/www/beas.in/public_html/ramkrishna_dharma_chakra/vendor/laravel/framework/src/Illuminate/Foundation/Http/Middleware/TransformsRequest.php(21): Illuminate\\Pipeline\\Pipeline->Illuminate\\Pipeline\\{closure}(Object(Illuminate\\Http\\Request))
#36 /var/www/beas.in/public_html/ramkrishna_dharma_chakra/vendor/laravel/framework/src/Illuminate/Foundation/Http/Middleware/TrimStrings.php(40): Illuminate\\Foundation\\Http\\Middleware\\TransformsRequest->handle(Object(Illuminate\\Http\\Request), Object(Closure))
#37 /var/www/beas.in/public_html/ramkrishna_dharma_chakra/vendor/laravel/framework/src/Illuminate/Pipeline/Pipeline.php(167): Illuminate\\Foundation\\Http\\Middleware\\TrimStrings->handle(Object(Illuminate\\Http\\Request), Object(Closure))
#38 /var/www/beas.in/public_html/ramkrishna_dharma_chakra/vendor/laravel/framework/src/Illuminate/Foundation/Http/Middleware/ValidatePostSize.php(27): Illuminate\\Pipeline\\Pipeline->Illuminate\\Pipeline\\{closure}(Object(Illuminate\\Http\\Request))
#39 /var/www/beas.in/public_html/ramkrishna_dharma_chakra/vendor/laravel/framework/src/Illuminate/Pipeline/Pipeline.php(167): Illuminate\\Foundation\\Http\\Middleware\\ValidatePostSize->handle(Object(Illuminate\\Http\\Request), Object(Closure))
#40 /var/www/beas.in/public_html/ramkrishna_dharma_chakra/vendor/laravel/framework/src/Illuminate/Foundation/Http/Middleware/PreventRequestsDuringMaintenance.php(86): Illuminate\\Pipeline\\Pipeline->Illuminate\\Pipeline\\{closure}(Object(Illuminate\\Http\\Request))
#41 /var/www/beas.in/public_html/ramkrishna_dharma_chakra/vendor/laravel/framework/src/Illuminate/Pipeline/Pipeline.php(167): Illuminate\\Foundation\\Http\\Middleware\\PreventRequestsDuringMaintenance->handle(Object(Illuminate\\Http\\Request), Object(Closure))
#42 /var/www/beas.in/public_html/ramkrishna_dharma_chakra/vendor/fideloper/proxy/src/TrustProxies.php(57): Illuminate\\Pipeline\\Pipeline->Illuminate\\Pipeline\\{closure}(Object(Illuminate\\Http\\Request))
#43 /var/www/beas.in/public_html/ramkrishna_dharma_chakra/vendor/laravel/framework/src/Illuminate/Pipeline/Pipeline.php(167): Fideloper\\Proxy\\TrustProxies->handle(Object(Illuminate\\Http\\Request), Object(Closure))
#44 /var/www/beas.in/public_html/ramkrishna_dharma_chakra/vendor/laravel/framework/src/Illuminate/Pipeline/Pipeline.php(103): Illuminate\\Pipeline\\Pipeline->Illuminate\\Pipeline\\{closure}(Object(Illuminate\\Http\\Request))
#45 /var/www/beas.in/public_html/ramkrishna_dharma_chakra/vendor/laravel/framework/src/Illuminate/Foundation/Http/Kernel.php(142): Illuminate\\Pipeline\\Pipeline->then(Object(Closure))
#46 /var/www/beas.in/public_html/ramkrishna_dharma_chakra/vendor/laravel/framework/src/Illuminate/Foundation/Http/Kernel.php(111): Illuminate\\Foundation\\Http\\Kernel->sendRequestThroughRouter(Object(Illuminate\\Http\\Request))
#47 /var/www/beas.in/public_html/ramkrishna_dharma_chakra/index.php(54): Illuminate\\Foundation\\Http\\Kernel->handle(Object(Illuminate\\Http\\Request))
#48 {main}

[previous exception] [object] (PDOException(code: 42000): SQLSTATE[42000]: Syntax error or access violation: 1118 Row size too large (> 8126). Changing some columns to TEXT or BLOB or using ROW_FORMAT=DYNAMIC or ROW_FORMAT=COMPRESSED may help. In current row format, BLOB prefix of 768 bytes is stored inline. at /var/www/beas.in/public_html/ramkrishna_dharma_chakra/vendor/laravel/framework/src/Illuminate/Database/Connection.php:526)
[stacktrace]
#0 /var/www/beas.in/public_html/ramkrishna_dharma_chakra/vendor/laravel/framework/src/Illuminate/Database/Connection.php(526): PDOStatement->execute()
#1 /var/www/beas.in/public_html/ramkrishna_dharma_chakra/vendor/laravel/framework/src/Illuminate/Database/Connection.php(705): Illuminate\\Database\\Connection->Illuminate\\Database\\{closure}('update `about` ...', Array)
#2 /var/www/beas.in/public_html/ramkrishna_dharma_chakra/vendor/laravel/framework/src/Illuminate/Database/Connection.php(672): Illuminate\\Database\\Connection->runQueryCallback('update `about` ...', Array, Object(Closure))
#3 /var/www/beas.in/public_html/ramkrishna_dharma_chakra/vendor/laravel/framework/src/Illuminate/Database/Connection.php(533): Illuminate\\Database\\Connection->run('update `about` ...', Array, Object(Closure))
#4 /var/www/beas.in/public_html/ramkrishna_dharma_chakra/vendor/laravel/framework/src/Illuminate/Database/Connection.php(466): Illuminate\\Database\\Connection->affectingStatement('update `about` ...', Array)
#5 /var/www/beas.in/public_html/ramkrishna_dharma_chakra/vendor/laravel/framework/src/Illuminate/Database/Query/Builder.php(3063): Illuminate\\Database\\Connection->update('update `about` ...', Array)
#6 /var/www/beas.in/public_html/ramkrishna_dharma_chakra/vendor/laravel/framework/src/Illuminate/Database/Eloquent/Builder.php(921): Illuminate\\Database\\Query\\Builder->update(Array)
#7 /var/www/beas.in/public_html/ramkrishna_dharma_chakra/app/Http/Controllers/Admin/Modules/About/AboutController.php(108): Illuminate\\Database\\Eloquent\\Builder->update(Array)
#8 /var/www/beas.in/public_html/ramkrishna_dharma_chakra/vendor/laravel/framework/src/Illuminate/Routing/Controller.php(54): App\\Http\\Controllers\\Admin\\Modules\\About\\AboutController->footerUpdate(Object(Illuminate\\Http\\Request))
#9 /var/www/beas.in/public_html/ramkrishna_dharma_chakra/vendor/laravel/framework/src/Illuminate/Routing/ControllerDispatcher.php(45): Illuminate\\Routing\\Controller->callAction('footerUpdate', Array)
#10 /var/www/beas.in/public_html/ramkrishna_dharma_chakra/vendor/laravel/framework/src/Illuminate/Routing/Route.php(262): Illuminate\\Routing\\ControllerDispatcher->dispatch(Object(Illuminate\\Routing\\Route), Object(App\\Http\\Controllers\\Admin\\Modules\\About\\AboutController), 'footerUpdate')
#11 /var/www/beas.in/public_html/ramkrishna_dharma_chakra/vendor/laravel/framework/src/Illuminate/Routing/Route.php(205): Illuminate\\Routing\\Route->runController()
#12 /var/www/beas.in/public_html/ramkrishna_dharma_chakra/vendor/laravel/framework/src/Illuminate/Routing/Router.php(721): Illuminate\\Routing\\Route->run()
#13 /var/www/beas.in/public_html/ramkrishna_dharma_chakra/vendor/laravel/framework/src/Illuminate/Pipeline/Pipeline.php(128): Illuminate\\Routing\\Router->Illuminate\\Routing\\{closure}(Object(Illuminate\\Http\\Request))
#14 /var/www/beas.in/public_html/ramkrishna_dharma_chakra/vendor/laravel/framework/src/Illuminate/Routing/Middleware/SubstituteBindings.php(50): Illuminate\\Pipeline\\Pipeline->Illuminate\\Pipeline\\{closure}(Object(Illuminate\\Http\\Request))
#15 /var/www/beas.in/public_html/ramkrishna_dharma_chakra/vendor/laravel/framework/src/Illuminate/Pipeline/Pipeline.php(167): Illuminate\\Routing\\Middleware\\SubstituteBindings->handle(Object(Illuminate\\Http\\Request), Object(Closure))
#16 /var/www/beas.in/public_html/ramkrishna_dharma_chakra/vendor/laravel/framework/src/Illuminate/Foundation/Http/Middleware/VerifyCsrfToken.php(78): Illuminate\\Pipeline\\Pipeline->Illuminate\\Pipeline\\{closure}(Object(Illuminate\\Http\\Request))
#17 /var/www/beas.in/public_html/ramkrishna_dharma_chakra/vendor/laravel/framework/src/Illuminate/Pipeline/Pipeline.php(167): Illuminate\\Foundation\\Http\\Middleware\\VerifyCsrfToken->handle(Object(Illuminate\\Http\\Request), Object(Closure))
#18 /var/www/beas.in/public_html/ramkrishna_dharma_chakra/vendor/laravel/framework/src/Illuminate/View/Middleware/ShareErrorsFromSession.php(49): Illuminate\\Pipeline\\Pipeline->Illuminate\\Pipeline\\{closure}(Object(Illuminate\\Http\\Request))
#19 /var/www/beas.in/public_html/ramkrishna_dharma_chakra/vendor/laravel/framework/src/Illuminate/Pipeline/Pipeline.php(167): Illuminate\\View\\Middleware\\ShareErrorsFromSession->handle(Object(Illuminate\\Http\\Request), Object(Closure))
#20 /var/www/beas.in/public_html/ramkrishna_dharma_chakra/vendor/laravel/framework/src/Illuminate/Session/Middleware/StartSession.php(121): Illuminate\\Pipeline\\Pipeline->Illuminate\\Pipeline\\{closure}(Object(Illuminate\\Http\\Request))
#21 /var/www/beas.in/public_html/ramkrishna_dharma_chakra/vendor/laravel/framework/src/Illuminate/Session/Middleware/StartSession.php(64): Illuminate\\Session\\Middleware\\StartSession->handleStatefulRequest(Object(Illuminate\\Http\\Request), Object(Illuminate\\Session\\Store), Object(Closure))
#22 /var/www/beas.in/public_html/ramkrishna_dharma_chakra/vendor/laravel/framework/src/Illuminate/Pipeline/Pipeline.php(167): Illuminate\\Session\\Middleware\\StartSession->handle(Object(Illuminate\\Http\\Request), Object(Closure))
#23 /var/www/beas.in/public_html/ramkrishna_dharma_chakra/vendor/laravel/framework/src/Illuminate/Cookie/Middleware/AddQueuedCookiesToResponse.php(37): Illuminate\\Pipeline\\Pipeline->Illuminate\\Pipeline\\{closure}(Object(Illuminate\\Http\\Request))
#24 /var/www/beas.in/public_html/ramkrishna_dharma_chakra/vendor/laravel/framework/src/Illuminate/Pipeline/Pipeline.php(167): Illuminate\\Cookie\\Middleware\\AddQueuedCookiesToResponse->handle(Object(Illuminate\\Http\\Request), Object(Closure))
#25 /var/www/beas.in/public_html/ramkrishna_dharma_chakra/vendor/laravel/framework/src/Illuminate/Cookie/Middleware/EncryptCookies.php(67): Illuminate\\Pipeline\\Pipeline->Illuminate\\Pipeline\\{closure}(Object(Illuminate\\Http\\Request))
#26 /var/www/beas.in/public_html/ramkrishna_dharma_chakra/vendor/laravel/framework/src/Illuminate/Pipeline/Pipeline.php(167): Illuminate\\Cookie\\Middleware\\EncryptCookies->handle(Object(Illuminate\\Http\\Request), Object(Closure))
#27 /var/www/beas.in/public_html/ramkrishna_dharma_chakra/vendor/laravel/framework/src/Illuminate/Pipeline/Pipeline.php(103): Illuminate\\Pipeline\\Pipeline->Illuminate\\Pipeline\\{closure}(Object(Illuminate\\Http\\Request))
#28 /var/www/beas.in/public_html/ramkrishna_dharma_chakra/vendor/laravel/framework/src/Illuminate/Routing/Router.php(723): Illuminate\\Pipeline\\Pipeline->then(Object(Closure))
#29 /var/www/beas.in/public_html/ramkrishna_dharma_chakra/vendor/laravel/framework/src/Illuminate/Routing/Router.php(698): Illuminate\\Routing\\Router->runRouteWithinStack(Object(Illuminate\\Routing\\Route), Object(Illuminate\\Http\\Request))
#30 /var/www/beas.in/public_html/ramkrishna_dharma_chakra/vendor/laravel/framework/src/Illuminate/Routing/Router.php(662): Illuminate\\Routing\\Router->runRoute(Object(Illuminate\\Http\\Request), Object(Illuminate\\Routing\\Route))
#31 /var/www/beas.in/public_html/ramkrishna_dharma_chakra/vendor/laravel/framework/src/Illuminate/Routing/Router.php(651): Illuminate\\Routing\\Router->dispatchToRoute(Object(Illuminate\\Http\\Request))
#32 /var/www/beas.in/public_html/ramkrishna_dharma_chakra/vendor/laravel/framework/src/Illuminate/Foundation/Http/Kernel.php(167): Illuminate\\Routing\\Router->dispatch(Object(Illuminate\\Http\\Request))
#33 /var/www/beas.in/public_html/ramkrishna_dharma_chakra/vendor/laravel/framework/src/Illuminate/Pipeline/Pipeline.php(128): Illuminate\\Foundation\\Http\\Kernel->Illuminate\\Foundation\\Http\\{closure}(Object(Illuminate\\Http\\Request))
#34 /var/www/beas.in/public_html/ramkrishna_dharma_chakra/vendor/laravel/framework/src/Illuminate/Foundation/Http/Middleware/TransformsRequest.php(21): Illuminate\\Pipeline\\Pipeline->Illuminate\\Pipeline\\{closure}(Object(Illuminate\\Http\\Request))
#35 /var/www/beas.in/public_html/ramkrishna_dharma_chakra/vendor/laravel/framework/src/Illuminate/Foundation/Http/Middleware/ConvertEmptyStringsToNull.php(31): Illuminate\\Foundation\\Http\\Middleware\\TransformsRequest->handle(Object(Illuminate\\Http\\Request), Object(Closure))
#36 /var/www/beas.in/public_html/ramkrishna_dharma_chakra/vendor/laravel/framework/src/Illuminate/Pipeline/Pipeline.php(167): Illuminate\\Foundation\\Http\\Middleware\\ConvertEmptyStringsToNull->handle(Object(Illuminate\\Http\\Request), Object(Closure))
#37 /var/www/beas.in/public_html/ramkrishna_dharma_chakra/vendor/laravel/framework/src/Illuminate/Foundation/Http/Middleware/TransformsRequest.php(21): Illuminate\\Pipeline\\Pipeline->Illuminate\\Pipeline\\{closure}(Object(Illuminate\\Http\\Request))
#38 /var/www/beas.in/public_html/ramkrishna_dharma_chakra/vendor/laravel/framework/src/Illuminate/Foundation/Http/Middleware/TrimStrings.php(40): Illuminate\\Foundation\\Http\\Middleware\\TransformsRequest->handle(Object(Illuminate\\Http\\Request), Object(Closure))
#39 /var/www/beas.in/public_html/ramkrishna_dharma_chakra/vendor/laravel/framework/src/Illuminate/Pipeline/Pipeline.php(167): Illuminate\\Foundation\\Http\\Middleware\\TrimStrings->handle(Object(Illuminate\\Http\\Request), Object(Closure))
#40 /var/www/beas.in/public_html/ramkrishna_dharma_chakra/vendor/laravel/framework/src/Illuminate/Foundation/Http/Middleware/ValidatePostSize.php(27): Illuminate\\Pipeline\\Pipeline->Illuminate\\Pipeline\\{closure}(Object(Illuminate\\Http\\Request))
#41 /var/www/beas.in/public_html/ramkrishna_dharma_chakra/vendor/laravel/framework/src/Illuminate/Pipeline/Pipeline.php(167): Illuminate\\Foundation\\Http\\Middleware\\ValidatePostSize->handle(Object(Illuminate\\Http\\Request), Object(Closure))
#42 /var/www/beas.in/public_html/ramkrishna_dharma_chakra/vendor/laravel/framework/src/Illuminate/Foundation/Http/Middleware/PreventRequestsDuringMaintenance.php(86): Illuminate\\Pipeline\\Pipeline->Illuminate\\Pipeline\\{closure}(Object(Illuminate\\Http\\Request))
#43 /var/www/beas.in/public_html/ramkrishna_dharma_chakra/vendor/laravel/framework/src/Illuminate/Pipeline/Pipeline.php(167): Illuminate\\Foundation\\Http\\Middleware\\PreventRequestsDuringMaintenance->handle(Object(Illuminate\\Http\\Request), Object(Closure))
#44 /var/www/beas.in/public_html/ramkrishna_dharma_chakra/vendor/fideloper/proxy/src/TrustProxies.php(57): Illuminate\\Pipeline\\Pipeline->Illuminate\\Pipeline\\{closure}(Object(Illuminate\\Http\\Request))
#45 /var/www/beas.in/public_html/ramkrishna_dharma_chakra/vendor/laravel/framework/src/Illuminate/Pipeline/Pipeline.php(167): Fideloper\\Proxy\\TrustProxies->handle(Object(Illuminate\\Http\\Request), Object(Closure))
#46 /var/www/beas.in/public_html/ramkrishna_dharma_chakra/vendor/laravel/framework/src/Illuminate/Pipeline/Pipeline.php(103): Illuminate\\Pipeline\\Pipeline->Illuminate\\Pipeline\\{closure}(Object(Illuminate\\Http\\Request))
#47 /var/www/beas.in/public_html/ramkrishna_dharma_chakra/vendor/laravel/framework/src/Illuminate/Foundation/Http/Kernel.php(142): Illuminate\\Pipeline\\Pipeline->then(Object(Closure))
#48 /var/www/beas.in/public_html/ramkrishna_dharma_chakra/vendor/laravel/framework/src/Illuminate/Foundation/Http/Kernel.php(111): Illuminate\\Foundation\\Http\\Kernel->sendRequestThroughRouter(Object(Illuminate\\Http\\Request))
#49 /var/www/beas.in/public_html/ramkrishna_dharma_chakra/index.php(54): Illuminate\\Foundation\\Http\\Kernel->handle(Object(Illuminate\\Http\\Request))
#50 {main}
"} 
[2023-07-20 15:13:11] local.ERROR: SQLSTATE[42000]: Syntax error or access violation: 1118 Row size too large (> 8126). Changing some columns to TEXT or BLOB or using ROW_FORMAT=DYNAMIC or ROW_FORMAT=COMPRESSED may help. In current row format, BLOB prefix of 768 bytes is stored inline. (SQL: update `about` set `footer_text` = “ নারায়ণং পদ্মভবং বশিষ্ঠ শক্তিঞ্চ তৎপুত্র পরাশরঞ্চ ব্যাসং শুকং গৌর পাদং মহান্তং গোবিন্দ যোগিদ্রমথাস্য শিষ্যম্ শ্রী শঙ্করাচার্য্য মথাস্য পদ্মপাদঞ্চ হস্তামলকং চ শিষ্যম্। তন্দ্রোটকং বার্তিককারমন্যান অস্মদ গুরুন সন্তত মাতোহস্মি। শ্রুতি স্মৃতিপুরাণানামালয়ং করুণালয়ং।নমামি ভগবৎপাদং শঙ্করং লোকশঙ্করম্। সূত্রভাস্যকৃতৌ বন্দে ভগবন্তৌ পুনঃ পুনঃ ঈশ্বরো গুরুরাত্মেতি মূর্ত্তিভেদা বিভাগিনে ব্যোমবৎ ব্যাপ্ত দেহায় দক্ষিণামূর্তয়ে নমঃ। ” ইতি গুরুপরম্পরা স্ত্রোত্রম্।, `footer_text_english` = Narayanang Padmabhabang Vashishta Shaktinch Tatputra Parasranch Vyasang Shukong Gaur Padang Mahantang Govinda Yogadramthasya Shishyam. Sri Shankaracharya Mathasya Padmapadancha Hastamlakang Cha Shishyam. Tandrotakong Bartikarmanana Asmad Gurun Santat Matohsmi. Shruti SmritiPurananamalang Karunalong. Namami Bhagavadpadong Sankarang Lokshankaram. Sutrabhasyakartau Bande Bhagwantau Re-Re Ishwaro Gururatmati Murtiveda Divisione Byomvata Is a deep deha in dakshinamurtay namah.Iti Guruparampra Strotram, `facebook_link` = https://www.facebook.com/, `address` = <strong>শ্রী রামকৃষ্ণ ধর্ম চক্র</strong><br />২১১ এ, গিরিশ ঘোষ রোড, বেলুড়<br />পিও- বেলুড়মঠ,<br />হাওড়া -৭১১১২0২, `address_english` = Sri Ramakrishna Dharmachakra<br />211 A, Girish Ghosh Road,<br />Belur, P.O.- Belurmath,<br />Howrah -7111202, `youtube_link` = https://www.youtube.com/, `twitter_link` = ?, `instagram_link` = ?, `email` = ramkrishnadharmachakra@gmail.com, `phone_one` = +913326548075, `phone_two` = +919830043596, `phone_three` = +919804473647, `phone_one_bengali` = +৯১৩৩২৬৫৪৮0৭৫, `phone_two_bengali` = +৯১৯৮৩00৪৩৫৯৬, `phone_three_bengali` = +৯১৯৮0৪৪৭৩৬৪৭,, `about`.`updated_at` = 2023-07-20 15:13:11 where `id` = 1) {"exception":"[object] (Illuminate\\Database\\QueryException(code: 42000): SQLSTATE[42000]: Syntax error or access violation: 1118 Row size too large (> 8126). Changing some columns to TEXT or BLOB or using ROW_FORMAT=DYNAMIC or ROW_FORMAT=COMPRESSED may help. In current row format, BLOB prefix of 768 bytes is stored inline. (SQL: update `about` set `footer_text` = “ নারায়ণং পদ্মভবং বশিষ্ঠ শক্তিঞ্চ তৎপুত্র পরাশরঞ্চ ব্যাসং শুকং গৌর পাদং মহান্তং গোবিন্দ যোগিদ্রমথাস্য শিষ্যম্ শ্রী শঙ্করাচার্য্য মথাস্য পদ্মপাদঞ্চ হস্তামলকং চ শিষ্যম্। তন্দ্রোটকং বার্তিককারমন্যান অস্মদ গুরুন সন্তত মাতোহস্মি। শ্রুতি স্মৃতিপুরাণানামালয়ং করুণালয়ং।নমামি ভগবৎপাদং শঙ্করং লোকশঙ্করম্। সূত্রভাস্যকৃতৌ বন্দে ভগবন্তৌ পুনঃ পুনঃ ঈশ্বরো গুরুরাত্মেতি মূর্ত্তিভেদা বিভাগিনে ব্যোমবৎ ব্যাপ্ত দেহায় দক্ষিণামূর্তয়ে নমঃ। ” ইতি গুরুপরম্পরা স্ত্রোত্রম্।, `footer_text_english` = Narayanang Padmabhabang Vashishta Shaktinch Tatputra Parasranch Vyasang Shukong Gaur Padang Mahantang Govinda Yogadramthasya Shishyam. Sri Shankaracharya Mathasya Padmapadancha Hastamlakang Cha Shishyam. Tandrotakong Bartikarmanana Asmad Gurun Santat Matohsmi. Shruti SmritiPurananamalang Karunalong. Namami Bhagavadpadong Sankarang Lokshankaram. Sutrabhasyakartau Bande Bhagwantau Re-Re Ishwaro Gururatmati Murtiveda Divisione Byomvata Is a deep deha in dakshinamurtay namah.Iti Guruparampra Strotram, `facebook_link` = https://www.facebook.com/, `address` = <strong>শ্রী রামকৃষ্ণ ধর্ম চক্র</strong><br />২১১ এ, গিরিশ ঘোষ রোড, বেলুড়<br />পিও- বেলুড়মঠ,<br />হাওড়া -৭১১১২0২, `address_english` = Sri Ramakrishna Dharmachakra<br />211 A, Girish Ghosh Road,<br />Belur, P.O.- Belurmath,<br />Howrah -7111202, `youtube_link` = https://www.youtube.com/, `twitter_link` = ?, `instagram_link` = ?, `email` = ramkrishnadharmachakra@gmail.com, `phone_one` = +913326548075, `phone_two` = +919830043596, `phone_three` = +919804473647, `phone_one_bengali` = +৯১৩৩২৬৫৪৮0৭৫, `phone_two_bengali` = +৯১৯৮৩00৪৩৫৯৬, `phone_three_bengali` = +৯১৯৮0৪৪৭৩৬৪৭,, `about`.`updated_at` = 2023-07-20 15:13:11 where `id` = 1) at /var/www/beas.in/public_html/ramkrishna_dharma_chakra/vendor/laravel/framework/src/Illuminate/Database/Connection.php:712)
[stacktrace]
#0 /var/www/beas.in/public_html/ramkrishna_dharma_chakra/vendor/laravel/framework/src/Illuminate/Database/Connection.php(672): Illuminate\\Database\\Connection->runQueryCallback('update `about` ...', Array, Object(Closure))
#1 /var/www/beas.in/public_html/ramkrishna_dharma_chakra/vendor/laravel/framework/src/Illuminate/Database/Connection.php(533): Illuminate\\Database\\Connection->run('update `about` ...', Array, Object(Closure))
#2 /var/www/beas.in/public_html/ramkrishna_dharma_chakra/vendor/laravel/framework/src/Illuminate/Database/Connection.php(466): Illuminate\\Database\\Connection->affectingStatement('update `about` ...', Array)
#3 /var/www/beas.in/public_html/ramkrishna_dharma_chakra/vendor/laravel/framework/src/Illuminate/Database/Query/Builder.php(3063): Illuminate\\Database\\Connection->update('update `about` ...', Array)
#4 /var/www/beas.in/public_html/ramkrishna_dharma_chakra/vendor/laravel/framework/src/Illuminate/Database/Eloquent/Builder.php(921): Illuminate\\Database\\Query\\Builder->update(Array)
#5 /var/www/beas.in/public_html/ramkrishna_dharma_chakra/app/Http/Controllers/Admin/Modules/About/AboutController.php(108): Illuminate\\Database\\Eloquent\\Builder->update(Array)
#6 /var/www/beas.in/public_html/ramkrishna_dharma_chakra/vendor/laravel/framework/src/Illuminate/Routing/Controller.php(54): App\\Http\\Controllers\\Admin\\Modules\\About\\AboutController->footerUpdate(Object(Illuminate\\Http\\Request))
#7 /var/www/beas.in/public_html/ramkrishna_dharma_chakra/vendor/laravel/framework/src/Illuminate/Routing/ControllerDispatcher.php(45): Illuminate\\Routing\\Controller->callAction('footerUpdate', Array)
#8 /var/www/beas.in/public_html/ramkrishna_dharma_chakra/vendor/laravel/framework/src/Illuminate/Routing/Route.php(262): Illuminate\\Routing\\ControllerDispatcher->dispatch(Object(Illuminate\\Routing\\Route), Object(App\\Http\\Controllers\\Admin\\Modules\\About\\AboutController), 'footerUpdate')
#9 /var/www/beas.in/public_html/ramkrishna_dharma_chakra/vendor/laravel/framework/src/Illuminate/Routing/Route.php(205): Illuminate\\Routing\\Route->runController()
#10 /var/www/beas.in/public_html/ramkrishna_dharma_chakra/vendor/laravel/framework/src/Illuminate/Routing/Router.php(721): Illuminate\\Routing\\Route->run()
#11 /var/www/beas.in/public_html/ramkrishna_dharma_chakra/vendor/laravel/framework/src/Illuminate/Pipeline/Pipeline.php(128): Illuminate\\Routing\\Router->Illuminate\\Routing\\{closure}(Object(Illuminate\\Http\\Request))
#12 /var/www/beas.in/public_html/ramkrishna_dharma_chakra/vendor/laravel/framework/src/Illuminate/Routing/Middleware/SubstituteBindings.php(50): Illuminate\\Pipeline\\Pipeline->Illuminate\\Pipeline\\{closure}(Object(Illuminate\\Http\\Request))
#13 /var/www/beas.in/public_html/ramkrishna_dharma_chakra/vendor/laravel/framework/src/Illuminate/Pipeline/Pipeline.php(167): Illuminate\\Routing\\Middleware\\SubstituteBindings->handle(Object(Illuminate\\Http\\Request), Object(Closure))
#14 /var/www/beas.in/public_html/ramkrishna_dharma_chakra/vendor/laravel/framework/src/Illuminate/Foundation/Http/Middleware/VerifyCsrfToken.php(78): Illuminate\\Pipeline\\Pipeline->Illuminate\\Pipeline\\{closure}(Object(Illuminate\\Http\\Request))
#15 /var/www/beas.in/public_html/ramkrishna_dharma_chakra/vendor/laravel/framework/src/Illuminate/Pipeline/Pipeline.php(167): Illuminate\\Foundation\\Http\\Middleware\\VerifyCsrfToken->handle(Object(Illuminate\\Http\\Request), Object(Closure))
#16 /var/www/beas.in/public_html/ramkrishna_dharma_chakra/vendor/laravel/framework/src/Illuminate/View/Middleware/ShareErrorsFromSession.php(49): Illuminate\\Pipeline\\Pipeline->Illuminate\\Pipeline\\{closure}(Object(Illuminate\\Http\\Request))
#17 /var/www/beas.in/public_html/ramkrishna_dharma_chakra/vendor/laravel/framework/src/Illuminate/Pipeline/Pipeline.php(167): Illuminate\\View\\Middleware\\ShareErrorsFromSession->handle(Object(Illuminate\\Http\\Request), Object(Closure))
#18 /var/www/beas.in/public_html/ramkrishna_dharma_chakra/vendor/laravel/framework/src/Illuminate/Session/Middleware/StartSession.php(121): Illuminate\\Pipeline\\Pipeline->Illuminate\\Pipeline\\{closure}(Object(Illuminate\\Http\\Request))
#19 /var/www/beas.in/public_html/ramkrishna_dharma_chakra/vendor/laravel/framework/src/Illuminate/Session/Middleware/StartSession.php(64): Illuminate\\Session\\Middleware\\StartSession->handleStatefulRequest(Object(Illuminate\\Http\\Request), Object(Illuminate\\Session\\Store), Object(Closure))
#20 /var/www/beas.in/public_html/ramkrishna_dharma_chakra/vendor/laravel/framework/src/Illuminate/Pipeline/Pipeline.php(167): Illuminate\\Session\\Middleware\\StartSession->handle(Object(Illuminate\\Http\\Request), Object(Closure))
#21 /var/www/beas.in/public_html/ramkrishna_dharma_chakra/vendor/laravel/framework/src/Illuminate/Cookie/Middleware/AddQueuedCookiesToResponse.php(37): Illuminate\\Pipeline\\Pipeline->Illuminate\\Pipeline\\{closure}(Object(Illuminate\\Http\\Request))
#22 /var/www/beas.in/public_html/ramkrishna_dharma_chakra/vendor/laravel/framework/src/Illuminate/Pipeline/Pipeline.php(167): Illuminate\\Cookie\\Middleware\\AddQueuedCookiesToResponse->handle(Object(Illuminate\\Http\\Request), Object(Closure))
#23 /var/www/beas.in/public_html/ramkrishna_dharma_chakra/vendor/laravel/framework/src/Illuminate/Cookie/Middleware/EncryptCookies.php(67): Illuminate\\Pipeline\\Pipeline->Illuminate\\Pipeline\\{closure}(Object(Illuminate\\Http\\Request))
#24 /var/www/beas.in/public_html/ramkrishna_dharma_chakra/vendor/laravel/framework/src/Illuminate/Pipeline/Pipeline.php(167): Illuminate\\Cookie\\Middleware\\EncryptCookies->handle(Object(Illuminate\\Http\\Request), Object(Closure))
#25 /var/www/beas.in/public_html/ramkrishna_dharma_chakra/vendor/laravel/framework/src/Illuminate/Pipeline/Pipeline.php(103): Illuminate\\Pipeline\\Pipeline->Illuminate\\Pipeline\\{closure}(Object(Illuminate\\Http\\Request))
#26 /var/www/beas.in/public_html/ramkrishna_dharma_chakra/vendor/laravel/framework/src/Illuminate/Routing/Router.php(723): Illuminate\\Pipeline\\Pipeline->then(Object(Closure))
#27 /var/www/beas.in/public_html/ramkrishna_dharma_chakra/vendor/laravel/framework/src/Illuminate/Routing/Router.php(698): Illuminate\\Routing\\Router->runRouteWithinStack(Object(Illuminate\\Routing\\Route), Object(Illuminate\\Http\\Request))
#28 /var/www/beas.in/public_html/ramkrishna_dharma_chakra/vendor/laravel/framework/src/Illuminate/Routing/Router.php(662): Illuminate\\Routing\\Router->runRoute(Object(Illuminate\\Http\\Request), Object(Illuminate\\Routing\\Route))
#29 /var/www/beas.in/public_html/ramkrishna_dharma_chakra/vendor/laravel/framework/src/Illuminate/Routing/Router.php(651): Illuminate\\Routing\\Router->dispatchToRoute(Object(Illuminate\\Http\\Request))
#30 /var/www/beas.in/public_html/ramkrishna_dharma_chakra/vendor/laravel/framework/src/Illuminate/Foundation/Http/Kernel.php(167): Illuminate\\Routing\\Router->dispatch(Object(Illuminate\\Http\\Request))
#31 /var/www/beas.in/public_html/ramkrishna_dharma_chakra/vendor/laravel/framework/src/Illuminate/Pipeline/Pipeline.php(128): Illuminate\\Foundation\\Http\\Kernel->Illuminate\\Foundation\\Http\\{closure}(Object(Illuminate\\Http\\Request))
#32 /var/www/beas.in/public_html/ramkrishna_dharma_chakra/vendor/laravel/framework/src/Illuminate/Foundation/Http/Middleware/TransformsRequest.php(21): Illuminate\\Pipeline\\Pipeline->Illuminate\\Pipeline\\{closure}(Object(Illuminate\\Http\\Request))
#33 /var/www/beas.in/public_html/ramkrishna_dharma_chakra/vendor/laravel/framework/src/Illuminate/Foundation/Http/Middleware/ConvertEmptyStringsToNull.php(31): Illuminate\\Foundation\\Http\\Middleware\\TransformsRequest->handle(Object(Illuminate\\Http\\Request), Object(Closure))
#34 /var/www/beas.in/public_html/ramkrishna_dharma_chakra/vendor/laravel/framework/src/Illuminate/Pipeline/Pipeline.php(167): Illuminate\\Foundation\\Http\\Middleware\\ConvertEmptyStringsToNull->handle(Object(Illuminate\\Http\\Request), Object(Closure))
#35 /var/www/beas.in/public_html/ramkrishna_dharma_chakra/vendor/laravel/framework/src/Illuminate/Foundation/Http/Middleware/TransformsRequest.php(21): Illuminate\\Pipeline\\Pipeline->Illuminate\\Pipeline\\{closure}(Object(Illuminate\\Http\\Request))
#36 /var/www/beas.in/public_html/ramkrishna_dharma_chakra/vendor/laravel/framework/src/Illuminate/Foundation/Http/Middleware/TrimStrings.php(40): Illuminate\\Foundation\\Http\\Middleware\\TransformsRequest->handle(Object(Illuminate\\Http\\Request), Object(Closure))
#37 /var/www/beas.in/public_html/ramkrishna_dharma_chakra/vendor/laravel/framework/src/Illuminate/Pipeline/Pipeline.php(167): Illuminate\\Foundation\\Http\\Middleware\\TrimStrings->handle(Object(Illuminate\\Http\\Request), Object(Closure))
#38 /var/www/beas.in/public_html/ramkrishna_dharma_chakra/vendor/laravel/framework/src/Illuminate/Foundation/Http/Middleware/ValidatePostSize.php(27): Illuminate\\Pipeline\\Pipeline->Illuminate\\Pipeline\\{closure}(Object(Illuminate\\Http\\Request))
#39 /var/www/beas.in/public_html/ramkrishna_dharma_chakra/vendor/laravel/framework/src/Illuminate/Pipeline/Pipeline.php(167): Illuminate\\Foundation\\Http\\Middleware\\ValidatePostSize->handle(Object(Illuminate\\Http\\Request), Object(Closure))
#40 /var/www/beas.in/public_html/ramkrishna_dharma_chakra/vendor/laravel/framework/src/Illuminate/Foundation/Http/Middleware/PreventRequestsDuringMaintenance.php(86): Illuminate\\Pipeline\\Pipeline->Illuminate\\Pipeline\\{closure}(Object(Illuminate\\Http\\Request))
#41 /var/www/beas.in/public_html/ramkrishna_dharma_chakra/vendor/laravel/framework/src/Illuminate/Pipeline/Pipeline.php(167): Illuminate\\Foundation\\Http\\Middleware\\PreventRequestsDuringMaintenance->handle(Object(Illuminate\\Http\\Request), Object(Closure))
#42 /var/www/beas.in/public_html/ramkrishna_dharma_chakra/vendor/fideloper/proxy/src/TrustProxies.php(57): Illuminate\\Pipeline\\Pipeline->Illuminate\\Pipeline\\{closure}(Object(Illuminate\\Http\\Request))
#43 /var/www/beas.in/public_html/ramkrishna_dharma_chakra/vendor/laravel/framework/src/Illuminate/Pipeline/Pipeline.php(167): Fideloper\\Proxy\\TrustProxies->handle(Object(Illuminate\\Http\\Request), Object(Closure))
#44 /var/www/beas.in/public_html/ramkrishna_dharma_chakra/vendor/laravel/framework/src/Illuminate/Pipeline/Pipeline.php(103): Illuminate\\Pipeline\\Pipeline->Illuminate\\Pipeline\\{closure}(Object(Illuminate\\Http\\Request))
#45 /var/www/beas.in/public_html/ramkrishna_dharma_chakra/vendor/laravel/framework/src/Illuminate/Foundation/Http/Kernel.php(142): Illuminate\\Pipeline\\Pipeline->then(Object(Closure))
#46 /var/www/beas.in/public_html/ramkrishna_dharma_chakra/vendor/laravel/framework/src/Illuminate/Foundation/Http/Kernel.php(111): Illuminate\\Foundation\\Http\\Kernel->sendRequestThroughRouter(Object(Illuminate\\Http\\Request))
#47 /var/www/beas.in/public_html/ramkrishna_dharma_chakra/index.php(54): Illuminate\\Foundation\\Http\\Kernel->handle(Object(Illuminate\\Http\\Request))
#48 {main}

[previous exception] [object] (PDOException(code: 42000): SQLSTATE[42000]: Syntax error or access violation: 1118 Row size too large (> 8126). Changing some columns to TEXT or BLOB or using ROW_FORMAT=DYNAMIC or ROW_FORMAT=COMPRESSED may help. In current row format, BLOB prefix of 768 bytes is stored inline. at /var/www/beas.in/public_html/ramkrishna_dharma_chakra/vendor/laravel/framework/src/Illuminate/Database/Connection.php:526)
[stacktrace]
#0 /var/www/beas.in/public_html/ramkrishna_dharma_chakra/vendor/laravel/framework/src/Illuminate/Database/Connection.php(526): PDOStatement->execute()
#1 /var/www/beas.in/public_html/ramkrishna_dharma_chakra/vendor/laravel/framework/src/Illuminate/Database/Connection.php(705): Illuminate\\Database\\Connection->Illuminate\\Database\\{closure}('update `about` ...', Array)
#2 /var/www/beas.in/public_html/ramkrishna_dharma_chakra/vendor/laravel/framework/src/Illuminate/Database/Connection.php(672): Illuminate\\Database\\Connection->runQueryCallback('update `about` ...', Array, Object(Closure))
#3 /var/www/beas.in/public_html/ramkrishna_dharma_chakra/vendor/laravel/framework/src/Illuminate/Database/Connection.php(533): Illuminate\\Database\\Connection->run('update `about` ...', Array, Object(Closure))
#4 /var/www/beas.in/public_html/ramkrishna_dharma_chakra/vendor/laravel/framework/src/Illuminate/Database/Connection.php(466): Illuminate\\Database\\Connection->affectingStatement('update `about` ...', Array)
#5 /var/www/beas.in/public_html/ramkrishna_dharma_chakra/vendor/laravel/framework/src/Illuminate/Database/Query/Builder.php(3063): Illuminate\\Database\\Connection->update('update `about` ...', Array)
#6 /var/www/beas.in/public_html/ramkrishna_dharma_chakra/vendor/laravel/framework/src/Illuminate/Database/Eloquent/Builder.php(921): Illuminate\\Database\\Query\\Builder->update(Array)
#7 /var/www/beas.in/public_html/ramkrishna_dharma_chakra/app/Http/Controllers/Admin/Modules/About/AboutController.php(108): Illuminate\\Database\\Eloquent\\Builder->update(Array)
#8 /var/www/beas.in/public_html/ramkrishna_dharma_chakra/vendor/laravel/framework/src/Illuminate/Routing/Controller.php(54): App\\Http\\Controllers\\Admin\\Modules\\About\\AboutController->footerUpdate(Object(Illuminate\\Http\\Request))
#9 /var/www/beas.in/public_html/ramkrishna_dharma_chakra/vendor/laravel/framework/src/Illuminate/Routing/ControllerDispatcher.php(45): Illuminate\\Routing\\Controller->callAction('footerUpdate', Array)
#10 /var/www/beas.in/public_html/ramkrishna_dharma_chakra/vendor/laravel/framework/src/Illuminate/Routing/Route.php(262): Illuminate\\Routing\\ControllerDispatcher->dispatch(Object(Illuminate\\Routing\\Route), Object(App\\Http\\Controllers\\Admin\\Modules\\About\\AboutController), 'footerUpdate')
#11 /var/www/beas.in/public_html/ramkrishna_dharma_chakra/vendor/laravel/framework/src/Illuminate/Routing/Route.php(205): Illuminate\\Routing\\Route->runController()
#12 /var/www/beas.in/public_html/ramkrishna_dharma_chakra/vendor/laravel/framework/src/Illuminate/Routing/Router.php(721): Illuminate\\Routing\\Route->run()
#13 /var/www/beas.in/public_html/ramkrishna_dharma_chakra/vendor/laravel/framework/src/Illuminate/Pipeline/Pipeline.php(128): Illuminate\\Routing\\Router->Illuminate\\Routing\\{closure}(Object(Illuminate\\Http\\Request))
#14 /var/www/beas.in/public_html/ramkrishna_dharma_chakra/vendor/laravel/framework/src/Illuminate/Routing/Middleware/SubstituteBindings.php(50): Illuminate\\Pipeline\\Pipeline->Illuminate\\Pipeline\\{closure}(Object(Illuminate\\Http\\Request))
#15 /var/www/beas.in/public_html/ramkrishna_dharma_chakra/vendor/laravel/framework/src/Illuminate/Pipeline/Pipeline.php(167): Illuminate\\Routing\\Middleware\\SubstituteBindings->handle(Object(Illuminate\\Http\\Request), Object(Closure))
#16 /var/www/beas.in/public_html/ramkrishna_dharma_chakra/vendor/laravel/framework/src/Illuminate/Foundation/Http/Middleware/VerifyCsrfToken.php(78): Illuminate\\Pipeline\\Pipeline->Illuminate\\Pipeline\\{closure}(Object(Illuminate\\Http\\Request))
#17 /var/www/beas.in/public_html/ramkrishna_dharma_chakra/vendor/laravel/framework/src/Illuminate/Pipeline/Pipeline.php(167): Illuminate\\Foundation\\Http\\Middleware\\VerifyCsrfToken->handle(Object(Illuminate\\Http\\Request), Object(Closure))
#18 /var/www/beas.in/public_html/ramkrishna_dharma_chakra/vendor/laravel/framework/src/Illuminate/View/Middleware/ShareErrorsFromSession.php(49): Illuminate\\Pipeline\\Pipeline->Illuminate\\Pipeline\\{closure}(Object(Illuminate\\Http\\Request))
#19 /var/www/beas.in/public_html/ramkrishna_dharma_chakra/vendor/laravel/framework/src/Illuminate/Pipeline/Pipeline.php(167): Illuminate\\View\\Middleware\\ShareErrorsFromSession->handle(Object(Illuminate\\Http\\Request), Object(Closure))
#20 /var/www/beas.in/public_html/ramkrishna_dharma_chakra/vendor/laravel/framework/src/Illuminate/Session/Middleware/StartSession.php(121): Illuminate\\Pipeline\\Pipeline->Illuminate\\Pipeline\\{closure}(Object(Illuminate\\Http\\Request))
#21 /var/www/beas.in/public_html/ramkrishna_dharma_chakra/vendor/laravel/framework/src/Illuminate/Session/Middleware/StartSession.php(64): Illuminate\\Session\\Middleware\\StartSession->handleStatefulRequest(Object(Illuminate\\Http\\Request), Object(Illuminate\\Session\\Store), Object(Closure))
#22 /var/www/beas.in/public_html/ramkrishna_dharma_chakra/vendor/laravel/framework/src/Illuminate/Pipeline/Pipeline.php(167): Illuminate\\Session\\Middleware\\StartSession->handle(Object(Illuminate\\Http\\Request), Object(Closure))
#23 /var/www/beas.in/public_html/ramkrishna_dharma_chakra/vendor/laravel/framework/src/Illuminate/Cookie/Middleware/AddQueuedCookiesToResponse.php(37): Illuminate\\Pipeline\\Pipeline->Illuminate\\Pipeline\\{closure}(Object(Illuminate\\Http\\Request))
#24 /var/www/beas.in/public_html/ramkrishna_dharma_chakra/vendor/laravel/framework/src/Illuminate/Pipeline/Pipeline.php(167): Illuminate\\Cookie\\Middleware\\AddQueuedCookiesToResponse->handle(Object(Illuminate\\Http\\Request), Object(Closure))
#25 /var/www/beas.in/public_html/ramkrishna_dharma_chakra/vendor/laravel/framework/src/Illuminate/Cookie/Middleware/EncryptCookies.php(67): Illuminate\\Pipeline\\Pipeline->Illuminate\\Pipeline\\{closure}(Object(Illuminate\\Http\\Request))
#26 /var/www/beas.in/public_html/ramkrishna_dharma_chakra/vendor/laravel/framework/src/Illuminate/Pipeline/Pipeline.php(167): Illuminate\\Cookie\\Middleware\\EncryptCookies->handle(Object(Illuminate\\Http\\Request), Object(Closure))
#27 /var/www/beas.in/public_html/ramkrishna_dharma_chakra/vendor/laravel/framework/src/Illuminate/Pipeline/Pipeline.php(103): Illuminate\\Pipeline\\Pipeline->Illuminate\\Pipeline\\{closure}(Object(Illuminate\\Http\\Request))
#28 /var/www/beas.in/public_html/ramkrishna_dharma_chakra/vendor/laravel/framework/src/Illuminate/Routing/Router.php(723): Illuminate\\Pipeline\\Pipeline->then(Object(Closure))
#29 /var/www/beas.in/public_html/ramkrishna_dharma_chakra/vendor/laravel/framework/src/Illuminate/Routing/Router.php(698): Illuminate\\Routing\\Router->runRouteWithinStack(Object(Illuminate\\Routing\\Route), Object(Illuminate\\Http\\Request))
#30 /var/www/beas.in/public_html/ramkrishna_dharma_chakra/vendor/laravel/framework/src/Illuminate/Routing/Router.php(662): Illuminate\\Routing\\Router->runRoute(Object(Illuminate\\Http\\Request), Object(Illuminate\\Routing\\Route))
#31 /var/www/beas.in/public_html/ramkrishna_dharma_chakra/vendor/laravel/framework/src/Illuminate/Routing/Router.php(651): Illuminate\\Routing\\Router->dispatchToRoute(Object(Illuminate\\Http\\Request))
#32 /var/www/beas.in/public_html/ramkrishna_dharma_chakra/vendor/laravel/framework/src/Illuminate/Foundation/Http/Kernel.php(167): Illuminate\\Routing\\Router->dispatch(Object(Illuminate\\Http\\Request))
#33 /var/www/beas.in/public_html/ramkrishna_dharma_chakra/vendor/laravel/framework/src/Illuminate/Pipeline/Pipeline.php(128): Illuminate\\Foundation\\Http\\Kernel->Illuminate\\Foundation\\Http\\{closure}(Object(Illuminate\\Http\\Request))
#34 /var/www/beas.in/public_html/ramkrishna_dharma_chakra/vendor/laravel/framework/src/Illuminate/Foundation/Http/Middleware/TransformsRequest.php(21): Illuminate\\Pipeline\\Pipeline->Illuminate\\Pipeline\\{closure}(Object(Illuminate\\Http\\Request))
#35 /var/www/beas.in/public_html/ramkrishna_dharma_chakra/vendor/laravel/framework/src/Illuminate/Foundation/Http/Middleware/ConvertEmptyStringsToNull.php(31): Illuminate\\Foundation\\Http\\Middleware\\TransformsRequest->handle(Object(Illuminate\\Http\\Request), Object(Closure))
#36 /var/www/beas.in/public_html/ramkrishna_dharma_chakra/vendor/laravel/framework/src/Illuminate/Pipeline/Pipeline.php(167): Illuminate\\Foundation\\Http\\Middleware\\ConvertEmptyStringsToNull->handle(Object(Illuminate\\Http\\Request), Object(Closure))
#37 /var/www/beas.in/public_html/ramkrishna_dharma_chakra/vendor/laravel/framework/src/Illuminate/Foundation/Http/Middleware/TransformsRequest.php(21): Illuminate\\Pipeline\\Pipeline->Illuminate\\Pipeline\\{closure}(Object(Illuminate\\Http\\Request))
#38 /var/www/beas.in/public_html/ramkrishna_dharma_chakra/vendor/laravel/framework/src/Illuminate/Foundation/Http/Middleware/TrimStrings.php(40): Illuminate\\Foundation\\Http\\Middleware\\TransformsRequest->handle(Object(Illuminate\\Http\\Request), Object(Closure))
#39 /var/www/beas.in/public_html/ramkrishna_dharma_chakra/vendor/laravel/framework/src/Illuminate/Pipeline/Pipeline.php(167): Illuminate\\Foundation\\Http\\Middleware\\TrimStrings->handle(Object(Illuminate\\Http\\Request), Object(Closure))
#40 /var/www/beas.in/public_html/ramkrishna_dharma_chakra/vendor/laravel/framework/src/Illuminate/Foundation/Http/Middleware/ValidatePostSize.php(27): Illuminate\\Pipeline\\Pipeline->Illuminate\\Pipeline\\{closure}(Object(Illuminate\\Http\\Request))
#41 /var/www/beas.in/public_html/ramkrishna_dharma_chakra/vendor/laravel/framework/src/Illuminate/Pipeline/Pipeline.php(167): Illuminate\\Foundation\\Http\\Middleware\\ValidatePostSize->handle(Object(Illuminate\\Http\\Request), Object(Closure))
#42 /var/www/beas.in/public_html/ramkrishna_dharma_chakra/vendor/laravel/framework/src/Illuminate/Foundation/Http/Middleware/PreventRequestsDuringMaintenance.php(86): Illuminate\\Pipeline\\Pipeline->Illuminate\\Pipeline\\{closure}(Object(Illuminate\\Http\\Request))
#43 /var/www/beas.in/public_html/ramkrishna_dharma_chakra/vendor/laravel/framework/src/Illuminate/Pipeline/Pipeline.php(167): Illuminate\\Foundation\\Http\\Middleware\\PreventRequestsDuringMaintenance->handle(Object(Illuminate\\Http\\Request), Object(Closure))
#44 /var/www/beas.in/public_html/ramkrishna_dharma_chakra/vendor/fideloper/proxy/src/TrustProxies.php(57): Illuminate\\Pipeline\\Pipeline->Illuminate\\Pipeline\\{closure}(Object(Illuminate\\Http\\Request))
#45 /var/www/beas.in/public_html/ramkrishna_dharma_chakra/vendor/laravel/framework/src/Illuminate/Pipeline/Pipeline.php(167): Fideloper\\Proxy\\TrustProxies->handle(Object(Illuminate\\Http\\Request), Object(Closure))
#46 /var/www/beas.in/public_html/ramkrishna_dharma_chakra/vendor/laravel/framework/src/Illuminate/Pipeline/Pipeline.php(103): Illuminate\\Pipeline\\Pipeline->Illuminate\\Pipeline\\{closure}(Object(Illuminate\\Http\\Request))
#47 /var/www/beas.in/public_html/ramkrishna_dharma_chakra/vendor/laravel/framework/src/Illuminate/Foundation/Http/Kernel.php(142): Illuminate\\Pipeline\\Pipeline->then(Object(Closure))
#48 /var/www/beas.in/public_html/ramkrishna_dharma_chakra/vendor/laravel/framework/src/Illuminate/Foundation/Http/Kernel.php(111): Illuminate\\Foundation\\Http\\Kernel->sendRequestThroughRouter(Object(Illuminate\\Http\\Request))
#49 /var/www/beas.in/public_html/ramkrishna_dharma_chakra/index.php(54): Illuminate\\Foundation\\Http\\Kernel->handle(Object(Illuminate\\Http\\Request))
#50 {main}
"} 
[2023-07-20 15:17:11] local.ERROR: SQLSTATE[42000]: Syntax error or access violation: 1118 Row size too large (> 8126). Changing some columns to TEXT or BLOB or using ROW_FORMAT=DYNAMIC or ROW_FORMAT=COMPRESSED may help. In current row format, BLOB prefix of 768 bytes is stored inline. (SQL: update `about` set `footer_text` = “ নারায়ণং পদ্মভবং বশিষ্ঠ শক্তিঞ্চ তৎপুত্র পরাশরঞ্চ ব্যাসং শুকং গৌর পাদং মহান্তং গোবিন্দ যোগিদ্রমথাস্য শিষ্যম্ শ্রী শঙ্করাচার্য্য মথাস্য পদ্মপাদঞ্চ হস্তামলকং চ শিষ্যম্। তন্দ্রোটকং বার্তিককারমন্যান অস্মদ গুরুন সন্তত মাতোহস্মি। শ্রুতি স্মৃতিপুরাণানামালয়ং করুণালয়ং।নমামি ভগবৎপাদং শঙ্করং লোকশঙ্করম্। সূত্রভাস্যকৃতৌ বন্দে ভগবন্তৌ পুনঃ পুনঃ ঈশ্বরো গুরুরাত্মেতি মূর্ত্তিভেদা বিভাগিনে ব্যোমবৎ ব্যাপ্ত দেহায় দক্ষিণামূর্তয়ে নমঃ। ” ইতি গুরুপরম্পরা স্ত্রোত্রম্।, `footer_text_english` = Narayanang Padmabhabang Vashishta Shaktinch Tatputra Parasranch Vyasang Shukong Gaur Padang Mahantang Govinda Yogadramthasya Shishyam. Sri Shankaracharya Mathasya Padmapadancha Hastamlakang Cha Shishyam. Tandrotakong Bartikarmanana Asmad Gurun Santat Matohsmi. Shruti SmritiPurananamalang Karunalong. Namami Bhagavadpadong Sankarang Lokshankaram. Sutrabhasyakartau Bande Bhagwantau Re-Re Ishwaro Gururatmati Murtiveda Divisione Byomvata Is a deep deha in dakshinamurtay namah. Iti Guruparampra Strotram, `facebook_link` = https://www.facebook.com/, `address` = <strong>শ্রী রামকৃষ্ণ ধর্ম চক্র</strong><br />২১১ এ, গিরিশ ঘোষ রোড, বেলুড়<br />পিও- বেলুড়মঠ,<br />হাওড়া -৭১১১২0২, `address_english` = Sri Ramakrishna Dharmachakra<br />211 A, Girish Ghosh Road,<br />Belur, P.O.- Belurmath,<br />Howrah -7111202, `youtube_link` = https://www.youtube.com/, `twitter_link` = ?, `instagram_link` = ?, `email` = ramkrishnadharmachakra@gmail.com, `phone_one` = +913326548075, `phone_two` = +919830043596, `phone_three` = +919804473647, `phone_one_bengali` = +৯১৩৩২৬৫৪৮0৭৫, `phone_two_bengali` = +৯১৯৮৩00৪৩৫৯৬, `phone_three_bengali` = +৯১৯৮0৪৪৭৩৬৪৭,, `about`.`updated_at` = 2023-07-20 15:17:11 where `id` = 1) {"exception":"[object] (Illuminate\\Database\\QueryException(code: 42000): SQLSTATE[42000]: Syntax error or access violation: 1118 Row size too large (> 8126). Changing some columns to TEXT or BLOB or using ROW_FORMAT=DYNAMIC or ROW_FORMAT=COMPRESSED may help. In current row format, BLOB prefix of 768 bytes is stored inline. (SQL: update `about` set `footer_text` = “ নারায়ণং পদ্মভবং বশিষ্ঠ শক্তিঞ্চ তৎপুত্র পরাশরঞ্চ ব্যাসং শুকং গৌর পাদং মহান্তং গোবিন্দ যোগিদ্রমথাস্য শিষ্যম্ শ্রী শঙ্করাচার্য্য মথাস্য পদ্মপাদঞ্চ হস্তামলকং চ শিষ্যম্। তন্দ্রোটকং বার্তিককারমন্যান অস্মদ গুরুন সন্তত মাতোহস্মি। শ্রুতি স্মৃতিপুরাণানামালয়ং করুণালয়ং।নমামি ভগবৎপাদং শঙ্করং লোকশঙ্করম্। সূত্রভাস্যকৃতৌ বন্দে ভগবন্তৌ পুনঃ পুনঃ ঈশ্বরো গুরুরাত্মেতি মূর্ত্তিভেদা বিভাগিনে ব্যোমবৎ ব্যাপ্ত দেহায় দক্ষিণামূর্তয়ে নমঃ। ” ইতি গুরুপরম্পরা স্ত্রোত্রম্।, `footer_text_english` = Narayanang Padmabhabang Vashishta Shaktinch Tatputra Parasranch Vyasang Shukong Gaur Padang Mahantang Govinda Yogadramthasya Shishyam. Sri Shankaracharya Mathasya Padmapadancha Hastamlakang Cha Shishyam. Tandrotakong Bartikarmanana Asmad Gurun Santat Matohsmi. Shruti SmritiPurananamalang Karunalong. Namami Bhagavadpadong Sankarang Lokshankaram. Sutrabhasyakartau Bande Bhagwantau Re-Re Ishwaro Gururatmati Murtiveda Divisione Byomvata Is a deep deha in dakshinamurtay namah. Iti Guruparampra Strotram, `facebook_link` = https://www.facebook.com/, `address` = <strong>শ্রী রামকৃষ্ণ ধর্ম চক্র</strong><br />২১১ এ, গিরিশ ঘোষ রোড, বেলুড়<br />পিও- বেলুড়মঠ,<br />হাওড়া -৭১১১২0২, `address_english` = Sri Ramakrishna Dharmachakra<br />211 A, Girish Ghosh Road,<br />Belur, P.O.- Belurmath,<br />Howrah -7111202, `youtube_link` = https://www.youtube.com/, `twitter_link` = ?, `instagram_link` = ?, `email` = ramkrishnadharmachakra@gmail.com, `phone_one` = +913326548075, `phone_two` = +919830043596, `phone_three` = +919804473647, `phone_one_bengali` = +৯১৩৩২৬৫৪৮0৭৫, `phone_two_bengali` = +৯১৯৮৩00৪৩৫৯৬, `phone_three_bengali` = +৯১৯৮0৪৪৭৩৬৪৭,, `about`.`updated_at` = 2023-07-20 15:17:11 where `id` = 1) at /var/www/beas.in/public_html/ramkrishna_dharma_chakra/vendor/laravel/framework/src/Illuminate/Database/Connection.php:712)
[stacktrace]
#0 /var/www/beas.in/public_html/ramkrishna_dharma_chakra/vendor/laravel/framework/src/Illuminate/Database/Connection.php(672): Illuminate\\Database\\Connection->runQueryCallback('update `about` ...', Array, Object(Closure))
#1 /var/www/beas.in/public_html/ramkrishna_dharma_chakra/vendor/laravel/framework/src/Illuminate/Database/Connection.php(533): Illuminate\\Database\\Connection->run('update `about` ...', Array, Object(Closure))
#2 /var/www/beas.in/public_html/ramkrishna_dharma_chakra/vendor/laravel/framework/src/Illuminate/Database/Connection.php(466): Illuminate\\Database\\Connection->affectingStatement('update `about` ...', Array)
#3 /var/www/beas.in/public_html/ramkrishna_dharma_chakra/vendor/laravel/framework/src/Illuminate/Database/Query/Builder.php(3063): Illuminate\\Database\\Connection->update('update `about` ...', Array)
#4 /var/www/beas.in/public_html/ramkrishna_dharma_chakra/vendor/laravel/framework/src/Illuminate/Database/Eloquent/Builder.php(921): Illuminate\\Database\\Query\\Builder->update(Array)
#5 /var/www/beas.in/public_html/ramkrishna_dharma_chakra/app/Http/Controllers/Admin/Modules/About/AboutController.php(108): Illuminate\\Database\\Eloquent\\Builder->update(Array)
#6 /var/www/beas.in/public_html/ramkrishna_dharma_chakra/vendor/laravel/framework/src/Illuminate/Routing/Controller.php(54): App\\Http\\Controllers\\Admin\\Modules\\About\\AboutController->footerUpdate(Object(Illuminate\\Http\\Request))
#7 /var/www/beas.in/public_html/ramkrishna_dharma_chakra/vendor/laravel/framework/src/Illuminate/Routing/ControllerDispatcher.php(45): Illuminate\\Routing\\Controller->callAction('footerUpdate', Array)
#8 /var/www/beas.in/public_html/ramkrishna_dharma_chakra/vendor/laravel/framework/src/Illuminate/Routing/Route.php(262): Illuminate\\Routing\\ControllerDispatcher->dispatch(Object(Illuminate\\Routing\\Route), Object(App\\Http\\Controllers\\Admin\\Modules\\About\\AboutController), 'footerUpdate')
#9 /var/www/beas.in/public_html/ramkrishna_dharma_chakra/vendor/laravel/framework/src/Illuminate/Routing/Route.php(205): Illuminate\\Routing\\Route->runController()
#10 /var/www/beas.in/public_html/ramkrishna_dharma_chakra/vendor/laravel/framework/src/Illuminate/Routing/Router.php(721): Illuminate\\Routing\\Route->run()
#11 /var/www/beas.in/public_html/ramkrishna_dharma_chakra/vendor/laravel/framework/src/Illuminate/Pipeline/Pipeline.php(128): Illuminate\\Routing\\Router->Illuminate\\Routing\\{closure}(Object(Illuminate\\Http\\Request))
#12 /var/www/beas.in/public_html/ramkrishna_dharma_chakra/vendor/laravel/framework/src/Illuminate/Routing/Middleware/SubstituteBindings.php(50): Illuminate\\Pipeline\\Pipeline->Illuminate\\Pipeline\\{closure}(Object(Illuminate\\Http\\Request))
#13 /var/www/beas.in/public_html/ramkrishna_dharma_chakra/vendor/laravel/framework/src/Illuminate/Pipeline/Pipeline.php(167): Illuminate\\Routing\\Middleware\\SubstituteBindings->handle(Object(Illuminate\\Http\\Request), Object(Closure))
#14 /var/www/beas.in/public_html/ramkrishna_dharma_chakra/vendor/laravel/framework/src/Illuminate/Foundation/Http/Middleware/VerifyCsrfToken.php(78): Illuminate\\Pipeline\\Pipeline->Illuminate\\Pipeline\\{closure}(Object(Illuminate\\Http\\Request))
#15 /var/www/beas.in/public_html/ramkrishna_dharma_chakra/vendor/laravel/framework/src/Illuminate/Pipeline/Pipeline.php(167): Illuminate\\Foundation\\Http\\Middleware\\VerifyCsrfToken->handle(Object(Illuminate\\Http\\Request), Object(Closure))
#16 /var/www/beas.in/public_html/ramkrishna_dharma_chakra/vendor/laravel/framework/src/Illuminate/View/Middleware/ShareErrorsFromSession.php(49): Illuminate\\Pipeline\\Pipeline->Illuminate\\Pipeline\\{closure}(Object(Illuminate\\Http\\Request))
#17 /var/www/beas.in/public_html/ramkrishna_dharma_chakra/vendor/laravel/framework/src/Illuminate/Pipeline/Pipeline.php(167): Illuminate\\View\\Middleware\\ShareErrorsFromSession->handle(Object(Illuminate\\Http\\Request), Object(Closure))
#18 /var/www/beas.in/public_html/ramkrishna_dharma_chakra/vendor/laravel/framework/src/Illuminate/Session/Middleware/StartSession.php(121): Illuminate\\Pipeline\\Pipeline->Illuminate\\Pipeline\\{closure}(Object(Illuminate\\Http\\Request))
#19 /var/www/beas.in/public_html/ramkrishna_dharma_chakra/vendor/laravel/framework/src/Illuminate/Session/Middleware/StartSession.php(64): Illuminate\\Session\\Middleware\\StartSession->handleStatefulRequest(Object(Illuminate\\Http\\Request), Object(Illuminate\\Session\\Store), Object(Closure))
#20 /var/www/beas.in/public_html/ramkrishna_dharma_chakra/vendor/laravel/framework/src/Illuminate/Pipeline/Pipeline.php(167): Illuminate\\Session\\Middleware\\StartSession->handle(Object(Illuminate\\Http\\Request), Object(Closure))
#21 /var/www/beas.in/public_html/ramkrishna_dharma_chakra/vendor/laravel/framework/src/Illuminate/Cookie/Middleware/AddQueuedCookiesToResponse.php(37): Illuminate\\Pipeline\\Pipeline->Illuminate\\Pipeline\\{closure}(Object(Illuminate\\Http\\Request))
#22 /var/www/beas.in/public_html/ramkrishna_dharma_chakra/vendor/laravel/framework/src/Illuminate/Pipeline/Pipeline.php(167): Illuminate\\Cookie\\Middleware\\AddQueuedCookiesToResponse->handle(Object(Illuminate\\Http\\Request), Object(Closure))
#23 /var/www/beas.in/public_html/ramkrishna_dharma_chakra/vendor/laravel/framework/src/Illuminate/Cookie/Middleware/EncryptCookies.php(67): Illuminate\\Pipeline\\Pipeline->Illuminate\\Pipeline\\{closure}(Object(Illuminate\\Http\\Request))
#24 /var/www/beas.in/public_html/ramkrishna_dharma_chakra/vendor/laravel/framework/src/Illuminate/Pipeline/Pipeline.php(167): Illuminate\\Cookie\\Middleware\\EncryptCookies->handle(Object(Illuminate\\Http\\Request), Object(Closure))
#25 /var/www/beas.in/public_html/ramkrishna_dharma_chakra/vendor/laravel/framework/src/Illuminate/Pipeline/Pipeline.php(103): Illuminate\\Pipeline\\Pipeline->Illuminate\\Pipeline\\{closure}(Object(Illuminate\\Http\\Request))
#26 /var/www/beas.in/public_html/ramkrishna_dharma_chakra/vendor/laravel/framework/src/Illuminate/Routing/Router.php(723): Illuminate\\Pipeline\\Pipeline->then(Object(Closure))
#27 /var/www/beas.in/public_html/ramkrishna_dharma_chakra/vendor/laravel/framework/src/Illuminate/Routing/Router.php(698): Illuminate\\Routing\\Router->runRouteWithinStack(Object(Illuminate\\Routing\\Route), Object(Illuminate\\Http\\Request))
#28 /var/www/beas.in/public_html/ramkrishna_dharma_chakra/vendor/laravel/framework/src/Illuminate/Routing/Router.php(662): Illuminate\\Routing\\Router->runRoute(Object(Illuminate\\Http\\Request), Object(Illuminate\\Routing\\Route))
#29 /var/www/beas.in/public_html/ramkrishna_dharma_chakra/vendor/laravel/framework/src/Illuminate/Routing/Router.php(651): Illuminate\\Routing\\Router->dispatchToRoute(Object(Illuminate\\Http\\Request))
#30 /var/www/beas.in/public_html/ramkrishna_dharma_chakra/vendor/laravel/framework/src/Illuminate/Foundation/Http/Kernel.php(167): Illuminate\\Routing\\Router->dispatch(Object(Illuminate\\Http\\Request))
#31 /var/www/beas.in/public_html/ramkrishna_dharma_chakra/vendor/laravel/framework/src/Illuminate/Pipeline/Pipeline.php(128): Illuminate\\Foundation\\Http\\Kernel->Illuminate\\Foundation\\Http\\{closure}(Object(Illuminate\\Http\\Request))
#32 /var/www/beas.in/public_html/ramkrishna_dharma_chakra/vendor/laravel/framework/src/Illuminate/Foundation/Http/Middleware/TransformsRequest.php(21): Illuminate\\Pipeline\\Pipeline->Illuminate\\Pipeline\\{closure}(Object(Illuminate\\Http\\Request))
#33 /var/www/beas.in/public_html/ramkrishna_dharma_chakra/vendor/laravel/framework/src/Illuminate/Foundation/Http/Middleware/ConvertEmptyStringsToNull.php(31): Illuminate\\Foundation\\Http\\Middleware\\TransformsRequest->handle(Object(Illuminate\\Http\\Request), Object(Closure))
#34 /var/www/beas.in/public_html/ramkrishna_dharma_chakra/vendor/laravel/framework/src/Illuminate/Pipeline/Pipeline.php(167): Illuminate\\Foundation\\Http\\Middleware\\ConvertEmptyStringsToNull->handle(Object(Illuminate\\Http\\Request), Object(Closure))
#35 /var/www/beas.in/public_html/ramkrishna_dharma_chakra/vendor/laravel/framework/src/Illuminate/Foundation/Http/Middleware/TransformsRequest.php(21): Illuminate\\Pipeline\\Pipeline->Illuminate\\Pipeline\\{closure}(Object(Illuminate\\Http\\Request))
#36 /var/www/beas.in/public_html/ramkrishna_dharma_chakra/vendor/laravel/framework/src/Illuminate/Foundation/Http/Middleware/TrimStrings.php(40): Illuminate\\Foundation\\Http\\Middleware\\TransformsRequest->handle(Object(Illuminate\\Http\\Request), Object(Closure))
#37 /var/www/beas.in/public_html/ramkrishna_dharma_chakra/vendor/laravel/framework/src/Illuminate/Pipeline/Pipeline.php(167): Illuminate\\Foundation\\Http\\Middleware\\TrimStrings->handle(Object(Illuminate\\Http\\Request), Object(Closure))
#38 /var/www/beas.in/public_html/ramkrishna_dharma_chakra/vendor/laravel/framework/src/Illuminate/Foundation/Http/Middleware/ValidatePostSize.php(27): Illuminate\\Pipeline\\Pipeline->Illuminate\\Pipeline\\{closure}(Object(Illuminate\\Http\\Request))
#39 /var/www/beas.in/public_html/ramkrishna_dharma_chakra/vendor/laravel/framework/src/Illuminate/Pipeline/Pipeline.php(167): Illuminate\\Foundation\\Http\\Middleware\\ValidatePostSize->handle(Object(Illuminate\\Http\\Request), Object(Closure))
#40 /var/www/beas.in/public_html/ramkrishna_dharma_chakra/vendor/laravel/framework/src/Illuminate/Foundation/Http/Middleware/PreventRequestsDuringMaintenance.php(86): Illuminate\\Pipeline\\Pipeline->Illuminate\\Pipeline\\{closure}(Object(Illuminate\\Http\\Request))
#41 /var/www/beas.in/public_html/ramkrishna_dharma_chakra/vendor/laravel/framework/src/Illuminate/Pipeline/Pipeline.php(167): Illuminate\\Foundation\\Http\\Middleware\\PreventRequestsDuringMaintenance->handle(Object(Illuminate\\Http\\Request), Object(Closure))
#42 /var/www/beas.in/public_html/ramkrishna_dharma_chakra/vendor/fideloper/proxy/src/TrustProxies.php(57): Illuminate\\Pipeline\\Pipeline->Illuminate\\Pipeline\\{closure}(Object(Illuminate\\Http\\Request))
#43 /var/www/beas.in/public_html/ramkrishna_dharma_chakra/vendor/laravel/framework/src/Illuminate/Pipeline/Pipeline.php(167): Fideloper\\Proxy\\TrustProxies->handle(Object(Illuminate\\Http\\Request), Object(Closure))
#44 /var/www/beas.in/public_html/ramkrishna_dharma_chakra/vendor/laravel/framework/src/Illuminate/Pipeline/Pipeline.php(103): Illuminate\\Pipeline\\Pipeline->Illuminate\\Pipeline\\{closure}(Object(Illuminate\\Http\\Request))
#45 /var/www/beas.in/public_html/ramkrishna_dharma_chakra/vendor/laravel/framework/src/Illuminate/Foundation/Http/Kernel.php(142): Illuminate\\Pipeline\\Pipeline->then(Object(Closure))
#46 /var/www/beas.in/public_html/ramkrishna_dharma_chakra/vendor/laravel/framework/src/Illuminate/Foundation/Http/Kernel.php(111): Illuminate\\Foundation\\Http\\Kernel->sendRequestThroughRouter(Object(Illuminate\\Http\\Request))
#47 /var/www/beas.in/public_html/ramkrishna_dharma_chakra/index.php(54): Illuminate\\Foundation\\Http\\Kernel->handle(Object(Illuminate\\Http\\Request))
#48 {main}

[previous exception] [object] (PDOException(code: 42000): SQLSTATE[42000]: Syntax error or access violation: 1118 Row size too large (> 8126). Changing some columns to TEXT or BLOB or using ROW_FORMAT=DYNAMIC or ROW_FORMAT=COMPRESSED may help. In current row format, BLOB prefix of 768 bytes is stored inline. at /var/www/beas.in/public_html/ramkrishna_dharma_chakra/vendor/laravel/framework/src/Illuminate/Database/Connection.php:526)
[stacktrace]
#0 /var/www/beas.in/public_html/ramkrishna_dharma_chakra/vendor/laravel/framework/src/Illuminate/Database/Connection.php(526): PDOStatement->execute()
#1 /var/www/beas.in/public_html/ramkrishna_dharma_chakra/vendor/laravel/framework/src/Illuminate/Database/Connection.php(705): Illuminate\\Database\\Connection->Illuminate\\Database\\{closure}('update `about` ...', Array)
#2 /var/www/beas.in/public_html/ramkrishna_dharma_chakra/vendor/laravel/framework/src/Illuminate/Database/Connection.php(672): Illuminate\\Database\\Connection->runQueryCallback('update `about` ...', Array, Object(Closure))
#3 /var/www/beas.in/public_html/ramkrishna_dharma_chakra/vendor/laravel/framework/src/Illuminate/Database/Connection.php(533): Illuminate\\Database\\Connection->run('update `about` ...', Array, Object(Closure))
#4 /var/www/beas.in/public_html/ramkrishna_dharma_chakra/vendor/laravel/framework/src/Illuminate/Database/Connection.php(466): Illuminate\\Database\\Connection->affectingStatement('update `about` ...', Array)
#5 /var/www/beas.in/public_html/ramkrishna_dharma_chakra/vendor/laravel/framework/src/Illuminate/Database/Query/Builder.php(3063): Illuminate\\Database\\Connection->update('update `about` ...', Array)
#6 /var/www/beas.in/public_html/ramkrishna_dharma_chakra/vendor/laravel/framework/src/Illuminate/Database/Eloquent/Builder.php(921): Illuminate\\Database\\Query\\Builder->update(Array)
#7 /var/www/beas.in/public_html/ramkrishna_dharma_chakra/app/Http/Controllers/Admin/Modules/About/AboutController.php(108): Illuminate\\Database\\Eloquent\\Builder->update(Array)
#8 /var/www/beas.in/public_html/ramkrishna_dharma_chakra/vendor/laravel/framework/src/Illuminate/Routing/Controller.php(54): App\\Http\\Controllers\\Admin\\Modules\\About\\AboutController->footerUpdate(Object(Illuminate\\Http\\Request))
#9 /var/www/beas.in/public_html/ramkrishna_dharma_chakra/vendor/laravel/framework/src/Illuminate/Routing/ControllerDispatcher.php(45): Illuminate\\Routing\\Controller->callAction('footerUpdate', Array)
#10 /var/www/beas.in/public_html/ramkrishna_dharma_chakra/vendor/laravel/framework/src/Illuminate/Routing/Route.php(262): Illuminate\\Routing\\ControllerDispatcher->dispatch(Object(Illuminate\\Routing\\Route), Object(App\\Http\\Controllers\\Admin\\Modules\\About\\AboutController), 'footerUpdate')
#11 /var/www/beas.in/public_html/ramkrishna_dharma_chakra/vendor/laravel/framework/src/Illuminate/Routing/Route.php(205): Illuminate\\Routing\\Route->runController()
#12 /var/www/beas.in/public_html/ramkrishna_dharma_chakra/vendor/laravel/framework/src/Illuminate/Routing/Router.php(721): Illuminate\\Routing\\Route->run()
#13 /var/www/beas.in/public_html/ramkrishna_dharma_chakra/vendor/laravel/framework/src/Illuminate/Pipeline/Pipeline.php(128): Illuminate\\Routing\\Router->Illuminate\\Routing\\{closure}(Object(Illuminate\\Http\\Request))
#14 /var/www/beas.in/public_html/ramkrishna_dharma_chakra/vendor/laravel/framework/src/Illuminate/Routing/Middleware/SubstituteBindings.php(50): Illuminate\\Pipeline\\Pipeline->Illuminate\\Pipeline\\{closure}(Object(Illuminate\\Http\\Request))
#15 /var/www/beas.in/public_html/ramkrishna_dharma_chakra/vendor/laravel/framework/src/Illuminate/Pipeline/Pipeline.php(167): Illuminate\\Routing\\Middleware\\SubstituteBindings->handle(Object(Illuminate\\Http\\Request), Object(Closure))
#16 /var/www/beas.in/public_html/ramkrishna_dharma_chakra/vendor/laravel/framework/src/Illuminate/Foundation/Http/Middleware/VerifyCsrfToken.php(78): Illuminate\\Pipeline\\Pipeline->Illuminate\\Pipeline\\{closure}(Object(Illuminate\\Http\\Request))
#17 /var/www/beas.in/public_html/ramkrishna_dharma_chakra/vendor/laravel/framework/src/Illuminate/Pipeline/Pipeline.php(167): Illuminate\\Foundation\\Http\\Middleware\\VerifyCsrfToken->handle(Object(Illuminate\\Http\\Request), Object(Closure))
#18 /var/www/beas.in/public_html/ramkrishna_dharma_chakra/vendor/laravel/framework/src/Illuminate/View/Middleware/ShareErrorsFromSession.php(49): Illuminate\\Pipeline\\Pipeline->Illuminate\\Pipeline\\{closure}(Object(Illuminate\\Http\\Request))
#19 /var/www/beas.in/public_html/ramkrishna_dharma_chakra/vendor/laravel/framework/src/Illuminate/Pipeline/Pipeline.php(167): Illuminate\\View\\Middleware\\ShareErrorsFromSession->handle(Object(Illuminate\\Http\\Request), Object(Closure))
#20 /var/www/beas.in/public_html/ramkrishna_dharma_chakra/vendor/laravel/framework/src/Illuminate/Session/Middleware/StartSession.php(121): Illuminate\\Pipeline\\Pipeline->Illuminate\\Pipeline\\{closure}(Object(Illuminate\\Http\\Request))
#21 /var/www/beas.in/public_html/ramkrishna_dharma_chakra/vendor/laravel/framework/src/Illuminate/Session/Middleware/StartSession.php(64): Illuminate\\Session\\Middleware\\StartSession->handleStatefulRequest(Object(Illuminate\\Http\\Request), Object(Illuminate\\Session\\Store), Object(Closure))
#22 /var/www/beas.in/public_html/ramkrishna_dharma_chakra/vendor/laravel/framework/src/Illuminate/Pipeline/Pipeline.php(167): Illuminate\\Session\\Middleware\\StartSession->handle(Object(Illuminate\\Http\\Request), Object(Closure))
#23 /var/www/beas.in/public_html/ramkrishna_dharma_chakra/vendor/laravel/framework/src/Illuminate/Cookie/Middleware/AddQueuedCookiesToResponse.php(37): Illuminate\\Pipeline\\Pipeline->Illuminate\\Pipeline\\{closure}(Object(Illuminate\\Http\\Request))
#24 /var/www/beas.in/public_html/ramkrishna_dharma_chakra/vendor/laravel/framework/src/Illuminate/Pipeline/Pipeline.php(167): Illuminate\\Cookie\\Middleware\\AddQueuedCookiesToResponse->handle(Object(Illuminate\\Http\\Request), Object(Closure))
#25 /var/www/beas.in/public_html/ramkrishna_dharma_chakra/vendor/laravel/framework/src/Illuminate/Cookie/Middleware/EncryptCookies.php(67): Illuminate\\Pipeline\\Pipeline->Illuminate\\Pipeline\\{closure}(Object(Illuminate\\Http\\Request))
#26 /var/www/beas.in/public_html/ramkrishna_dharma_chakra/vendor/laravel/framework/src/Illuminate/Pipeline/Pipeline.php(167): Illuminate\\Cookie\\Middleware\\EncryptCookies->handle(Object(Illuminate\\Http\\Request), Object(Closure))
#27 /var/www/beas.in/public_html/ramkrishna_dharma_chakra/vendor/laravel/framework/src/Illuminate/Pipeline/Pipeline.php(103): Illuminate\\Pipeline\\Pipeline->Illuminate\\Pipeline\\{closure}(Object(Illuminate\\Http\\Request))
#28 /var/www/beas.in/public_html/ramkrishna_dharma_chakra/vendor/laravel/framework/src/Illuminate/Routing/Router.php(723): Illuminate\\Pipeline\\Pipeline->then(Object(Closure))
#29 /var/www/beas.in/public_html/ramkrishna_dharma_chakra/vendor/laravel/framework/src/Illuminate/Routing/Router.php(698): Illuminate\\Routing\\Router->runRouteWithinStack(Object(Illuminate\\Routing\\Route), Object(Illuminate\\Http\\Request))
#30 /var/www/beas.in/public_html/ramkrishna_dharma_chakra/vendor/laravel/framework/src/Illuminate/Routing/Router.php(662): Illuminate\\Routing\\Router->runRoute(Object(Illuminate\\Http\\Request), Object(Illuminate\\Routing\\Route))
#31 /var/www/beas.in/public_html/ramkrishna_dharma_chakra/vendor/laravel/framework/src/Illuminate/Routing/Router.php(651): Illuminate\\Routing\\Router->dispatchToRoute(Object(Illuminate\\Http\\Request))
#32 /var/www/beas.in/public_html/ramkrishna_dharma_chakra/vendor/laravel/framework/src/Illuminate/Foundation/Http/Kernel.php(167): Illuminate\\Routing\\Router->dispatch(Object(Illuminate\\Http\\Request))
#33 /var/www/beas.in/public_html/ramkrishna_dharma_chakra/vendor/laravel/framework/src/Illuminate/Pipeline/Pipeline.php(128): Illuminate\\Foundation\\Http\\Kernel->Illuminate\\Foundation\\Http\\{closure}(Object(Illuminate\\Http\\Request))
#34 /var/www/beas.in/public_html/ramkrishna_dharma_chakra/vendor/laravel/framework/src/Illuminate/Foundation/Http/Middleware/TransformsRequest.php(21): Illuminate\\Pipeline\\Pipeline->Illuminate\\Pipeline\\{closure}(Object(Illuminate\\Http\\Request))
#35 /var/www/beas.in/public_html/ramkrishna_dharma_chakra/vendor/laravel/framework/src/Illuminate/Foundation/Http/Middleware/ConvertEmptyStringsToNull.php(31): Illuminate\\Foundation\\Http\\Middleware\\TransformsRequest->handle(Object(Illuminate\\Http\\Request), Object(Closure))
#36 /var/www/beas.in/public_html/ramkrishna_dharma_chakra/vendor/laravel/framework/src/Illuminate/Pipeline/Pipeline.php(167): Illuminate\\Foundation\\Http\\Middleware\\ConvertEmptyStringsToNull->handle(Object(Illuminate\\Http\\Request), Object(Closure))
#37 /var/www/beas.in/public_html/ramkrishna_dharma_chakra/vendor/laravel/framework/src/Illuminate/Foundation/Http/Middleware/TransformsRequest.php(21): Illuminate\\Pipeline\\Pipeline->Illuminate\\Pipeline\\{closure}(Object(Illuminate\\Http\\Request))
#38 /var/www/beas.in/public_html/ramkrishna_dharma_chakra/vendor/laravel/framework/src/Illuminate/Foundation/Http/Middleware/TrimStrings.php(40): Illuminate\\Foundation\\Http\\Middleware\\TransformsRequest->handle(Object(Illuminate\\Http\\Request), Object(Closure))
#39 /var/www/beas.in/public_html/ramkrishna_dharma_chakra/vendor/laravel/framework/src/Illuminate/Pipeline/Pipeline.php(167): Illuminate\\Foundation\\Http\\Middleware\\TrimStrings->handle(Object(Illuminate\\Http\\Request), Object(Closure))
#40 /var/www/beas.in/public_html/ramkrishna_dharma_chakra/vendor/laravel/framework/src/Illuminate/Foundation/Http/Middleware/ValidatePostSize.php(27): Illuminate\\Pipeline\\Pipeline->Illuminate\\Pipeline\\{closure}(Object(Illuminate\\Http\\Request))
#41 /var/www/beas.in/public_html/ramkrishna_dharma_chakra/vendor/laravel/framework/src/Illuminate/Pipeline/Pipeline.php(167): Illuminate\\Foundation\\Http\\Middleware\\ValidatePostSize->handle(Object(Illuminate\\Http\\Request), Object(Closure))
#42 /var/www/beas.in/public_html/ramkrishna_dharma_chakra/vendor/laravel/framework/src/Illuminate/Foundation/Http/Middleware/PreventRequestsDuringMaintenance.php(86): Illuminate\\Pipeline\\Pipeline->Illuminate\\Pipeline\\{closure}(Object(Illuminate\\Http\\Request))
#43 /var/www/beas.in/public_html/ramkrishna_dharma_chakra/vendor/laravel/framework/src/Illuminate/Pipeline/Pipeline.php(167): Illuminate\\Foundation\\Http\\Middleware\\PreventRequestsDuringMaintenance->handle(Object(Illuminate\\Http\\Request), Object(Closure))
#44 /var/www/beas.in/public_html/ramkrishna_dharma_chakra/vendor/fideloper/proxy/src/TrustProxies.php(57): Illuminate\\Pipeline\\Pipeline->Illuminate\\Pipeline\\{closure}(Object(Illuminate\\Http\\Request))
#45 /var/www/beas.in/public_html/ramkrishna_dharma_chakra/vendor/laravel/framework/src/Illuminate/Pipeline/Pipeline.php(167): Fideloper\\Proxy\\TrustProxies->handle(Object(Illuminate\\Http\\Request), Object(Closure))
#46 /var/www/beas.in/public_html/ramkrishna_dharma_chakra/vendor/laravel/framework/src/Illuminate/Pipeline/Pipeline.php(103): Illuminate\\Pipeline\\Pipeline->Illuminate\\Pipeline\\{closure}(Object(Illuminate\\Http\\Request))
#47 /var/www/beas.in/public_html/ramkrishna_dharma_chakra/vendor/laravel/framework/src/Illuminate/Foundation/Http/Kernel.php(142): Illuminate\\Pipeline\\Pipeline->then(Object(Closure))
#48 /var/www/beas.in/public_html/ramkrishna_dharma_chakra/vendor/laravel/framework/src/Illuminate/Foundation/Http/Kernel.php(111): Illuminate\\Foundation\\Http\\Kernel->sendRequestThroughRouter(Object(Illuminate\\Http\\Request))
#49 /var/www/beas.in/public_html/ramkrishna_dharma_chakra/index.php(54): Illuminate\\Foundation\\Http\\Kernel->handle(Object(Illuminate\\Http\\Request))
#50 {main}
"} 
[2023-07-20 15:17:47] local.ERROR: SQLSTATE[42000]: Syntax error or access violation: 1118 Row size too large (> 8126). Changing some columns to TEXT or BLOB or using ROW_FORMAT=DYNAMIC or ROW_FORMAT=COMPRESSED may help. In current row format, BLOB prefix of 768 bytes is stored inline. (SQL: update `about` set `footer_text` = নারায়ণং পদ্মভবং বশিষ্ঠ শক্তিঞ্চ তৎপুত্র পরাশরঞ্চ ব্যাসং শুকং গৌর পাদং মহান্তং গোবিন্দ যোগিদ্রমথাস্য শিষ্যম্ শ্রী শঙ্করাচার্য্য মথাস্য পদ্মপাদঞ্চ হস্তামলকং চ শিষ্যম্। তন্দ্রোটকং বার্তিককারমন্যান অস্মদ গুরুন সন্তত মাতোহস্মি। শ্রুতি স্মৃতিপুরাণানামালয়ং করুণালয়ং।নমামি ভগবৎপাদং শঙ্করং লোকশঙ্করম্। সূত্রভাস্যকৃতৌ বন্দে ভগবন্তৌ পুনঃ পুনঃ ঈশ্বরো গুরুরাত্মেতি মূর্ত্তিভেদা বিভাগিনে ব্যোমবৎ ব্যাপ্ত দেহায় দক্ষিণামূর্তয়ে নমঃ। <br />ইতি গুরুপরম্পরা স্ত্রোত্রম্।, `footer_text_english` = Narayanang Padmabhabang Vashishta Shaktinch Tatputra Parasranch Vyasang Shukong Gaur Padang Mahantang Govinda Yogadramthasya Shishyam. Sri Shankaracharya Mathasya Padmapadancha Hastamlakang Cha Shishyam. Tandrotakong Bartikarmanana Asmad Gurun Santat Matohsmi. Shruti SmritiPurananamalang Karunalong. Namami Bhagavadpadong Sankarang Lokshankaram. Sutrabhasyakartau Bande Bhagwantau Re-Re Ishwaro Gururatmati Murtiveda Divisione Byomvata Is a deep deha in dakshinamurtay namah.<br />Iti Guruparampra Strotram, `facebook_link` = https://www.facebook.com/, `address` = <strong>শ্রী রামকৃষ্ণ ধর্ম চক্র</strong><br />২১১ এ, গিরিশ ঘোষ রোড, বেলুড়<br />পিও- বেলুড়মঠ,<br />হাওড়া -৭১১১২0২, `address_english` = Sri Ramakrishna Dharmachakra<br />211 A, Girish Ghosh Road,<br />Belur, P.O.- Belurmath,<br />Howrah -7111202, `youtube_link` = https://www.youtube.com/, `twitter_link` = ?, `instagram_link` = ?, `email` = ramkrishnadharmachakra@gmail.com, `phone_one` = +913326548075, `phone_two` = +919830043596, `phone_three` = +919804473647, `phone_one_bengali` = +৯১৩৩২৬৫৪৮0৭৫, `phone_two_bengali` = +৯১৯৮৩00৪৩৫৯৬, `phone_three_bengali` = +৯১৯৮0৪৪৭৩৬৪৭,, `about`.`updated_at` = 2023-07-20 15:17:47 where `id` = 1) {"exception":"[object] (Illuminate\\Database\\QueryException(code: 42000): SQLSTATE[42000]: Syntax error or access violation: 1118 Row size too large (> 8126). Changing some columns to TEXT or BLOB or using ROW_FORMAT=DYNAMIC or ROW_FORMAT=COMPRESSED may help. In current row format, BLOB prefix of 768 bytes is stored inline. (SQL: update `about` set `footer_text` = নারায়ণং পদ্মভবং বশিষ্ঠ শক্তিঞ্চ তৎপুত্র পরাশরঞ্চ ব্যাসং শুকং গৌর পাদং মহান্তং গোবিন্দ যোগিদ্রমথাস্য শিষ্যম্ শ্রী শঙ্করাচার্য্য মথাস্য পদ্মপাদঞ্চ হস্তামলকং চ শিষ্যম্। তন্দ্রোটকং বার্তিককারমন্যান অস্মদ গুরুন সন্তত মাতোহস্মি। শ্রুতি স্মৃতিপুরাণানামালয়ং করুণালয়ং।নমামি ভগবৎপাদং শঙ্করং লোকশঙ্করম্। সূত্রভাস্যকৃতৌ বন্দে ভগবন্তৌ পুনঃ পুনঃ ঈশ্বরো গুরুরাত্মেতি মূর্ত্তিভেদা বিভাগিনে ব্যোমবৎ ব্যাপ্ত দেহায় দক্ষিণামূর্তয়ে নমঃ। <br />ইতি গুরুপরম্পরা স্ত্রোত্রম্।, `footer_text_english` = Narayanang Padmabhabang Vashishta Shaktinch Tatputra Parasranch Vyasang Shukong Gaur Padang Mahantang Govinda Yogadramthasya Shishyam. Sri Shankaracharya Mathasya Padmapadancha Hastamlakang Cha Shishyam. Tandrotakong Bartikarmanana Asmad Gurun Santat Matohsmi. Shruti SmritiPurananamalang Karunalong. Namami Bhagavadpadong Sankarang Lokshankaram. Sutrabhasyakartau Bande Bhagwantau Re-Re Ishwaro Gururatmati Murtiveda Divisione Byomvata Is a deep deha in dakshinamurtay namah.<br />Iti Guruparampra Strotram, `facebook_link` = https://www.facebook.com/, `address` = <strong>শ্রী রামকৃষ্ণ ধর্ম চক্র</strong><br />২১১ এ, গিরিশ ঘোষ রোড, বেলুড়<br />পিও- বেলুড়মঠ,<br />হাওড়া -৭১১১২0২, `address_english` = Sri Ramakrishna Dharmachakra<br />211 A, Girish Ghosh Road,<br />Belur, P.O.- Belurmath,<br />Howrah -7111202, `youtube_link` = https://www.youtube.com/, `twitter_link` = ?, `instagram_link` = ?, `email` = ramkrishnadharmachakra@gmail.com, `phone_one` = +913326548075, `phone_two` = +919830043596, `phone_three` = +919804473647, `phone_one_bengali` = +৯১৩৩২৬৫৪৮0৭৫, `phone_two_bengali` = +৯১৯৮৩00৪৩৫৯৬, `phone_three_bengali` = +৯১৯৮0৪৪৭৩৬৪৭,, `about`.`updated_at` = 2023-07-20 15:17:47 where `id` = 1) at /var/www/beas.in/public_html/ramkrishna_dharma_chakra/vendor/laravel/framework/src/Illuminate/Database/Connection.php:712)
[stacktrace]
#0 /var/www/beas.in/public_html/ramkrishna_dharma_chakra/vendor/laravel/framework/src/Illuminate/Database/Connection.php(672): Illuminate\\Database\\Connection->runQueryCallback('update `about` ...', Array, Object(Closure))
#1 /var/www/beas.in/public_html/ramkrishna_dharma_chakra/vendor/laravel/framework/src/Illuminate/Database/Connection.php(533): Illuminate\\Database\\Connection->run('update `about` ...', Array, Object(Closure))
#2 /var/www/beas.in/public_html/ramkrishna_dharma_chakra/vendor/laravel/framework/src/Illuminate/Database/Connection.php(466): Illuminate\\Database\\Connection->affectingStatement('update `about` ...', Array)
#3 /var/www/beas.in/public_html/ramkrishna_dharma_chakra/vendor/laravel/framework/src/Illuminate/Database/Query/Builder.php(3063): Illuminate\\Database\\Connection->update('update `about` ...', Array)
#4 /var/www/beas.in/public_html/ramkrishna_dharma_chakra/vendor/laravel/framework/src/Illuminate/Database/Eloquent/Builder.php(921): Illuminate\\Database\\Query\\Builder->update(Array)
#5 /var/www/beas.in/public_html/ramkrishna_dharma_chakra/app/Http/Controllers/Admin/Modules/About/AboutController.php(108): Illuminate\\Database\\Eloquent\\Builder->update(Array)
#6 /var/www/beas.in/public_html/ramkrishna_dharma_chakra/vendor/laravel/framework/src/Illuminate/Routing/Controller.php(54): App\\Http\\Controllers\\Admin\\Modules\\About\\AboutController->footerUpdate(Object(Illuminate\\Http\\Request))
#7 /var/www/beas.in/public_html/ramkrishna_dharma_chakra/vendor/laravel/framework/src/Illuminate/Routing/ControllerDispatcher.php(45): Illuminate\\Routing\\Controller->callAction('footerUpdate', Array)
#8 /var/www/beas.in/public_html/ramkrishna_dharma_chakra/vendor/laravel/framework/src/Illuminate/Routing/Route.php(262): Illuminate\\Routing\\ControllerDispatcher->dispatch(Object(Illuminate\\Routing\\Route), Object(App\\Http\\Controllers\\Admin\\Modules\\About\\AboutController), 'footerUpdate')
#9 /var/www/beas.in/public_html/ramkrishna_dharma_chakra/vendor/laravel/framework/src/Illuminate/Routing/Route.php(205): Illuminate\\Routing\\Route->runController()
#10 /var/www/beas.in/public_html/ramkrishna_dharma_chakra/vendor/laravel/framework/src/Illuminate/Routing/Router.php(721): Illuminate\\Routing\\Route->run()
#11 /var/www/beas.in/public_html/ramkrishna_dharma_chakra/vendor/laravel/framework/src/Illuminate/Pipeline/Pipeline.php(128): Illuminate\\Routing\\Router->Illuminate\\Routing\\{closure}(Object(Illuminate\\Http\\Request))
#12 /var/www/beas.in/public_html/ramkrishna_dharma_chakra/vendor/laravel/framework/src/Illuminate/Routing/Middleware/SubstituteBindings.php(50): Illuminate\\Pipeline\\Pipeline->Illuminate\\Pipeline\\{closure}(Object(Illuminate\\Http\\Request))
#13 /var/www/beas.in/public_html/ramkrishna_dharma_chakra/vendor/laravel/framework/src/Illuminate/Pipeline/Pipeline.php(167): Illuminate\\Routing\\Middleware\\SubstituteBindings->handle(Object(Illuminate\\Http\\Request), Object(Closure))
#14 /var/www/beas.in/public_html/ramkrishna_dharma_chakra/vendor/laravel/framework/src/Illuminate/Foundation/Http/Middleware/VerifyCsrfToken.php(78): Illuminate\\Pipeline\\Pipeline->Illuminate\\Pipeline\\{closure}(Object(Illuminate\\Http\\Request))
#15 /var/www/beas.in/public_html/ramkrishna_dharma_chakra/vendor/laravel/framework/src/Illuminate/Pipeline/Pipeline.php(167): Illuminate\\Foundation\\Http\\Middleware\\VerifyCsrfToken->handle(Object(Illuminate\\Http\\Request), Object(Closure))
#16 /var/www/beas.in/public_html/ramkrishna_dharma_chakra/vendor/laravel/framework/src/Illuminate/View/Middleware/ShareErrorsFromSession.php(49): Illuminate\\Pipeline\\Pipeline->Illuminate\\Pipeline\\{closure}(Object(Illuminate\\Http\\Request))
#17 /var/www/beas.in/public_html/ramkrishna_dharma_chakra/vendor/laravel/framework/src/Illuminate/Pipeline/Pipeline.php(167): Illuminate\\View\\Middleware\\ShareErrorsFromSession->handle(Object(Illuminate\\Http\\Request), Object(Closure))
#18 /var/www/beas.in/public_html/ramkrishna_dharma_chakra/vendor/laravel/framework/src/Illuminate/Session/Middleware/StartSession.php(121): Illuminate\\Pipeline\\Pipeline->Illuminate\\Pipeline\\{closure}(Object(Illuminate\\Http\\Request))
#19 /var/www/beas.in/public_html/ramkrishna_dharma_chakra/vendor/laravel/framework/src/Illuminate/Session/Middleware/StartSession.php(64): Illuminate\\Session\\Middleware\\StartSession->handleStatefulRequest(Object(Illuminate\\Http\\Request), Object(Illuminate\\Session\\Store), Object(Closure))
#20 /var/www/beas.in/public_html/ramkrishna_dharma_chakra/vendor/laravel/framework/src/Illuminate/Pipeline/Pipeline.php(167): Illuminate\\Session\\Middleware\\StartSession->handle(Object(Illuminate\\Http\\Request), Object(Closure))
#21 /var/www/beas.in/public_html/ramkrishna_dharma_chakra/vendor/laravel/framework/src/Illuminate/Cookie/Middleware/AddQueuedCookiesToResponse.php(37): Illuminate\\Pipeline\\Pipeline->Illuminate\\Pipeline\\{closure}(Object(Illuminate\\Http\\Request))
#22 /var/www/beas.in/public_html/ramkrishna_dharma_chakra/vendor/laravel/framework/src/Illuminate/Pipeline/Pipeline.php(167): Illuminate\\Cookie\\Middleware\\AddQueuedCookiesToResponse->handle(Object(Illuminate\\Http\\Request), Object(Closure))
#23 /var/www/beas.in/public_html/ramkrishna_dharma_chakra/vendor/laravel/framework/src/Illuminate/Cookie/Middleware/EncryptCookies.php(67): Illuminate\\Pipeline\\Pipeline->Illuminate\\Pipeline\\{closure}(Object(Illuminate\\Http\\Request))
#24 /var/www/beas.in/public_html/ramkrishna_dharma_chakra/vendor/laravel/framework/src/Illuminate/Pipeline/Pipeline.php(167): Illuminate\\Cookie\\Middleware\\EncryptCookies->handle(Object(Illuminate\\Http\\Request), Object(Closure))
#25 /var/www/beas.in/public_html/ramkrishna_dharma_chakra/vendor/laravel/framework/src/Illuminate/Pipeline/Pipeline.php(103): Illuminate\\Pipeline\\Pipeline->Illuminate\\Pipeline\\{closure}(Object(Illuminate\\Http\\Request))
#26 /var/www/beas.in/public_html/ramkrishna_dharma_chakra/vendor/laravel/framework/src/Illuminate/Routing/Router.php(723): Illuminate\\Pipeline\\Pipeline->then(Object(Closure))
#27 /var/www/beas.in/public_html/ramkrishna_dharma_chakra/vendor/laravel/framework/src/Illuminate/Routing/Router.php(698): Illuminate\\Routing\\Router->runRouteWithinStack(Object(Illuminate\\Routing\\Route), Object(Illuminate\\Http\\Request))
#28 /var/www/beas.in/public_html/ramkrishna_dharma_chakra/vendor/laravel/framework/src/Illuminate/Routing/Router.php(662): Illuminate\\Routing\\Router->runRoute(Object(Illuminate\\Http\\Request), Object(Illuminate\\Routing\\Route))
#29 /var/www/beas.in/public_html/ramkrishna_dharma_chakra/vendor/laravel/framework/src/Illuminate/Routing/Router.php(651): Illuminate\\Routing\\Router->dispatchToRoute(Object(Illuminate\\Http\\Request))
#30 /var/www/beas.in/public_html/ramkrishna_dharma_chakra/vendor/laravel/framework/src/Illuminate/Foundation/Http/Kernel.php(167): Illuminate\\Routing\\Router->dispatch(Object(Illuminate\\Http\\Request))
#31 /var/www/beas.in/public_html/ramkrishna_dharma_chakra/vendor/laravel/framework/src/Illuminate/Pipeline/Pipeline.php(128): Illuminate\\Foundation\\Http\\Kernel->Illuminate\\Foundation\\Http\\{closure}(Object(Illuminate\\Http\\Request))
#32 /var/www/beas.in/public_html/ramkrishna_dharma_chakra/vendor/laravel/framework/src/Illuminate/Foundation/Http/Middleware/TransformsRequest.php(21): Illuminate\\Pipeline\\Pipeline->Illuminate\\Pipeline\\{closure}(Object(Illuminate\\Http\\Request))
#33 /var/www/beas.in/public_html/ramkrishna_dharma_chakra/vendor/laravel/framework/src/Illuminate/Foundation/Http/Middleware/ConvertEmptyStringsToNull.php(31): Illuminate\\Foundation\\Http\\Middleware\\TransformsRequest->handle(Object(Illuminate\\Http\\Request), Object(Closure))
#34 /var/www/beas.in/public_html/ramkrishna_dharma_chakra/vendor/laravel/framework/src/Illuminate/Pipeline/Pipeline.php(167): Illuminate\\Foundation\\Http\\Middleware\\ConvertEmptyStringsToNull->handle(Object(Illuminate\\Http\\Request), Object(Closure))
#35 /var/www/beas.in/public_html/ramkrishna_dharma_chakra/vendor/laravel/framework/src/Illuminate/Foundation/Http/Middleware/TransformsRequest.php(21): Illuminate\\Pipeline\\Pipeline->Illuminate\\Pipeline\\{closure}(Object(Illuminate\\Http\\Request))
#36 /var/www/beas.in/public_html/ramkrishna_dharma_chakra/vendor/laravel/framework/src/Illuminate/Foundation/Http/Middleware/TrimStrings.php(40): Illuminate\\Foundation\\Http\\Middleware\\TransformsRequest->handle(Object(Illuminate\\Http\\Request), Object(Closure))
#37 /var/www/beas.in/public_html/ramkrishna_dharma_chakra/vendor/laravel/framework/src/Illuminate/Pipeline/Pipeline.php(167): Illuminate\\Foundation\\Http\\Middleware\\TrimStrings->handle(Object(Illuminate\\Http\\Request), Object(Closure))
#38 /var/www/beas.in/public_html/ramkrishna_dharma_chakra/vendor/laravel/framework/src/Illuminate/Foundation/Http/Middleware/ValidatePostSize.php(27): Illuminate\\Pipeline\\Pipeline->Illuminate\\Pipeline\\{closure}(Object(Illuminate\\Http\\Request))
#39 /var/www/beas.in/public_html/ramkrishna_dharma_chakra/vendor/laravel/framework/src/Illuminate/Pipeline/Pipeline.php(167): Illuminate\\Foundation\\Http\\Middleware\\ValidatePostSize->handle(Object(Illuminate\\Http\\Request), Object(Closure))
#40 /var/www/beas.in/public_html/ramkrishna_dharma_chakra/vendor/laravel/framework/src/Illuminate/Foundation/Http/Middleware/PreventRequestsDuringMaintenance.php(86): Illuminate\\Pipeline\\Pipeline->Illuminate\\Pipeline\\{closure}(Object(Illuminate\\Http\\Request))
#41 /var/www/beas.in/public_html/ramkrishna_dharma_chakra/vendor/laravel/framework/src/Illuminate/Pipeline/Pipeline.php(167): Illuminate\\Foundation\\Http\\Middleware\\PreventRequestsDuringMaintenance->handle(Object(Illuminate\\Http\\Request), Object(Closure))
#42 /var/www/beas.in/public_html/ramkrishna_dharma_chakra/vendor/fideloper/proxy/src/TrustProxies.php(57): Illuminate\\Pipeline\\Pipeline->Illuminate\\Pipeline\\{closure}(Object(Illuminate\\Http\\Request))
#43 /var/www/beas.in/public_html/ramkrishna_dharma_chakra/vendor/laravel/framework/src/Illuminate/Pipeline/Pipeline.php(167): Fideloper\\Proxy\\TrustProxies->handle(Object(Illuminate\\Http\\Request), Object(Closure))
#44 /var/www/beas.in/public_html/ramkrishna_dharma_chakra/vendor/laravel/framework/src/Illuminate/Pipeline/Pipeline.php(103): Illuminate\\Pipeline\\Pipeline->Illuminate\\Pipeline\\{closure}(Object(Illuminate\\Http\\Request))
#45 /var/www/beas.in/public_html/ramkrishna_dharma_chakra/vendor/laravel/framework/src/Illuminate/Foundation/Http/Kernel.php(142): Illuminate\\Pipeline\\Pipeline->then(Object(Closure))
#46 /var/www/beas.in/public_html/ramkrishna_dharma_chakra/vendor/laravel/framework/src/Illuminate/Foundation/Http/Kernel.php(111): Illuminate\\Foundation\\Http\\Kernel->sendRequestThroughRouter(Object(Illuminate\\Http\\Request))
#47 /var/www/beas.in/public_html/ramkrishna_dharma_chakra/index.php(54): Illuminate\\Foundation\\Http\\Kernel->handle(Object(Illuminate\\Http\\Request))
#48 {main}

[previous exception] [object] (PDOException(code: 42000): SQLSTATE[42000]: Syntax error or access violation: 1118 Row size too large (> 8126). Changing some columns to TEXT or BLOB or using ROW_FORMAT=DYNAMIC or ROW_FORMAT=COMPRESSED may help. In current row format, BLOB prefix of 768 bytes is stored inline. at /var/www/beas.in/public_html/ramkrishna_dharma_chakra/vendor/laravel/framework/src/Illuminate/Database/Connection.php:526)
[stacktrace]
#0 /var/www/beas.in/public_html/ramkrishna_dharma_chakra/vendor/laravel/framework/src/Illuminate/Database/Connection.php(526): PDOStatement->execute()
#1 /var/www/beas.in/public_html/ramkrishna_dharma_chakra/vendor/laravel/framework/src/Illuminate/Database/Connection.php(705): Illuminate\\Database\\Connection->Illuminate\\Database\\{closure}('update `about` ...', Array)
#2 /var/www/beas.in/public_html/ramkrishna_dharma_chakra/vendor/laravel/framework/src/Illuminate/Database/Connection.php(672): Illuminate\\Database\\Connection->runQueryCallback('update `about` ...', Array, Object(Closure))
#3 /var/www/beas.in/public_html/ramkrishna_dharma_chakra/vendor/laravel/framework/src/Illuminate/Database/Connection.php(533): Illuminate\\Database\\Connection->run('update `about` ...', Array, Object(Closure))
#4 /var/www/beas.in/public_html/ramkrishna_dharma_chakra/vendor/laravel/framework/src/Illuminate/Database/Connection.php(466): Illuminate\\Database\\Connection->affectingStatement('update `about` ...', Array)
#5 /var/www/beas.in/public_html/ramkrishna_dharma_chakra/vendor/laravel/framework/src/Illuminate/Database/Query/Builder.php(3063): Illuminate\\Database\\Connection->update('update `about` ...', Array)
#6 /var/www/beas.in/public_html/ramkrishna_dharma_chakra/vendor/laravel/framework/src/Illuminate/Database/Eloquent/Builder.php(921): Illuminate\\Database\\Query\\Builder->update(Array)
#7 /var/www/beas.in/public_html/ramkrishna_dharma_chakra/app/Http/Controllers/Admin/Modules/About/AboutController.php(108): Illuminate\\Database\\Eloquent\\Builder->update(Array)
#8 /var/www/beas.in/public_html/ramkrishna_dharma_chakra/vendor/laravel/framework/src/Illuminate/Routing/Controller.php(54): App\\Http\\Controllers\\Admin\\Modules\\About\\AboutController->footerUpdate(Object(Illuminate\\Http\\Request))
#9 /var/www/beas.in/public_html/ramkrishna_dharma_chakra/vendor/laravel/framework/src/Illuminate/Routing/ControllerDispatcher.php(45): Illuminate\\Routing\\Controller->callAction('footerUpdate', Array)
#10 /var/www/beas.in/public_html/ramkrishna_dharma_chakra/vendor/laravel/framework/src/Illuminate/Routing/Route.php(262): Illuminate\\Routing\\ControllerDispatcher->dispatch(Object(Illuminate\\Routing\\Route), Object(App\\Http\\Controllers\\Admin\\Modules\\About\\AboutController), 'footerUpdate')
#11 /var/www/beas.in/public_html/ramkrishna_dharma_chakra/vendor/laravel/framework/src/Illuminate/Routing/Route.php(205): Illuminate\\Routing\\Route->runController()
#12 /var/www/beas.in/public_html/ramkrishna_dharma_chakra/vendor/laravel/framework/src/Illuminate/Routing/Router.php(721): Illuminate\\Routing\\Route->run()
#13 /var/www/beas.in/public_html/ramkrishna_dharma_chakra/vendor/laravel/framework/src/Illuminate/Pipeline/Pipeline.php(128): Illuminate\\Routing\\Router->Illuminate\\Routing\\{closure}(Object(Illuminate\\Http\\Request))
#14 /var/www/beas.in/public_html/ramkrishna_dharma_chakra/vendor/laravel/framework/src/Illuminate/Routing/Middleware/SubstituteBindings.php(50): Illuminate\\Pipeline\\Pipeline->Illuminate\\Pipeline\\{closure}(Object(Illuminate\\Http\\Request))
#15 /var/www/beas.in/public_html/ramkrishna_dharma_chakra/vendor/laravel/framework/src/Illuminate/Pipeline/Pipeline.php(167): Illuminate\\Routing\\Middleware\\SubstituteBindings->handle(Object(Illuminate\\Http\\Request), Object(Closure))
#16 /var/www/beas.in/public_html/ramkrishna_dharma_chakra/vendor/laravel/framework/src/Illuminate/Foundation/Http/Middleware/VerifyCsrfToken.php(78): Illuminate\\Pipeline\\Pipeline->Illuminate\\Pipeline\\{closure}(Object(Illuminate\\Http\\Request))
#17 /var/www/beas.in/public_html/ramkrishna_dharma_chakra/vendor/laravel/framework/src/Illuminate/Pipeline/Pipeline.php(167): Illuminate\\Foundation\\Http\\Middleware\\VerifyCsrfToken->handle(Object(Illuminate\\Http\\Request), Object(Closure))
#18 /var/www/beas.in/public_html/ramkrishna_dharma_chakra/vendor/laravel/framework/src/Illuminate/View/Middleware/ShareErrorsFromSession.php(49): Illuminate\\Pipeline\\Pipeline->Illuminate\\Pipeline\\{closure}(Object(Illuminate\\Http\\Request))
#19 /var/www/beas.in/public_html/ramkrishna_dharma_chakra/vendor/laravel/framework/src/Illuminate/Pipeline/Pipeline.php(167): Illuminate\\View\\Middleware\\ShareErrorsFromSession->handle(Object(Illuminate\\Http\\Request), Object(Closure))
#20 /var/www/beas.in/public_html/ramkrishna_dharma_chakra/vendor/laravel/framework/src/Illuminate/Session/Middleware/StartSession.php(121): Illuminate\\Pipeline\\Pipeline->Illuminate\\Pipeline\\{closure}(Object(Illuminate\\Http\\Request))
#21 /var/www/beas.in/public_html/ramkrishna_dharma_chakra/vendor/laravel/framework/src/Illuminate/Session/Middleware/StartSession.php(64): Illuminate\\Session\\Middleware\\StartSession->handleStatefulRequest(Object(Illuminate\\Http\\Request), Object(Illuminate\\Session\\Store), Object(Closure))
#22 /var/www/beas.in/public_html/ramkrishna_dharma_chakra/vendor/laravel/framework/src/Illuminate/Pipeline/Pipeline.php(167): Illuminate\\Session\\Middleware\\StartSession->handle(Object(Illuminate\\Http\\Request), Object(Closure))
#23 /var/www/beas.in/public_html/ramkrishna_dharma_chakra/vendor/laravel/framework/src/Illuminate/Cookie/Middleware/AddQueuedCookiesToResponse.php(37): Illuminate\\Pipeline\\Pipeline->Illuminate\\Pipeline\\{closure}(Object(Illuminate\\Http\\Request))
#24 /var/www/beas.in/public_html/ramkrishna_dharma_chakra/vendor/laravel/framework/src/Illuminate/Pipeline/Pipeline.php(167): Illuminate\\Cookie\\Middleware\\AddQueuedCookiesToResponse->handle(Object(Illuminate\\Http\\Request), Object(Closure))
#25 /var/www/beas.in/public_html/ramkrishna_dharma_chakra/vendor/laravel/framework/src/Illuminate/Cookie/Middleware/EncryptCookies.php(67): Illuminate\\Pipeline\\Pipeline->Illuminate\\Pipeline\\{closure}(Object(Illuminate\\Http\\Request))
#26 /var/www/beas.in/public_html/ramkrishna_dharma_chakra/vendor/laravel/framework/src/Illuminate/Pipeline/Pipeline.php(167): Illuminate\\Cookie\\Middleware\\EncryptCookies->handle(Object(Illuminate\\Http\\Request), Object(Closure))
#27 /var/www/beas.in/public_html/ramkrishna_dharma_chakra/vendor/laravel/framework/src/Illuminate/Pipeline/Pipeline.php(103): Illuminate\\Pipeline\\Pipeline->Illuminate\\Pipeline\\{closure}(Object(Illuminate\\Http\\Request))
#28 /var/www/beas.in/public_html/ramkrishna_dharma_chakra/vendor/laravel/framework/src/Illuminate/Routing/Router.php(723): Illuminate\\Pipeline\\Pipeline->then(Object(Closure))
#29 /var/www/beas.in/public_html/ramkrishna_dharma_chakra/vendor/laravel/framework/src/Illuminate/Routing/Router.php(698): Illuminate\\Routing\\Router->runRouteWithinStack(Object(Illuminate\\Routing\\Route), Object(Illuminate\\Http\\Request))
#30 /var/www/beas.in/public_html/ramkrishna_dharma_chakra/vendor/laravel/framework/src/Illuminate/Routing/Router.php(662): Illuminate\\Routing\\Router->runRoute(Object(Illuminate\\Http\\Request), Object(Illuminate\\Routing\\Route))
#31 /var/www/beas.in/public_html/ramkrishna_dharma_chakra/vendor/laravel/framework/src/Illuminate/Routing/Router.php(651): Illuminate\\Routing\\Router->dispatchToRoute(Object(Illuminate\\Http\\Request))
#32 /var/www/beas.in/public_html/ramkrishna_dharma_chakra/vendor/laravel/framework/src/Illuminate/Foundation/Http/Kernel.php(167): Illuminate\\Routing\\Router->dispatch(Object(Illuminate\\Http\\Request))
#33 /var/www/beas.in/public_html/ramkrishna_dharma_chakra/vendor/laravel/framework/src/Illuminate/Pipeline/Pipeline.php(128): Illuminate\\Foundation\\Http\\Kernel->Illuminate\\Foundation\\Http\\{closure}(Object(Illuminate\\Http\\Request))
#34 /var/www/beas.in/public_html/ramkrishna_dharma_chakra/vendor/laravel/framework/src/Illuminate/Foundation/Http/Middleware/TransformsRequest.php(21): Illuminate\\Pipeline\\Pipeline->Illuminate\\Pipeline\\{closure}(Object(Illuminate\\Http\\Request))
#35 /var/www/beas.in/public_html/ramkrishna_dharma_chakra/vendor/laravel/framework/src/Illuminate/Foundation/Http/Middleware/ConvertEmptyStringsToNull.php(31): Illuminate\\Foundation\\Http\\Middleware\\TransformsRequest->handle(Object(Illuminate\\Http\\Request), Object(Closure))
#36 /var/www/beas.in/public_html/ramkrishna_dharma_chakra/vendor/laravel/framework/src/Illuminate/Pipeline/Pipeline.php(167): Illuminate\\Foundation\\Http\\Middleware\\ConvertEmptyStringsToNull->handle(Object(Illuminate\\Http\\Request), Object(Closure))
#37 /var/www/beas.in/public_html/ramkrishna_dharma_chakra/vendor/laravel/framework/src/Illuminate/Foundation/Http/Middleware/TransformsRequest.php(21): Illuminate\\Pipeline\\Pipeline->Illuminate\\Pipeline\\{closure}(Object(Illuminate\\Http\\Request))
#38 /var/www/beas.in/public_html/ramkrishna_dharma_chakra/vendor/laravel/framework/src/Illuminate/Foundation/Http/Middleware/TrimStrings.php(40): Illuminate\\Foundation\\Http\\Middleware\\TransformsRequest->handle(Object(Illuminate\\Http\\Request), Object(Closure))
#39 /var/www/beas.in/public_html/ramkrishna_dharma_chakra/vendor/laravel/framework/src/Illuminate/Pipeline/Pipeline.php(167): Illuminate\\Foundation\\Http\\Middleware\\TrimStrings->handle(Object(Illuminate\\Http\\Request), Object(Closure))
#40 /var/www/beas.in/public_html/ramkrishna_dharma_chakra/vendor/laravel/framework/src/Illuminate/Foundation/Http/Middleware/ValidatePostSize.php(27): Illuminate\\Pipeline\\Pipeline->Illuminate\\Pipeline\\{closure}(Object(Illuminate\\Http\\Request))
#41 /var/www/beas.in/public_html/ramkrishna_dharma_chakra/vendor/laravel/framework/src/Illuminate/Pipeline/Pipeline.php(167): Illuminate\\Foundation\\Http\\Middleware\\ValidatePostSize->handle(Object(Illuminate\\Http\\Request), Object(Closure))
#42 /var/www/beas.in/public_html/ramkrishna_dharma_chakra/vendor/laravel/framework/src/Illuminate/Foundation/Http/Middleware/PreventRequestsDuringMaintenance.php(86): Illuminate\\Pipeline\\Pipeline->Illuminate\\Pipeline\\{closure}(Object(Illuminate\\Http\\Request))
#43 /var/www/beas.in/public_html/ramkrishna_dharma_chakra/vendor/laravel/framework/src/Illuminate/Pipeline/Pipeline.php(167): Illuminate\\Foundation\\Http\\Middleware\\PreventRequestsDuringMaintenance->handle(Object(Illuminate\\Http\\Request), Object(Closure))
#44 /var/www/beas.in/public_html/ramkrishna_dharma_chakra/vendor/fideloper/proxy/src/TrustProxies.php(57): Illuminate\\Pipeline\\Pipeline->Illuminate\\Pipeline\\{closure}(Object(Illuminate\\Http\\Request))
#45 /var/www/beas.in/public_html/ramkrishna_dharma_chakra/vendor/laravel/framework/src/Illuminate/Pipeline/Pipeline.php(167): Fideloper\\Proxy\\TrustProxies->handle(Object(Illuminate\\Http\\Request), Object(Closure))
#46 /var/www/beas.in/public_html/ramkrishna_dharma_chakra/vendor/laravel/framework/src/Illuminate/Pipeline/Pipeline.php(103): Illuminate\\Pipeline\\Pipeline->Illuminate\\Pipeline\\{closure}(Object(Illuminate\\Http\\Request))
#47 /var/www/beas.in/public_html/ramkrishna_dharma_chakra/vendor/laravel/framework/src/Illuminate/Foundation/Http/Kernel.php(142): Illuminate\\Pipeline\\Pipeline->then(Object(Closure))
#48 /var/www/beas.in/public_html/ramkrishna_dharma_chakra/vendor/laravel/framework/src/Illuminate/Foundation/Http/Kernel.php(111): Illuminate\\Foundation\\Http\\Kernel->sendRequestThroughRouter(Object(Illuminate\\Http\\Request))
#49 /var/www/beas.in/public_html/ramkrishna_dharma_chakra/index.php(54): Illuminate\\Foundation\\Http\\Kernel->handle(Object(Illuminate\\Http\\Request))
#50 {main}
"} 
[2023-07-20 15:18:39] local.ERROR: SQLSTATE[42000]: Syntax error or access violation: 1118 Row size too large (> 8126). Changing some columns to TEXT or BLOB or using ROW_FORMAT=DYNAMIC or ROW_FORMAT=COMPRESSED may help. In current row format, BLOB prefix of 768 bytes is stored inline. (SQL: update `about` set `footer_text` = নারায়ণং পদ্মভবং বশিষ্ঠ শক্তিঞ্চ তৎপুত্র পরাশরঞ্চ ব্যাসং শুকং গৌর পাদং মহান্তং গোবিন্দ যোগিদ্রমথাস্য শিষ্যম্ শ্রী শঙ্করাচার্য্য মথাস্য পদ্মপাদঞ্চ হস্তামলকং চ শিষ্যম্। তন্দ্রোটকং বার্তিককারমন্যান অস্মদ গুরুন সন্তত মাতোহস্মি। শ্রুতি স্মৃতিপুরাণানামালয়ং করুণালয়ং।নমামি ভগবৎপাদং শঙ্করং লোকশঙ্করম্। সূত্রভাস্যকৃতৌ বন্দে ভগবন্তৌ পুনঃ পুনঃ ঈশ্বরো গুরুরাত্মেতি মূর্ত্তিভেদা বিভাগিনে ব্যোমবৎ ব্যাপ্ত দেহায় দক্ষিণামূর্তয়ে নমঃ। <br />ইতি গুরুপরম্পরা স্ত্রোত্রম্।, `footer_text_english` = Narayanang Padmabhabang Vashishta Shaktinch Tatputra Parasranch Vyasang Shukong Gaur Padang Mahantang Govinda Yogadramthasya Shishyam. Sri Shankaracharya Mathasya Padmapadancha Hastamlakang Cha Shishyam. Tandrotakong Bartikarmanana Asmad Gurun Santat Matohsmi. Shruti SmritiPurananamalang Karunalong. Namami Bhagavadpadong Sankarang Lokshankaram. Sutrabhasyakartau Bande Bhagwantau Re-Re Ishwaro Gururatmati Murtiveda Divisione Byomvata Is a deep deha in dakshinamurtay namah. <br />Iti Guruparampra Strotram, `facebook_link` = https://www.facebook.com/, `address` = <strong>শ্রী রামকৃষ্ণ ধর্ম চক্র</strong><br />২১১ এ, গিরিশ ঘোষ রোড, বেলুড়<br />পিও- বেলুড়মঠ,<br />হাওড়া -৭১১১২0২, `address_english` = Sri Ramakrishna Dharmachakra<br />211 A, Girish Ghosh Road,<br />Belur, P.O.- Belurmath,<br />Howrah -7111202, `youtube_link` = https://www.youtube.com/, `twitter_link` = ?, `instagram_link` = ?, `email` = ramkrishnadharmachakra@gmail.com, `phone_one` = +913326548075, `phone_two` = +919830043596, `phone_three` = +919804473647, `phone_one_bengali` = +৯১৩৩২৬৫৪৮0৭৫, `phone_two_bengali` = +৯১৯৮৩00৪৩৫৯৬, `phone_three_bengali` = +৯১৯৮0৪৪৭৩৬৪৭,, `about`.`updated_at` = 2023-07-20 15:18:39 where `id` = 1) {"exception":"[object] (Illuminate\\Database\\QueryException(code: 42000): SQLSTATE[42000]: Syntax error or access violation: 1118 Row size too large (> 8126). Changing some columns to TEXT or BLOB or using ROW_FORMAT=DYNAMIC or ROW_FORMAT=COMPRESSED may help. In current row format, BLOB prefix of 768 bytes is stored inline. (SQL: update `about` set `footer_text` = নারায়ণং পদ্মভবং বশিষ্ঠ শক্তিঞ্চ তৎপুত্র পরাশরঞ্চ ব্যাসং শুকং গৌর পাদং মহান্তং গোবিন্দ যোগিদ্রমথাস্য শিষ্যম্ শ্রী শঙ্করাচার্য্য মথাস্য পদ্মপাদঞ্চ হস্তামলকং চ শিষ্যম্। তন্দ্রোটকং বার্তিককারমন্যান অস্মদ গুরুন সন্তত মাতোহস্মি। শ্রুতি স্মৃতিপুরাণানামালয়ং করুণালয়ং।নমামি ভগবৎপাদং শঙ্করং লোকশঙ্করম্। সূত্রভাস্যকৃতৌ বন্দে ভগবন্তৌ পুনঃ পুনঃ ঈশ্বরো গুরুরাত্মেতি মূর্ত্তিভেদা বিভাগিনে ব্যোমবৎ ব্যাপ্ত দেহায় দক্ষিণামূর্তয়ে নমঃ। <br />ইতি গুরুপরম্পরা স্ত্রোত্রম্।, `footer_text_english` = Narayanang Padmabhabang Vashishta Shaktinch Tatputra Parasranch Vyasang Shukong Gaur Padang Mahantang Govinda Yogadramthasya Shishyam. Sri Shankaracharya Mathasya Padmapadancha Hastamlakang Cha Shishyam. Tandrotakong Bartikarmanana Asmad Gurun Santat Matohsmi. Shruti SmritiPurananamalang Karunalong. Namami Bhagavadpadong Sankarang Lokshankaram. Sutrabhasyakartau Bande Bhagwantau Re-Re Ishwaro Gururatmati Murtiveda Divisione Byomvata Is a deep deha in dakshinamurtay namah. <br />Iti Guruparampra Strotram, `facebook_link` = https://www.facebook.com/, `address` = <strong>শ্রী রামকৃষ্ণ ধর্ম চক্র</strong><br />২১১ এ, গিরিশ ঘোষ রোড, বেলুড়<br />পিও- বেলুড়মঠ,<br />হাওড়া -৭১১১২0২, `address_english` = Sri Ramakrishna Dharmachakra<br />211 A, Girish Ghosh Road,<br />Belur, P.O.- Belurmath,<br />Howrah -7111202, `youtube_link` = https://www.youtube.com/, `twitter_link` = ?, `instagram_link` = ?, `email` = ramkrishnadharmachakra@gmail.com, `phone_one` = +913326548075, `phone_two` = +919830043596, `phone_three` = +919804473647, `phone_one_bengali` = +৯১৩৩২৬৫৪৮0৭৫, `phone_two_bengali` = +৯১৯৮৩00৪৩৫৯৬, `phone_three_bengali` = +৯১৯৮0৪৪৭৩৬৪৭,, `about`.`updated_at` = 2023-07-20 15:18:39 where `id` = 1) at /var/www/beas.in/public_html/ramkrishna_dharma_chakra/vendor/laravel/framework/src/Illuminate/Database/Connection.php:712)
[stacktrace]
#0 /var/www/beas.in/public_html/ramkrishna_dharma_chakra/vendor/laravel/framework/src/Illuminate/Database/Connection.php(672): Illuminate\\Database\\Connection->runQueryCallback('update `about` ...', Array, Object(Closure))
#1 /var/www/beas.in/public_html/ramkrishna_dharma_chakra/vendor/laravel/framework/src/Illuminate/Database/Connection.php(533): Illuminate\\Database\\Connection->run('update `about` ...', Array, Object(Closure))
#2 /var/www/beas.in/public_html/ramkrishna_dharma_chakra/vendor/laravel/framework/src/Illuminate/Database/Connection.php(466): Illuminate\\Database\\Connection->affectingStatement('update `about` ...', Array)
#3 /var/www/beas.in/public_html/ramkrishna_dharma_chakra/vendor/laravel/framework/src/Illuminate/Database/Query/Builder.php(3063): Illuminate\\Database\\Connection->update('update `about` ...', Array)
#4 /var/www/beas.in/public_html/ramkrishna_dharma_chakra/vendor/laravel/framework/src/Illuminate/Database/Eloquent/Builder.php(921): Illuminate\\Database\\Query\\Builder->update(Array)
#5 /var/www/beas.in/public_html/ramkrishna_dharma_chakra/app/Http/Controllers/Admin/Modules/About/AboutController.php(108): Illuminate\\Database\\Eloquent\\Builder->update(Array)
#6 /var/www/beas.in/public_html/ramkrishna_dharma_chakra/vendor/laravel/framework/src/Illuminate/Routing/Controller.php(54): App\\Http\\Controllers\\Admin\\Modules\\About\\AboutController->footerUpdate(Object(Illuminate\\Http\\Request))
#7 /var/www/beas.in/public_html/ramkrishna_dharma_chakra/vendor/laravel/framework/src/Illuminate/Routing/ControllerDispatcher.php(45): Illuminate\\Routing\\Controller->callAction('footerUpdate', Array)
#8 /var/www/beas.in/public_html/ramkrishna_dharma_chakra/vendor/laravel/framework/src/Illuminate/Routing/Route.php(262): Illuminate\\Routing\\ControllerDispatcher->dispatch(Object(Illuminate\\Routing\\Route), Object(App\\Http\\Controllers\\Admin\\Modules\\About\\AboutController), 'footerUpdate')
#9 /var/www/beas.in/public_html/ramkrishna_dharma_chakra/vendor/laravel/framework/src/Illuminate/Routing/Route.php(205): Illuminate\\Routing\\Route->runController()
#10 /var/www/beas.in/public_html/ramkrishna_dharma_chakra/vendor/laravel/framework/src/Illuminate/Routing/Router.php(721): Illuminate\\Routing\\Route->run()
#11 /var/www/beas.in/public_html/ramkrishna_dharma_chakra/vendor/laravel/framework/src/Illuminate/Pipeline/Pipeline.php(128): Illuminate\\Routing\\Router->Illuminate\\Routing\\{closure}(Object(Illuminate\\Http\\Request))
#12 /var/www/beas.in/public_html/ramkrishna_dharma_chakra/vendor/laravel/framework/src/Illuminate/Routing/Middleware/SubstituteBindings.php(50): Illuminate\\Pipeline\\Pipeline->Illuminate\\Pipeline\\{closure}(Object(Illuminate\\Http\\Request))
#13 /var/www/beas.in/public_html/ramkrishna_dharma_chakra/vendor/laravel/framework/src/Illuminate/Pipeline/Pipeline.php(167): Illuminate\\Routing\\Middleware\\SubstituteBindings->handle(Object(Illuminate\\Http\\Request), Object(Closure))
#14 /var/www/beas.in/public_html/ramkrishna_dharma_chakra/vendor/laravel/framework/src/Illuminate/Foundation/Http/Middleware/VerifyCsrfToken.php(78): Illuminate\\Pipeline\\Pipeline->Illuminate\\Pipeline\\{closure}(Object(Illuminate\\Http\\Request))
#15 /var/www/beas.in/public_html/ramkrishna_dharma_chakra/vendor/laravel/framework/src/Illuminate/Pipeline/Pipeline.php(167): Illuminate\\Foundation\\Http\\Middleware\\VerifyCsrfToken->handle(Object(Illuminate\\Http\\Request), Object(Closure))
#16 /var/www/beas.in/public_html/ramkrishna_dharma_chakra/vendor/laravel/framework/src/Illuminate/View/Middleware/ShareErrorsFromSession.php(49): Illuminate\\Pipeline\\Pipeline->Illuminate\\Pipeline\\{closure}(Object(Illuminate\\Http\\Request))
#17 /var/www/beas.in/public_html/ramkrishna_dharma_chakra/vendor/laravel/framework/src/Illuminate/Pipeline/Pipeline.php(167): Illuminate\\View\\Middleware\\ShareErrorsFromSession->handle(Object(Illuminate\\Http\\Request), Object(Closure))
#18 /var/www/beas.in/public_html/ramkrishna_dharma_chakra/vendor/laravel/framework/src/Illuminate/Session/Middleware/StartSession.php(121): Illuminate\\Pipeline\\Pipeline->Illuminate\\Pipeline\\{closure}(Object(Illuminate\\Http\\Request))
#19 /var/www/beas.in/public_html/ramkrishna_dharma_chakra/vendor/laravel/framework/src/Illuminate/Session/Middleware/StartSession.php(64): Illuminate\\Session\\Middleware\\StartSession->handleStatefulRequest(Object(Illuminate\\Http\\Request), Object(Illuminate\\Session\\Store), Object(Closure))
#20 /var/www/beas.in/public_html/ramkrishna_dharma_chakra/vendor/laravel/framework/src/Illuminate/Pipeline/Pipeline.php(167): Illuminate\\Session\\Middleware\\StartSession->handle(Object(Illuminate\\Http\\Request), Object(Closure))
#21 /var/www/beas.in/public_html/ramkrishna_dharma_chakra/vendor/laravel/framework/src/Illuminate/Cookie/Middleware/AddQueuedCookiesToResponse.php(37): Illuminate\\Pipeline\\Pipeline->Illuminate\\Pipeline\\{closure}(Object(Illuminate\\Http\\Request))
#22 /var/www/beas.in/public_html/ramkrishna_dharma_chakra/vendor/laravel/framework/src/Illuminate/Pipeline/Pipeline.php(167): Illuminate\\Cookie\\Middleware\\AddQueuedCookiesToResponse->handle(Object(Illuminate\\Http\\Request), Object(Closure))
#23 /var/www/beas.in/public_html/ramkrishna_dharma_chakra/vendor/laravel/framework/src/Illuminate/Cookie/Middleware/EncryptCookies.php(67): Illuminate\\Pipeline\\Pipeline->Illuminate\\Pipeline\\{closure}(Object(Illuminate\\Http\\Request))
#24 /var/www/beas.in/public_html/ramkrishna_dharma_chakra/vendor/laravel/framework/src/Illuminate/Pipeline/Pipeline.php(167): Illuminate\\Cookie\\Middleware\\EncryptCookies->handle(Object(Illuminate\\Http\\Request), Object(Closure))
#25 /var/www/beas.in/public_html/ramkrishna_dharma_chakra/vendor/laravel/framework/src/Illuminate/Pipeline/Pipeline.php(103): Illuminate\\Pipeline\\Pipeline->Illuminate\\Pipeline\\{closure}(Object(Illuminate\\Http\\Request))
#26 /var/www/beas.in/public_html/ramkrishna_dharma_chakra/vendor/laravel/framework/src/Illuminate/Routing/Router.php(723): Illuminate\\Pipeline\\Pipeline->then(Object(Closure))
#27 /var/www/beas.in/public_html/ramkrishna_dharma_chakra/vendor/laravel/framework/src/Illuminate/Routing/Router.php(698): Illuminate\\Routing\\Router->runRouteWithinStack(Object(Illuminate\\Routing\\Route), Object(Illuminate\\Http\\Request))
#28 /var/www/beas.in/public_html/ramkrishna_dharma_chakra/vendor/laravel/framework/src/Illuminate/Routing/Router.php(662): Illuminate\\Routing\\Router->runRoute(Object(Illuminate\\Http\\Request), Object(Illuminate\\Routing\\Route))
#29 /var/www/beas.in/public_html/ramkrishna_dharma_chakra/vendor/laravel/framework/src/Illuminate/Routing/Router.php(651): Illuminate\\Routing\\Router->dispatchToRoute(Object(Illuminate\\Http\\Request))
#30 /var/www/beas.in/public_html/ramkrishna_dharma_chakra/vendor/laravel/framework/src/Illuminate/Foundation/Http/Kernel.php(167): Illuminate\\Routing\\Router->dispatch(Object(Illuminate\\Http\\Request))
#31 /var/www/beas.in/public_html/ramkrishna_dharma_chakra/vendor/laravel/framework/src/Illuminate/Pipeline/Pipeline.php(128): Illuminate\\Foundation\\Http\\Kernel->Illuminate\\Foundation\\Http\\{closure}(Object(Illuminate\\Http\\Request))
#32 /var/www/beas.in/public_html/ramkrishna_dharma_chakra/vendor/laravel/framework/src/Illuminate/Foundation/Http/Middleware/TransformsRequest.php(21): Illuminate\\Pipeline\\Pipeline->Illuminate\\Pipeline\\{closure}(Object(Illuminate\\Http\\Request))
#33 /var/www/beas.in/public_html/ramkrishna_dharma_chakra/vendor/laravel/framework/src/Illuminate/Foundation/Http/Middleware/ConvertEmptyStringsToNull.php(31): Illuminate\\Foundation\\Http\\Middleware\\TransformsRequest->handle(Object(Illuminate\\Http\\Request), Object(Closure))
#34 /var/www/beas.in/public_html/ramkrishna_dharma_chakra/vendor/laravel/framework/src/Illuminate/Pipeline/Pipeline.php(167): Illuminate\\Foundation\\Http\\Middleware\\ConvertEmptyStringsToNull->handle(Object(Illuminate\\Http\\Request), Object(Closure))
#35 /var/www/beas.in/public_html/ramkrishna_dharma_chakra/vendor/laravel/framework/src/Illuminate/Foundation/Http/Middleware/TransformsRequest.php(21): Illuminate\\Pipeline\\Pipeline->Illuminate\\Pipeline\\{closure}(Object(Illuminate\\Http\\Request))
#36 /var/www/beas.in/public_html/ramkrishna_dharma_chakra/vendor/laravel/framework/src/Illuminate/Foundation/Http/Middleware/TrimStrings.php(40): Illuminate\\Foundation\\Http\\Middleware\\TransformsRequest->handle(Object(Illuminate\\Http\\Request), Object(Closure))
#37 /var/www/beas.in/public_html/ramkrishna_dharma_chakra/vendor/laravel/framework/src/Illuminate/Pipeline/Pipeline.php(167): Illuminate\\Foundation\\Http\\Middleware\\TrimStrings->handle(Object(Illuminate\\Http\\Request), Object(Closure))
#38 /var/www/beas.in/public_html/ramkrishna_dharma_chakra/vendor/laravel/framework/src/Illuminate/Foundation/Http/Middleware/ValidatePostSize.php(27): Illuminate\\Pipeline\\Pipeline->Illuminate\\Pipeline\\{closure}(Object(Illuminate\\Http\\Request))
#39 /var/www/beas.in/public_html/ramkrishna_dharma_chakra/vendor/laravel/framework/src/Illuminate/Pipeline/Pipeline.php(167): Illuminate\\Foundation\\Http\\Middleware\\ValidatePostSize->handle(Object(Illuminate\\Http\\Request), Object(Closure))
#40 /var/www/beas.in/public_html/ramkrishna_dharma_chakra/vendor/laravel/framework/src/Illuminate/Foundation/Http/Middleware/PreventRequestsDuringMaintenance.php(86): Illuminate\\Pipeline\\Pipeline->Illuminate\\Pipeline\\{closure}(Object(Illuminate\\Http\\Request))
#41 /var/www/beas.in/public_html/ramkrishna_dharma_chakra/vendor/laravel/framework/src/Illuminate/Pipeline/Pipeline.php(167): Illuminate\\Foundation\\Http\\Middleware\\PreventRequestsDuringMaintenance->handle(Object(Illuminate\\Http\\Request), Object(Closure))
#42 /var/www/beas.in/public_html/ramkrishna_dharma_chakra/vendor/fideloper/proxy/src/TrustProxies.php(57): Illuminate\\Pipeline\\Pipeline->Illuminate\\Pipeline\\{closure}(Object(Illuminate\\Http\\Request))
#43 /var/www/beas.in/public_html/ramkrishna_dharma_chakra/vendor/laravel/framework/src/Illuminate/Pipeline/Pipeline.php(167): Fideloper\\Proxy\\TrustProxies->handle(Object(Illuminate\\Http\\Request), Object(Closure))
#44 /var/www/beas.in/public_html/ramkrishna_dharma_chakra/vendor/laravel/framework/src/Illuminate/Pipeline/Pipeline.php(103): Illuminate\\Pipeline\\Pipeline->Illuminate\\Pipeline\\{closure}(Object(Illuminate\\Http\\Request))
#45 /var/www/beas.in/public_html/ramkrishna_dharma_chakra/vendor/laravel/framework/src/Illuminate/Foundation/Http/Kernel.php(142): Illuminate\\Pipeline\\Pipeline->then(Object(Closure))
#46 /var/www/beas.in/public_html/ramkrishna_dharma_chakra/vendor/laravel/framework/src/Illuminate/Foundation/Http/Kernel.php(111): Illuminate\\Foundation\\Http\\Kernel->sendRequestThroughRouter(Object(Illuminate\\Http\\Request))
#47 /var/www/beas.in/public_html/ramkrishna_dharma_chakra/index.php(54): Illuminate\\Foundation\\Http\\Kernel->handle(Object(Illuminate\\Http\\Request))
#48 {main}

[previous exception] [object] (PDOException(code: 42000): SQLSTATE[42000]: Syntax error or access violation: 1118 Row size too large (> 8126). Changing some columns to TEXT or BLOB or using ROW_FORMAT=DYNAMIC or ROW_FORMAT=COMPRESSED may help. In current row format, BLOB prefix of 768 bytes is stored inline. at /var/www/beas.in/public_html/ramkrishna_dharma_chakra/vendor/laravel/framework/src/Illuminate/Database/Connection.php:526)
[stacktrace]
#0 /var/www/beas.in/public_html/ramkrishna_dharma_chakra/vendor/laravel/framework/src/Illuminate/Database/Connection.php(526): PDOStatement->execute()
#1 /var/www/beas.in/public_html/ramkrishna_dharma_chakra/vendor/laravel/framework/src/Illuminate/Database/Connection.php(705): Illuminate\\Database\\Connection->Illuminate\\Database\\{closure}('update `about` ...', Array)
#2 /var/www/beas.in/public_html/ramkrishna_dharma_chakra/vendor/laravel/framework/src/Illuminate/Database/Connection.php(672): Illuminate\\Database\\Connection->runQueryCallback('update `about` ...', Array, Object(Closure))
#3 /var/www/beas.in/public_html/ramkrishna_dharma_chakra/vendor/laravel/framework/src/Illuminate/Database/Connection.php(533): Illuminate\\Database\\Connection->run('update `about` ...', Array, Object(Closure))
#4 /var/www/beas.in/public_html/ramkrishna_dharma_chakra/vendor/laravel/framework/src/Illuminate/Database/Connection.php(466): Illuminate\\Database\\Connection->affectingStatement('update `about` ...', Array)
#5 /var/www/beas.in/public_html/ramkrishna_dharma_chakra/vendor/laravel/framework/src/Illuminate/Database/Query/Builder.php(3063): Illuminate\\Database\\Connection->update('update `about` ...', Array)
#6 /var/www/beas.in/public_html/ramkrishna_dharma_chakra/vendor/laravel/framework/src/Illuminate/Database/Eloquent/Builder.php(921): Illuminate\\Database\\Query\\Builder->update(Array)
#7 /var/www/beas.in/public_html/ramkrishna_dharma_chakra/app/Http/Controllers/Admin/Modules/About/AboutController.php(108): Illuminate\\Database\\Eloquent\\Builder->update(Array)
#8 /var/www/beas.in/public_html/ramkrishna_dharma_chakra/vendor/laravel/framework/src/Illuminate/Routing/Controller.php(54): App\\Http\\Controllers\\Admin\\Modules\\About\\AboutController->footerUpdate(Object(Illuminate\\Http\\Request))
#9 /var/www/beas.in/public_html/ramkrishna_dharma_chakra/vendor/laravel/framework/src/Illuminate/Routing/ControllerDispatcher.php(45): Illuminate\\Routing\\Controller->callAction('footerUpdate', Array)
#10 /var/www/beas.in/public_html/ramkrishna_dharma_chakra/vendor/laravel/framework/src/Illuminate/Routing/Route.php(262): Illuminate\\Routing\\ControllerDispatcher->dispatch(Object(Illuminate\\Routing\\Route), Object(App\\Http\\Controllers\\Admin\\Modules\\About\\AboutController), 'footerUpdate')
#11 /var/www/beas.in/public_html/ramkrishna_dharma_chakra/vendor/laravel/framework/src/Illuminate/Routing/Route.php(205): Illuminate\\Routing\\Route->runController()
#12 /var/www/beas.in/public_html/ramkrishna_dharma_chakra/vendor/laravel/framework/src/Illuminate/Routing/Router.php(721): Illuminate\\Routing\\Route->run()
#13 /var/www/beas.in/public_html/ramkrishna_dharma_chakra/vendor/laravel/framework/src/Illuminate/Pipeline/Pipeline.php(128): Illuminate\\Routing\\Router->Illuminate\\Routing\\{closure}(Object(Illuminate\\Http\\Request))
#14 /var/www/beas.in/public_html/ramkrishna_dharma_chakra/vendor/laravel/framework/src/Illuminate/Routing/Middleware/SubstituteBindings.php(50): Illuminate\\Pipeline\\Pipeline->Illuminate\\Pipeline\\{closure}(Object(Illuminate\\Http\\Request))
#15 /var/www/beas.in/public_html/ramkrishna_dharma_chakra/vendor/laravel/framework/src/Illuminate/Pipeline/Pipeline.php(167): Illuminate\\Routing\\Middleware\\SubstituteBindings->handle(Object(Illuminate\\Http\\Request), Object(Closure))
#16 /var/www/beas.in/public_html/ramkrishna_dharma_chakra/vendor/laravel/framework/src/Illuminate/Foundation/Http/Middleware/VerifyCsrfToken.php(78): Illuminate\\Pipeline\\Pipeline->Illuminate\\Pipeline\\{closure}(Object(Illuminate\\Http\\Request))
#17 /var/www/beas.in/public_html/ramkrishna_dharma_chakra/vendor/laravel/framework/src/Illuminate/Pipeline/Pipeline.php(167): Illuminate\\Foundation\\Http\\Middleware\\VerifyCsrfToken->handle(Object(Illuminate\\Http\\Request), Object(Closure))
#18 /var/www/beas.in/public_html/ramkrishna_dharma_chakra/vendor/laravel/framework/src/Illuminate/View/Middleware/ShareErrorsFromSession.php(49): Illuminate\\Pipeline\\Pipeline->Illuminate\\Pipeline\\{closure}(Object(Illuminate\\Http\\Request))
#19 /var/www/beas.in/public_html/ramkrishna_dharma_chakra/vendor/laravel/framework/src/Illuminate/Pipeline/Pipeline.php(167): Illuminate\\View\\Middleware\\ShareErrorsFromSession->handle(Object(Illuminate\\Http\\Request), Object(Closure))
#20 /var/www/beas.in/public_html/ramkrishna_dharma_chakra/vendor/laravel/framework/src/Illuminate/Session/Middleware/StartSession.php(121): Illuminate\\Pipeline\\Pipeline->Illuminate\\Pipeline\\{closure}(Object(Illuminate\\Http\\Request))
#21 /var/www/beas.in/public_html/ramkrishna_dharma_chakra/vendor/laravel/framework/src/Illuminate/Session/Middleware/StartSession.php(64): Illuminate\\Session\\Middleware\\StartSession->handleStatefulRequest(Object(Illuminate\\Http\\Request), Object(Illuminate\\Session\\Store), Object(Closure))
#22 /var/www/beas.in/public_html/ramkrishna_dharma_chakra/vendor/laravel/framework/src/Illuminate/Pipeline/Pipeline.php(167): Illuminate\\Session\\Middleware\\StartSession->handle(Object(Illuminate\\Http\\Request), Object(Closure))
#23 /var/www/beas.in/public_html/ramkrishna_dharma_chakra/vendor/laravel/framework/src/Illuminate/Cookie/Middleware/AddQueuedCookiesToResponse.php(37): Illuminate\\Pipeline\\Pipeline->Illuminate\\Pipeline\\{closure}(Object(Illuminate\\Http\\Request))
#24 /var/www/beas.in/public_html/ramkrishna_dharma_chakra/vendor/laravel/framework/src/Illuminate/Pipeline/Pipeline.php(167): Illuminate\\Cookie\\Middleware\\AddQueuedCookiesToResponse->handle(Object(Illuminate\\Http\\Request), Object(Closure))
#25 /var/www/beas.in/public_html/ramkrishna_dharma_chakra/vendor/laravel/framework/src/Illuminate/Cookie/Middleware/EncryptCookies.php(67): Illuminate\\Pipeline\\Pipeline->Illuminate\\Pipeline\\{closure}(Object(Illuminate\\Http\\Request))
#26 /var/www/beas.in/public_html/ramkrishna_dharma_chakra/vendor/laravel/framework/src/Illuminate/Pipeline/Pipeline.php(167): Illuminate\\Cookie\\Middleware\\EncryptCookies->handle(Object(Illuminate\\Http\\Request), Object(Closure))
#27 /var/www/beas.in/public_html/ramkrishna_dharma_chakra/vendor/laravel/framework/src/Illuminate/Pipeline/Pipeline.php(103): Illuminate\\Pipeline\\Pipeline->Illuminate\\Pipeline\\{closure}(Object(Illuminate\\Http\\Request))
#28 /var/www/beas.in/public_html/ramkrishna_dharma_chakra/vendor/laravel/framework/src/Illuminate/Routing/Router.php(723): Illuminate\\Pipeline\\Pipeline->then(Object(Closure))
#29 /var/www/beas.in/public_html/ramkrishna_dharma_chakra/vendor/laravel/framework/src/Illuminate/Routing/Router.php(698): Illuminate\\Routing\\Router->runRouteWithinStack(Object(Illuminate\\Routing\\Route), Object(Illuminate\\Http\\Request))
#30 /var/www/beas.in/public_html/ramkrishna_dharma_chakra/vendor/laravel/framework/src/Illuminate/Routing/Router.php(662): Illuminate\\Routing\\Router->runRoute(Object(Illuminate\\Http\\Request), Object(Illuminate\\Routing\\Route))
#31 /var/www/beas.in/public_html/ramkrishna_dharma_chakra/vendor/laravel/framework/src/Illuminate/Routing/Router.php(651): Illuminate\\Routing\\Router->dispatchToRoute(Object(Illuminate\\Http\\Request))
#32 /var/www/beas.in/public_html/ramkrishna_dharma_chakra/vendor/laravel/framework/src/Illuminate/Foundation/Http/Kernel.php(167): Illuminate\\Routing\\Router->dispatch(Object(Illuminate\\Http\\Request))
#33 /var/www/beas.in/public_html/ramkrishna_dharma_chakra/vendor/laravel/framework/src/Illuminate/Pipeline/Pipeline.php(128): Illuminate\\Foundation\\Http\\Kernel->Illuminate\\Foundation\\Http\\{closure}(Object(Illuminate\\Http\\Request))
#34 /var/www/beas.in/public_html/ramkrishna_dharma_chakra/vendor/laravel/framework/src/Illuminate/Foundation/Http/Middleware/TransformsRequest.php(21): Illuminate\\Pipeline\\Pipeline->Illuminate\\Pipeline\\{closure}(Object(Illuminate\\Http\\Request))
#35 /var/www/beas.in/public_html/ramkrishna_dharma_chakra/vendor/laravel/framework/src/Illuminate/Foundation/Http/Middleware/ConvertEmptyStringsToNull.php(31): Illuminate\\Foundation\\Http\\Middleware\\TransformsRequest->handle(Object(Illuminate\\Http\\Request), Object(Closure))
#36 /var/www/beas.in/public_html/ramkrishna_dharma_chakra/vendor/laravel/framework/src/Illuminate/Pipeline/Pipeline.php(167): Illuminate\\Foundation\\Http\\Middleware\\ConvertEmptyStringsToNull->handle(Object(Illuminate\\Http\\Request), Object(Closure))
#37 /var/www/beas.in/public_html/ramkrishna_dharma_chakra/vendor/laravel/framework/src/Illuminate/Foundation/Http/Middleware/TransformsRequest.php(21): Illuminate\\Pipeline\\Pipeline->Illuminate\\Pipeline\\{closure}(Object(Illuminate\\Http\\Request))
#38 /var/www/beas.in/public_html/ramkrishna_dharma_chakra/vendor/laravel/framework/src/Illuminate/Foundation/Http/Middleware/TrimStrings.php(40): Illuminate\\Foundation\\Http\\Middleware\\TransformsRequest->handle(Object(Illuminate\\Http\\Request), Object(Closure))
#39 /var/www/beas.in/public_html/ramkrishna_dharma_chakra/vendor/laravel/framework/src/Illuminate/Pipeline/Pipeline.php(167): Illuminate\\Foundation\\Http\\Middleware\\TrimStrings->handle(Object(Illuminate\\Http\\Request), Object(Closure))
#40 /var/www/beas.in/public_html/ramkrishna_dharma_chakra/vendor/laravel/framework/src/Illuminate/Foundation/Http/Middleware/ValidatePostSize.php(27): Illuminate\\Pipeline\\Pipeline->Illuminate\\Pipeline\\{closure}(Object(Illuminate\\Http\\Request))
#41 /var/www/beas.in/public_html/ramkrishna_dharma_chakra/vendor/laravel/framework/src/Illuminate/Pipeline/Pipeline.php(167): Illuminate\\Foundation\\Http\\Middleware\\ValidatePostSize->handle(Object(Illuminate\\Http\\Request), Object(Closure))
#42 /var/www/beas.in/public_html/ramkrishna_dharma_chakra/vendor/laravel/framework/src/Illuminate/Foundation/Http/Middleware/PreventRequestsDuringMaintenance.php(86): Illuminate\\Pipeline\\Pipeline->Illuminate\\Pipeline\\{closure}(Object(Illuminate\\Http\\Request))
#43 /var/www/beas.in/public_html/ramkrishna_dharma_chakra/vendor/laravel/framework/src/Illuminate/Pipeline/Pipeline.php(167): Illuminate\\Foundation\\Http\\Middleware\\PreventRequestsDuringMaintenance->handle(Object(Illuminate\\Http\\Request), Object(Closure))
#44 /var/www/beas.in/public_html/ramkrishna_dharma_chakra/vendor/fideloper/proxy/src/TrustProxies.php(57): Illuminate\\Pipeline\\Pipeline->Illuminate\\Pipeline\\{closure}(Object(Illuminate\\Http\\Request))
#45 /var/www/beas.in/public_html/ramkrishna_dharma_chakra/vendor/laravel/framework/src/Illuminate/Pipeline/Pipeline.php(167): Fideloper\\Proxy\\TrustProxies->handle(Object(Illuminate\\Http\\Request), Object(Closure))
#46 /var/www/beas.in/public_html/ramkrishna_dharma_chakra/vendor/laravel/framework/src/Illuminate/Pipeline/Pipeline.php(103): Illuminate\\Pipeline\\Pipeline->Illuminate\\Pipeline\\{closure}(Object(Illuminate\\Http\\Request))
#47 /var/www/beas.in/public_html/ramkrishna_dharma_chakra/vendor/laravel/framework/src/Illuminate/Foundation/Http/Kernel.php(142): Illuminate\\Pipeline\\Pipeline->then(Object(Closure))
#48 /var/www/beas.in/public_html/ramkrishna_dharma_chakra/vendor/laravel/framework/src/Illuminate/Foundation/Http/Kernel.php(111): Illuminate\\Foundation\\Http\\Kernel->sendRequestThroughRouter(Object(Illuminate\\Http\\Request))
#49 /var/www/beas.in/public_html/ramkrishna_dharma_chakra/index.php(54): Illuminate\\Foundation\\Http\\Kernel->handle(Object(Illuminate\\Http\\Request))
#50 {main}
"} 
[2023-07-20 15:19:41] local.ERROR: Attempt to read property "image" on null (View: /var/www/beas.in/public_html/ramkrishna_dharma_chakra/resources/views/admin/includes/header.blade.php) {"view":{"view":"/var/www/beas.in/public_html/ramkrishna_dharma_chakra/resources/views/admin/includes/header.blade.php","data":{"errors":"<pre class=sf-dump id=sf-dump-1066301031 data-indent-pad=\"  \"><span class=sf-dump-note>Illuminate\\Support\\ViewErrorBag</span> {<a class=sf-dump-ref>#460</a><samp data-depth=1 class=sf-dump-expanded>
  #<span class=sf-dump-protected title=\"Protected property\">bags</span>: []
</samp>}
</pre><script>Sfdump(\"sf-dump-1066301031\", {\"maxDepth\":3,\"maxStringLength\":160})</script>
","data":"<pre class=sf-dump id=sf-dump-1951556361 data-indent-pad=\"  \"><span class=sf-dump-note>App\\About</span> {<a class=sf-dump-ref>#478</a><samp data-depth=1 class=sf-dump-expanded>
  #<span class=sf-dump-protected title=\"Protected property\">table</span>: \"<span class=sf-dump-str title=\"5 characters\">about</span>\"
  #<span class=sf-dump-protected title=\"Protected property\">guarded</span>: []
  #<span class=sf-dump-protected title=\"Protected property\">connection</span>: \"<span class=sf-dump-str title=\"5 characters\">mysql</span>\"
  #<span class=sf-dump-protected title=\"Protected property\">primaryKey</span>: \"<span class=sf-dump-str title=\"2 characters\">id</span>\"
  #<span class=sf-dump-protected title=\"Protected property\">keyType</span>: \"<span class=sf-dump-str title=\"3 characters\">int</span>\"
  +<span class=sf-dump-public title=\"Public property\">incrementing</span>: <span class=sf-dump-const>true</span>
  #<span class=sf-dump-protected title=\"Protected property\">with</span>: []
  #<span class=sf-dump-protected title=\"Protected property\">withCount</span>: []
  +<span class=sf-dump-public title=\"Public property\">preventsLazyLoading</span>: <span class=sf-dump-const>false</span>
  #<span class=sf-dump-protected title=\"Protected property\">perPage</span>: <span class=sf-dump-num>15</span>
  +<span class=sf-dump-public title=\"Public property\">exists</span>: <span class=sf-dump-const>true</span>
  +<span class=sf-dump-public title=\"Public property\">wasRecentlyCreated</span>: <span class=sf-dump-const>false</span>
  #<span class=sf-dump-protected title=\"Protected property\">escapeWhenCastingToString</span>: <span class=sf-dump-const>false</span>
  #<span class=sf-dump-protected title=\"Protected property\">attributes</span>: <span class=sf-dump-note>array:30</span> [<samp data-depth=2 class=sf-dump-compact>
    \"<span class=sf-dump-key>id</span>\" => <span class=sf-dump-num>1</span>
    \"<span class=sf-dump-key>image</span>\" => \"<span class=sf-dump-str title=\"19 characters\">1685509782-1603.jpg</span>\"
    \"<span class=sf-dump-key>description</span>\" => \"<span class=sf-dump-str title=\"513 characters\">&amp;lt;p&amp;gt;&#8220; &#2472;&#2494;&#2480;&#2494;&#2527;&#2467;&#2434; &#2474;&#2470;&#2509;&#2478;&#2477;&#2476;&#2434; &#2476;&#2486;&#2495;&#2487;&#2509;&#2464; &#2486;&#2453;&#2509;&#2468;&#2495;&#2462;&#2509;&#2458; &#2468;&#2510;&#2474;&#2497;&#2468;&#2509;&#2480; &#2474;&#2480;&#2494;&#2486;&#2480;&#2462;&#2509;&#2458;&lt;br /&gt;&#2476;&#2509;&#2479;&#2494;&#2488;&#2434; &#2486;&#2497;&#2453;&#2434; &#2455;&#2508;&#2480; &#2474;&#2494;&#2470;&#2434; &#2478;&#2489;&#2494;&#2472;&#2509;&#2468;&#2434; &#2455;&#2507;&#2476;&#2495;&#2472;&#2509;&#2470; &#2479;&#2507;&#2455;&#2495;&#2470;&#2509;&#2480;&#2478;&#2469;&#2494;&#2488;&#2509;&#2479; &#2486;&#2495;&#2487;&#2509;&#2479;&#2478;&#2509;&lt;br /&gt;&#2486;&#2509;&#2480;&#2496; &#2486;&#2457;&#2509;&#2453;&#2480;&#2494;&#2458;&#2494;&#2480;&#2509;&#2479;&#2509;&#2479; &#2478;&#2469;&#2494;&#2488;&#2509;&#2479; &#2474;&#2470;&#2509;&#2478;&#2474;&#2494;&#2470;&#2462;&#2509;&#2458; &#2489;&#2488;&#2509;&#2468;&#2494;&#2478;&#2482;&#2453;&#2434; &#2458; &#2486;&#2495;&#2487;&#2509;&#2479;&#2478;&#2509;&#2404;&lt;br /&gt;&#2468;&#2472;&#2509;&#2470;&#2509;&#2480;&#2507;&#2463;&#2453;&#2434; &#2476;&#2494;&#2480;&#2509;&#2468;&#2495;&#2453;&#2453;&#2494;&#2480;&#2478;&#2472;&#2509;&#2479;&#2494;&#2472; &#2437;&#2488;&#2509;&#2478;&#2470; &#2455;&#2497;&#2480;&#2497;&#2472; &#2488;&#2472;&#2509;&#2468;&#2468; &#2478;&#2494;&#2468;&#2507;&#2489;&#2488;&#2509;&#2478;&#2495;&#2404;&lt;br /&gt;&#2486;&#2509;&#2480;&#2497;&#2468;&#2495; &#2488;&#2509;&#2478;&#2499;&#2468;&#2495;&#2474;&#2497;&#2480;&#2494;&#2467;&#2494;&#2472;&#2494;&#2478;&#2494;&#2482;&#2527;&#2434; &#2453;&#2480;&#2497;&#2467;&#2494;&#2482;&#2527;&#2434;&#2404;&lt;br /&gt;&#2472;&#2478;&#2494;&#2478;&#2495; &#2477;&#2455;&#2476;&#2510;&#2474;&#2494;&#2470;&#2434; &#2486;&#2457;&#2509;&#2453;&#2480;&#2434; &#2482;&#2507;&#2453;&#2486;&#2457;&#2509;&#2453;&#2480;&#2478;&#2509;&#2404;&lt;br /&gt;&#2488;&#2498;&#2468;&#2509;&#2480;&#2477;&#2494;&#2488;&#2509;&#2479;&#2453;&#2499;&#2468;&#2508; &#2476;&#2472;&#2509;&#2470;&#2503; &#2477;&#2455;&#2476;&#2472;&#2509;&#2468;&#2508; &#2474;&#2497;&#2472;&#2435; &#2474;&#2497;&#2472;&#2435;&lt;br /&gt;&#2440;&#2486;&#2509;&#2476;&#2480;&#2507; &#2455;&#2497;&#2480;&#2497;&#2480;&#2494;&#2468;&#2509;&#2478;&#2503;&#2468;&#2495; &#2478;&#2498;&#2480;&#2509;&#2468;&#2509;&#2468;&#2495;&#2477;&#2503;&#2470;&#2494; &#2476;&#2495;&#2477;&#2494;&#2455;&#2495;&#2472;&#2503;&lt;br /&gt;&#2476;&#2509;&#2479;&#2507;&#2478;&#2476;&#2510; &#2476;&#2509;&#2479;&#2494;&#2474;&#2509;&#2468; &#2470;&#2503;&#2489;&#2494;&#2527; &#2470;&#2453;&#2509;&#2487;&#2495;&#2467;&#2494;&#2478;&#2498;&#2480;&#2509;&#2468;&#2527;&#2503; &#2472;&#2478;&#2435;&#2404; &#8221;&lt;br /&gt;&#2439;&#2468;&#2495; &#2455;&#2497;&#2480;&#2497;&#2474;&#2480;&#2478;&#2509;&#2474;&#2480;&#2494; &#2488;&#2509;&#2468;&#2509;&#2480;&#2507;&#2468;&#2509;&#2480;&#2478;&#2509;&#2404;&amp;lt;/p&amp;gt;</span>\"
    \"<span class=sf-dump-key>donate_description</span>\" => \"\"\"
      <span class=sf-dump-str title=\"1430 characters\">&#2486;&#2509;&#2480;&#2496;&#2480;&#2494;&#2478;&#2453;&#2499;&#2487;&#2509;&#2467; &#2471;&#2480;&#2509;&#2478;&#2458;&#2453;&#2509;&#2480;&#2503;&#2480; &#2474;&#2509;&#2480;&#2468;&#2495;&#2487;&#2509;&#2464;&#2494;&#2468;&#2494; &#2476;&#2509;&#2480;&#2489;&#2509;&#2478;&#2482;&#2496;&#2472; &#2488;&#2509;&#2476;&#2494;&#2478;&#2496; &#2460;&#2455;&#2470;&#2496;&#2486;&#2509;&#2476;&#2480;&#2494;&#2472;&#2472;&#2509;&#2470; &#2478;&#2489;&#2494;&#2480;&#2494;&#2460; &#2459;&#2495;&#2482;&#2503;&#2472; &#2447;&#2453;&#2460;&#2472; &#2488;&#2480;&#2509;&#2476;&#2468;&#2509;&#2479;&#2494;&#2455;&#2496; &#2488;&#2472;&#2509;&#2472;&#2509;&#2479;&#2494;&#2488;&#2496;&#2404; &#2489;&#2495;&#2472;&#2509;&#2470;&#2497;&#2471;&#2480;&#2509;&#2478;&#2503;&#2480; &#2476;&#2509;&#2479;&#2453;&#2509;&#2468;&#2495;, &#2476;&#2504;&#2470;&#2495;&#2453; &#2488;&#2494;&#2471;&#2472; &#2451; &#2438;&#2458;&#2494;&#2480;&#2476;&#2495;&#2471;&#2495; &#2451; &#2486;&#2509;&#2480;&#2496;&#2480;&#2494;&#2478;&#2453;&#2499;&#2487;&#2509;&#2467; &#2474;&#2480;&#2478;&#2489;&#2434;&#2488;&#2503;&#2480; &#2474;&#2480;&#2478;&#2509;&#2474;&#2480;&#2494; &#2451; &#2471;&#2480;&#2509;&#2478;&#2494;&#2458;&#2494;&#2480;&#2467;&#2503;&#2480; &#2474;&#2509;&#2480;&#2488;&#2494;&#2480; &#2456;&#2463;&#2494;&#2472;&#2507;&#2480; &#2460;&#2472;&#2509;&#2479; &#2453;&#2495;&#2459;&#2497; &#2488;&#2489;&#2499;&#2470;&#2479;&#2492; &#2477;&#2453;&#2509;&#2468;&#2503;&#2480; &#2438;&#2480;&#2509;&#2469;&#2495;&#2453; &#2488;&#2494;&#2489;&#2494;&#2479;&#2509;&#2479;, &#2453;&#2494;&#2479;&#2492;&#2495;&#2453; &#2486;&#2509;&#2480;&#2478; &#2451; &#2437;&#2472;&#2497;&#2474;&#2509;&#2480;&#2503;&#2480;&#2467;&#2494;&#2479;&#2492; &#2437;&#2468;&#2495; &#2453;&#2487;&#2509;&#2463;&#2503; &#2468;&#2495;&#2472;&#2495; &#2455;&#2465;&#2492;&#2503; &#2468;&#2497;&#2482;&#2503;&#2459;&#2495;&#2482;&#2503;&#2472; &#2447;&#2439; &#2474;&#2509;&#2480;&#2468;&#2495;&#2487;&#2509;&#2464;&#2494;&#2472;&#2404; &#2455;&#2497;&#2480;&#2497; &#2478;&#2489;&#2494;&#2480;&#2494;&#2460;&#2503;&#2480; &#2472;&#2496;&#2468;&#2495; &#2451; &#2477;&#2494;&#2476;&#2471;&#2494;&#2480;&#2494; &#2437;&#2472;&#2497;&#2488;&#2480;&#2467; &#2453;&#2480;&#2503; &#2474;&#2480;&#2476;&#2480;&#2509;&#2468;&#2496;&#2453;&#2494;&#2482;&#2503; &#2468;&#2494;&#2433;&#2480; &#2470;&#2496;&#2453;&#2509;&#2487;&#2495;&#2468; &#2438;&#2486;&#2509;&#2480;&#2478;&#2476;&#2494;&#2488;&#2496; &#2488;&#2472;&#2509;&#2472;&#2509;&#2479;&#2494;&#2488;&#2496; &#2451; &#2488;&#2472;&#2509;&#2472;&#2509;&#2479;&#2494;&#2488;&#2495;&#2472;&#2496;&#2480;&#2494; &#2453;&#2464;&#2507;&#2480; &#2488;&#2472;&#2509;&#2472;&#2509;&#2479;&#2494;&#2488;&#2476;&#2509;&#2480;&#2468; &#2474;&#2494;&#2482;&#2472; &#2453;&#2480;&#2503; &#2458;&#2482;&#2503;&#2459;&#2503;&#2472;&#2404; &#2476;&#2489;&#2497; &#2468;&#2469;&#2494;&#2453;&#2469;&#2495;&#2468; &#2471;&#2480;&#2509;&#2478;&#2474;&#2509;&#2480;&#2468;&#2495;&#2487;&#2509;&#2464;&#2494;&#2472;&#2503;&#2480; &#2478;&#2468; &#2447;&#2454;&#2494;&#2472;&#2503; &#2471;&#2480;&#2509;&#2478;&#2503;&#2480; &#2476;&#2495;&#2472;&#2495;&#2478;&#2479;&#2492;&#2503; &#2437;&#2480;&#2509;&#2469; &#2441;&#2474;&#2494;&#2480;&#2509;&#2460;&#2472; &#2453;&#2480;&#2494; &#2489;&#2479;&#2492; &#2472;&#2494;&#2404; &#2447;&#2463;&#2495; &#2453;&#2464;&#2507;&#2480;&#2477;&#2494;&#2476;&#2503; &#2455;&#2497;&#2480;&#2497; &#2478;&#2489;&#2494;&#2480;&#2494;&#2460;&#2503;&#2480; &#2472;&#2496;&#2468;&#2495;&#2476;&#2495;&#2480;&#2497;&#2470;&#2509;&#2471; &#2459;&#2495;&#2482;&#2404; &#2453;&#2495;&#2472;&#2509;&#2468;&#2497; &#2476;&#2494;&#2488;&#2509;&#2468;&#2476; &#2447;&#2463;&#2494;&#2439; &#2479;&#2503; &#2476;&#2480;&#2509;&#2468;&#2478;&#2494;&#2472; &#2478;&#2498;&#2482;&#2509;&#2479;&#2476;&#2499;&#2470;&#2509;&#2471;&#2495; &#2451; &#2476;&#2509;&#2479;&#2494;&#2479;&#2492;&#2476;&#2494;&#2489;&#2497;&#2482;&#2509;&#2479;&#2503;&#2480; &#2453;&#2494;&#2480;&#2467;&#2503; &#2438;&#2486;&#2509;&#2480;&#2478;&#2476;&#2494;&#2488;&#2496;&#2470;&#2503;&#2480; &#2460;&#2496;&#2476;&#2472;&#2479;&#2494;&#2474;&#2472;, &#2474;&#2509;&#2480;&#2468;&#2495;&#2487;&#2509;&#2464;&#2495;&#2468; &#2488;&#2453;&#2482; &#2470;&#2503;&#2476;&#2470;&#2503;&#2476;&#2496;&#2470;&#2503;&#2480; &#2472;&#2495;&#2468;&#2509;&#2479;&#2488;&#2503;&#2476;&#2494; &#2451; &#2438;&#2486;&#2509;&#2480;&#2478; &#2480;&#2453;&#2509;&#2487;&#2467;&#2494;&#2476;&#2503;&#2453;&#2509;&#2487;&#2467;&#2503;&#2480; &#2460;&#2472;&#2509;&#2479; &#2472;&#2509;&#2479;&#2497;&#2472;&#2468;&#2478; &#2437;&#2480;&#2509;&#2469;&#2503;&#2480; &#2479;&#2503; &#2474;&#2509;&#2480;&#2479;&#2492;&#2507;&#2460;&#2472;&#2496;&#2479;&#2492;&#2468;&#2494; &#2438;&#2459;&#2503; &#2468;&#2494; &#2437;&#2472;&#2488;&#2509;&#2476;&#2496;&#2453;&#2494;&#2480;&#2509;&#2479;&#2404;<span class=\"sf-dump-default sf-dump-ns\">\\r\\n</span></span>
      <span class=sf-dump-str title=\"1430 characters\">&#2474;&#2497;&#2480;&#2494;&#2467;&#2494;&#2470;&#2495; &#2486;&#2494;&#2488;&#2509;&#2468;&#2509;&#2480;&#2503; &#2441;&#2482;&#2509;&#2482;&#2503;&#2454; &#2438;&#2459;&#2503; &#039;&#2470;&#2494;&#2472;&#039; &#2471;&#2480;&#2509;&#2478;&#2494;&#2458;&#2494;&#2480;&#2467;&#2503;&#2480; &#2447;&#2453;&#2463;&#2495; &#2437;&#2457;&#2509;&#2455;, &#2468;&#2494;&#2439; &#2486;&#2509;&#2480;&#2496;&#2480;&#2494;&#2478;&#2453;&#2499;&#2487;&#2509;&#2467; &#2471;&#2480;&#2509;&#2478;&#2458;&#2453;&#2509;&#2480;&#2503;&#2480; &#2478;&#2497;&#2487;&#2509;&#2463;&#2495;&#2478;&#2503;&#2479;&#2492; &#2453;&#2495;&#2459;&#2497; &#2470;&#2496;&#2453;&#2509;&#2487;&#2495;&#2468; &#2488;&#2472;&#2509;&#2468;&#2494;&#2472; &#2447;&#2476;&#2434; &#2437;&#2472;&#2509;&#2479;&#2494;&#2472;&#2509;&#2479; &#2471;&#2480;&#2509;&#2478;&#2474;&#2495;&#2474;&#2494;&#2488;&#2497; &#2477;&#2453;&#2509;&#2468;&#2455;&#2467;&#2503;&#2480; &#2441;&#2474;&#2480; &#2470;&#2494;&#2479;&#2492;&#2495;&#2468;&#2509;&#2476; &#2476;&#2480;&#2509;&#2468;&#2494;&#2479;&#2492; -- &#2472;&#2509;&#2479;&#2497;&#2472;&#2468;&#2478;, &#2488;&#2509;&#2476;&#2504;&#2458;&#2509;&#2459;&#2495;&#2453; &#2437;&#2480;&#2509;&#2469;&#2470;&#2494;&#2472;&#2503;&#2480; &#2478;&#2494;&#2471;&#2509;&#2479;&#2478;&#2503; &#2489;&#2495;&#2472;&#2509;&#2470;&#2497;&#2471;&#2480;&#2509;&#2478;&#2503;&#2480; &#2471;&#2509;&#2476;&#2460;&#2494;&#2471;&#2494;&#2480;&#2496; &#2447;&#2439; &#2474;&#2509;&#2480;&#2468;&#2495;&#2487;&#2509;&#2464;&#2494;&#2472;&#2503;&#2480; &#2437;&#2488;&#2509;&#2468;&#2495;&#2468;&#2509;&#2476; &#2480;&#2453;&#2509;&#2487;&#2494; &#2453;&#2480;&#2494;&#2480;&#2404; &#2468;&#2494;&#2439; &#2488;&#2453;&#2482;&#2503;&#2480; &#2453;&#2494;&#2459;&#2503; &#2437;&#2472;&#2497;&#2480;&#2507;&#2471; &#2447;&#2439; &#2479;&#2503;, &#2438;&#2474;&#2472;&#2494;&#2480;&#2494; &#2472;&#2495;&#2480;&#2509;&#2470;&#2509;&#2476;&#2495;&#2471;&#2494;&#2479;&#2492; &#2451; &#2488;&#2509;&#2476;&#2503;&#2458;&#2509;&#2459;&#2494;&#2479;&#2492; &#2438;&#2474;&#2472;&#2494;&#2470;&#2503;&#2480; &#2488;&#2494;&#2478;&#2480;&#2509;&#2469;&#2509;&#2479; &#2437;&#2472;&#2497;&#2479;&#2494;&#2479;&#2492;&#2496; &#2447;&#2439; &#2474;&#2509;&#2480;&#2468;&#2495;&#2487;&#2509;&#2464;&#2494;&#2472;&#2503;&#2480; &#2441;&#2472;&#2509;&#2472;&#2468;&#2495;&#2453;&#2482;&#2509;&#2474;&#2503; &#2451; &#2438;&#2486;&#2509;&#2480;&#2478;&#2476;&#2494;&#2488;&#2496;&#2470;&#2503;&#2480; &#2460;&#2496;&#2476;&#2472;&#2471;&#2494;&#2480;&#2467;&#2503;&#2480; &#2460;&#2472;&#2509;&#2479; &#2474;&#2509;&#2480;&#2479;&#2492;&#2507;&#2460;&#2472;&#2496;&#2479;&#2492; &#2438;&#2480;&#2509;&#2469;&#2495;&#2453; &#2437;&#2472;&#2497;&#2470;&#2494;&#2472; &#2453;&#2480;&#2497;&#2472;&#2404; &#2438;&#2474;&#2472;&#2494;&#2480;&#2494; Money Transfer &#2447;&#2480; &#2478;&#2494;&#2471;&#2509;&#2479;&#2478;&#2503; &#2472;&#2495;&#2478;&#2509;&#2472;&#2507;&#2453;&#2509;&#2468; &#2476;&#2495;&#2476;&#2480;&#2467; &#2437;&#2472;&#2497;&#2479;&#2494;&#2479;&#2492;&#2496; &#2437;&#2480;&#2509;&#2469;&#2470;&#2494;&#2472; &#2453;&#2480;&#2468;&#2503; &#2474;&#2494;&#2480;&#2503;&#2472;.&lt;/br&gt;<span class=\"sf-dump-default sf-dump-ns\">\\r\\n</span></span>
      <span class=sf-dump-str title=\"1430 characters\">&lt;b&gt;Sri Ramkrishna Dharma Chakra&lt;/b&gt;&lt;/br&gt;<span class=\"sf-dump-default sf-dump-ns\">\\r\\n</span></span>
      <span class=sf-dump-str title=\"1430 characters\">&lt;b&gt;SBI A/C - 11310916735 &lt;/b&gt;&lt;/br&gt;<span class=\"sf-dump-default sf-dump-ns\">\\r\\n</span></span>
      <span class=sf-dump-str title=\"1430 characters\">&lt;b&gt;SBIN0004640 (IFSC)&lt;/b&gt;&lt;/br&gt;</span>
      \"\"\"
    \"<span class=sf-dump-key>donate_image</span>\" => \"<span class=sf-dump-str title=\"19 characters\">1673342173-1444.jpg</span>\"
    \"<span class=sf-dump-key>welcome_heading</span>\" => \"<span class=sf-dump-str title=\"32 characters\">&#2488;&#2497;&#2488;&#2509;&#2476;&#2494;&#2455;&#2468;&#2478;&#2509; &#2486;&#2509;&#2480;&#2496;&#2480;&#2494;&#2478;&#2453;&#2499;&#2487;&#2509;&#2467; &#2471;&#2480;&#2509;&#2478;&#2458;&#2453;&#2509;&#2480;</span>\"
    \"<span class=sf-dump-key>welcome_description</span>\" => \"<span class=sf-dump-str title=\"1297 characters\">&lt;strong&gt;&#2536;&#2535;&#2535;&#2447;, &#2455;&#2495;&#2480;&#2495;&#2486; &#2456;&#2507;&#2487; &#2480;&#2507;&#2465;&#160;&lt;/strong&gt;&lt;strong&gt;&#2474;&#2507; : &#2476;&#2503;&#2482;&#2497;&#2465;&#2492;&#2478;&#2464;, &#2489;&#2494;&#2451;&#2465;&#2492;&#2494;, &#2474;&#2495;&#2472;-&#2541;&#2535;&#2535;&#2536;&#2534;&#2536; &#2475;&#2507;&#2472;-&#2543;&#2542;&#2537;&#2534;&#2534;&#2538;&#2537;&#2539;&#2543;&#2540;&lt;br /&gt;&lt;/strong&gt;&lt;br /&gt;&#2486;&#2509;&#2480;&#2496;&#2480;&#2494;&#2478;&#2453;&#2499;&#2487;&#2509;&#2467; &#2471;&#2480;&#2509;&#2478;&#2458;&#2453;&#2509;&#2480; &#2477;&#2494;&#2480;&#2468;&#2476;&#2480;&#2509;&#2487;&#2503;&#2480; &#2438;&#2471;&#2509;&#2479;&#2494;&#2468;&#2509;&#2478;&#2495;&#2453; &#2438;&#2453;&#2494;&#2486;&#2503; &#2447;&#2453; &#2441;&#2460;&#2509;&#2460;&#2509;&#2476;&#2482; &#2472;&#2453;&#2509;&#2487;&#2468;&#2509;&#2480;&#2404; &#2447;&#2439; &#2471;&#2480;&#2509;&#2478; &#2474;&#2509;&#2480;&#2468;&#2495;&#2487;&#2509;&#2464;&#2494;&#2472; &#2476;&#2509;&#2480;&#2489;&#2509;&#2478;&#2482;&#2496;&#2472; &#2488;&#2509;&#2476;&#2494;&#2478;&#2496; &#2460;&#2455;&#2470;&#2496;&#2486;&#2509;&#2476;&#2480;&#2494;&#2472;&#2472;&#2509;&#2470; &#2478;&#2489;&#2494;&#2480;&#2494;&#2460;&#2503;&#2480; &#2448;&#2453;&#2494;&#2472;&#2509;&#2468;&#2495;&#2453; &#2474;&#2509;&#2480;&#2458;&#2503;&#2487;&#2509;&#2463;&#2494;&#2479;&#2492; &#2535;&#2543;&#2539;&#2539; &#2454;&#2499;&#2487;&#2509;&#2463;&#2494;&#2476;&#2509;&#2470;(&#2535;&#2537;&#2540;&#2536; &#2488;&#2494;&#2482;&#2503;&#2480;) &#2475;&#2494;&#2482;&#2509;&#2455;&#2497;&#2472; &#2478;&#2494;&#2488;&#2503; &#2474;&#2509;&#2480;&#2468;&#2495;&#2487;&#2509;&#2464;&#2494; &#2489;&#2479;&#2492;&#2404;&lt;br /&gt;&lt;br /&gt;&#2488;&#2509;&#2476;&#2494;&#2478;&#2496; &#2460;&#2455;&#2470;&#2496;&#2486;&#2509;&#2476;&#2480;&#2494;&#2472;&#2472;&#2509;&#2470; &#2478;&#2489;&#2494;&#2480;&#2494;&#2460;&#2503;&#2480; &#2478;&#2489;&#2494;&#2474;&#2509;&#2480;&#2479;&#2492;&#2494;&#2467;&#2503;&#2480; &#2474;&#2480; &#2468;&#2494;&#2433;&#2480; &#2488;&#2497;&#2479;&#2507;&#2455;&#2509;&#2479;&#2494; &#2486;&#2495;&#2487;&#2509;&#2479;&#2494; &#2474;&#2509;&#2480;&#2476;&#2509;&#2480;&#2494;&#2460;&#2495;&#2453;&#2494; &#2478;&#2489;&#2494;&#2455;&#2508;&#2480;&#2496; &#2488;&#2480;&#2488;&#2509;&#2476;&#2468;&#2496; &#2470;&#2453;&#2509;&#2487; &#2489;&#2494;&#2468;&#2503; &#2447;&#2439; &#2474;&#2509;&#2480;&#2468;&#2495;&#2487;&#2509;&#2464;&#2494;&#2472;&#2503;&#2480; &#2488;&#2478;&#2488;&#2509;&#2468; &#2455;&#2497;&#2480;&#2497;&#2477;&#2494;&#2476; &#2476;&#2489;&#2472; &#2453;&#2480;&#2503;&#2472;&#2404; &#2474;&#2509;&#2480;&#2476;&#2509;&#2480;&#2494;&#2460;&#2495;&#2453;&#2494; &#2478;&#2489;&#2494;&#2455;&#2508;&#2480;&#2496; &#2488;&#2480;&#2488;&#2509;&#2476;&#2468;&#2496;&#2480; &#2478;&#2489;&#2494;&#2474;&#2509;&#2480;&#2479;&#2492;&#2494;&#2467;&#2503;&#2480; &#2474;&#2480; &#2468;&#2494;&#2433;&#2480; &#2478;&#2472;&#2507;&#2472;&#2496;&#2468; &#2455;&#2497;&#2480;&#2497;&#2477;&#2494;&#2439; &#2488;&#2509;&#2476;&#2494;&#2478;&#2496; &#2476;&#2495;&#2486;&#2497;&#2470;&#2509;&#2471;&#2494;&#2472;&#2472;&#2509;&#2470; &#2488;&#2480;&#2488;&#2509;&#2476;&#2468;&#2496;&#2460;&#2496; &#2478;&#2489;&#2494;&#2480;&#2494;&#2460; &#2474;&#2509;&#2480;&#2468;&#2495;&#2487;&#2509;&#2464;&#2494;&#2472;&#2503;&#2480; &#2438;&#2458;&#2494;&#2480;&#2509;&#2479;&#2509;&#2479; &#2480;&#2498;&#2474;&#2503; &#2455;&#2497;&#2480;&#2497; &#2477;&#2494;&#2480; &#2455;&#2509;&#2480;&#2489;&#2467; &#2453;&#2480;&#2503;&#2472;&#2404;&lt;br /&gt;&lt;br /&gt;&#2486;&#2509;&#2480;&#2496;&#2480;&#2494;&#2478;&#2453;&#2499;&#2487;&#2509;&#2467; &#2471;&#2480;&#2509;&#2478;&#2458;&#2453;&#2509;&#2480; &#2438;&#2486;&#2509;&#2480;&#2478;&#2503; &#2535;&#2543;&#2540;&#2535; &#2454;&#2499;&#2487;&#2509;&#2463;&#2494;&#2476;&#2509;&#2470;&#2503; &#2474;&#2498;&#2480;&#2509;&#2476;&#2477;&#2494;&#2480;&#2468;&#2503; &#2474;&#2509;&#2480;&#2469;&#2478; &#2453;&#2482;&#2509;&#2453;&#2495; &#2478;&#2472;&#2509;&#2470;&#2495;&#2480; &#2474;&#2509;&#2480;&#2468;&#2495;&#2487;&#2509;&#2464;&#2494; &#2489;&#2479;&#2492;&#2404; &#2470;&#2504;&#2476;&#2472;&#2495;&#2480;&#2509;&#2470;&#2503;&#2486;&#2503; &#2488;&#2480;&#2509;&#2476;&#2474;&#2509;&#2480;&#2469;&#2478; &#2477;&#2455;&#2476;&#2494;&#2472; &#2476;&#2495;&#2487;&#2509;&#2467;&#2497;&#2480; &#2486;&#2503;&#2487; &#2437;&#2476;&#2468;&#2494;&#2480; &#2453;&#2482;&#2509;&#2453;&#2495; &#2470;&#2503;&#2476;&#2503;&#2480; &#2438;&#2455;&#2478;&#2472; &#2476;&#2494;&#2480;&#2509;&#2468;&#2494; &#2474;&#2509;&#2480;&#2458;&#2494;&#2480;&#2495;&#2468; &#2489;&#2479;&#2492;&#2404; &#2488;&#2509;&#2476;&#2494;&#2478;&#2496; &#2460;&#2455;&#2470;&#2496;&#2486;&#2509;&#2476;&#2480;&#2494;&#2472;&#2472;&#2509;&#2470; &#2478;&#2489;&#2494;&#2480;&#2494;&#2460; &#2470;&#2509;&#2476;&#2494;&#2480;&#2494; &#2437;&#2472;&#2498;&#2470;&#2495;&#2468; &#2474;&#2509;&#2480;&#2494;&#2479;&#2492; &#2535;&#2534;&#2534;&#2454;&#2494;&#2472;&#2494; &#2471;&#2480;&#2509;&#2478;&#2455;&#2509;&#2480;&#2472;&#2509;&#2469;&#2503;&#2480; &#2476;&#2495;&#2474;&#2497;&#2482; &#2488;&#2478;&#2509;&#2477;&#2494;&#2480;&#2404; &#2447;&#2439; &#2455;&#2509;&#2480;&#2472;&#2509;&#2469; &#2470;&#2509;&#2476;&#2494;&#2480;&#2494; &#2471;&#2480;&#2509;&#2478;&#2474;&#2509;&#2480;&#2494;&#2467; &#2472;&#2480;&#2472;&#2494;&#2480;&#2496;&#2455;&#2467;&#2503;&#2480; &#2471;&#2480;&#2509;&#2478;&#2458;&#2503;&#2468;&#2472;&#2494;&#2460;&#2494;&#2455;&#2480;&#2467; &#2471;&#2480;&#2509;&#2478;&#2460;&#2509;&#2462;&#2494;&#2472;&#2453;&#2503; &#2474;&#2480;&#2495;&#2474;&#2497;&#2487;&#2509;&#2463; &#2453;&#2480;&#2494;&#2480; &#2453;&#2494;&#2460;&#2503; &#2488;&#2470;&#2494; &#2476;&#2509;&#2544;&#2468;&#2496; &#2447;&#2439; &#2474;&#2509;&#2480;&#2468;&#2495;&#2487;&#2509;&#2464;&#2494;&#2472;&#2404; &#2447;&#2454;&#2494;&#2472;&#2503; &#2470;&#2496;&#2453;&#2509;&#2487;&#2494;&#2480;&#2509;&#2469;&#2496;&#2455;&#2467;&#2503;&#2480; &#2474;&#2509;&#2480;&#2453;&#2499;&#2468;&#2495;&#2455;&#2468; &#2439;&#2487;&#2509;&#2463;&#2472;&#2495;&#2480;&#2509;&#2476;&#2494;&#2458;&#2472; &#2451; &#2478;&#2472;&#2509;&#2468;&#2509;&#2480;&#2479;&#2507;&#2455;&#2503; &#2488;&#2494;&#2471;&#2472; &#2437;&#2472;&#2497;&#2486;&#2496;&#2482;&#2472;&#2503;&#2480; &#2470;&#2509;&#2476;&#2494;&#2480;&#2494; &#2488;&#2494;&#2471;&#2472;&#2503; &#2441;&#2472;&#2509;&#2472;&#2468;&#2495;&#2480; &#2474;&#2469;&#2503; &#2447;&#2455;&#2495;&#2479;&#2492;&#2503; &#2472;&#2495;&#2479;&#2492;&#2503; &#2479;&#2494;&#2451;&#2479;&#2492;&#2494;&#2480; &#2488;&#2489;&#2494;&#2479;&#2492;&#2468;&#2494; &#2453;&#2480;&#2494; &#2489;&#2479;&#2492;&#2404; &#2447;&#2459;&#2494;&#2465;&#2492;&#2494; &#2488;&#2494;&#2480;&#2494; &#2476;&#2459;&#2480; &#2476;&#2509;&#2479;&#2494;&#2474;&#2496; &#2476;&#2503;&#2486; &#2453;&#2495;&#2459;&#2497; &#2441;&#2472;&#2509;&#2472;&#2479;&#2492;&#2472; &#2478;&#2498;&#2482;&#2453; &#2453;&#2480;&#2509;&#2478;&#2453;&#2494;&#2472;&#2509;&#2465;&#2503;&#2480; &#2488;&#2457;&#2509;&#2455;&#2503; &#2479;&#2497;&#2453;&#2509;&#2468;&#2404; &#2489;&#2495;&#2472;&#2509;&#2470;&#2497; &#2471;&#2480;&#2509;&#2478; &#2476;&#2495;&#2486;&#2509;&#2476;&#2494;&#2488;&#2496; &#2488;&#2494;&#2478;&#2494;&#2460;&#2495;&#2453; &#2451; &#2438;&#2471;&#2509;&#2479;&#2494;&#2468;&#2509;&#2478;&#2495;&#2453; &#2478;&#2495;&#2482;&#2472; &#2453;&#2509;&#2487;&#2503;&#2468;&#2509;&#2480;&#2503;&#2480; &#2438;&#2480; &#2447;&#2453; &#2472;&#2494;&#2478; &#2486;&#2509;&#2480;&#2496;&#2480;&#2494;&#2478;&#2453;&#2499;&#2487;&#2509;&#2467; &#2471;&#2480;&#2509;&#2478;&#2458;&#2453;&#2509;&#2480;&#2404;</span>\"
    \"<span class=sf-dump-key>parampara_text</span>\" => \"<span class=sf-dump-str title=\"681 characters\">&lt;p&gt;&lt;strong&gt;&quot; &#2451;&#2433; &#2472;&#2478;&#2507; &#2476;&#2509;&#2480;&#2489;&#2509;&#2478;&#2494;&#2470;&#2495;&#2477;&#2509;&#2479;&#2507; &#2476;&#2509;&#2480;&#2489;&#2509;&#2478;&#2476;&#2495;&#2470;&#2509;&#2479;&#2494; &#2488;&#2478;&#2509;&#2474;&#2509;&#2480;&#2470;&#2494;&#2479;&#2492; &#2453;&#2468;&#2499;&#2477;&#2509;&#2479;&#2507; &#2476;&#2434;&#2486;&#2443;&#2487;&#2495;&#2477;&#2509;&#2479;&#2507; &#2478;&#2489;&#2470;&#2509;&#2477;&#2509;&#2479;&#2507; &#2472;&#2478;&#2507; &#2455;&#2497;&#2480;&#2497;&#2477;&#2509;&#2479;&#2507;&#2435;&#2404; &quot;&lt;/strong&gt;&lt;br /&gt;&lt;em&gt;&#2476;&#2509;&#2480;&#2489;&#2509;&#2478;&#2476;&#2495;&#2470;&#2509;&#2479;&#2494; &#2488;&#2478;&#2509;&#2474;&#2509;&#2480;&#2470;&#2494;&#2479;&#2492;&#2503;&#2480; &#2438;&#2470;&#2495;&#2455;&#2497;&#2480;&#2497; &#2477;&#2455;&#2476;&#2494;&#2472; &#2472;&#2494;&#2480;&#2494;&#2479;&#2492;&#2467; &#2476;&#2509;&#2480;&#2489;&#2509;&#2478;&#2494;&#2460;&#2495;&#2453;&#2503; &#2488;&#2480;&#2509;&#2476; &#2474;&#2509;&#2480;&#2469;&#2478; &#2447;&#2439; &#2476;&#2509;&#2480;&#2489;&#2509;&#2478;&#2476;&#2495;&#2470;&#2509;&#2479;&#2494;&#2480; &#2441;&#2474;&#2470;&#2503;&#2486; &#2453;&#2480;&#2503;&#2459;&#2495;&#2482;&#2503;&#2472;&#2404; &#2488;&#2497;&#2468;&#2480;&#2494;&#2434; &#2468;&#2495;&#2472;&#2495; &#2447;&#2439; &#2476;&#2509;&#2480;&#2489;&#2509;&#2478;&#2476;&#2495;&#2470;&#2509;&#2479;&#2494; &#2488;&#2478;&#2509;&#2474;&#2509;&#2480;&#2470;&#2494;&#2479;&#2492;&#2503; &#2470;&#2509;&#2476;&#2495;&#2468;&#2496;&#2479;&#2492; &#2455;&#2497;&#2480;&#2497; &#2468;&#2494;&#2480;&#2474;&#2480; &#2476;&#2509;&#2480;&#2489;&#2509;&#2478;&#2494;&#2480; &#2535;&#2538; &#2460;&#2472; &#2478;&#2494;&#2472;&#2488;&#2474;&#2497;&#2468;&#2509;&#2480;&#2503;&#2480; &#2478;&#2471;&#2509;&#2479;&#2503; &#2476;&#2486;&#2495;&#2487;&#2509;&#2464;&#2494;&#2470;&#2495;&#2443;&#2487;&#2495;&#2455;&#2467; &#2438;&#2459;&#2503;&#2472;&#2404;&#160;&lt;/em&gt;&lt;br /&gt;&lt;strong&gt;&quot; &#2453;&#2499;&#2468;&#2503; &#2476;&#2495;&#2486;&#2509;&#2476;&#2455;&#2497;&#2480;&#2497;&#2476;&#2509;&#2480;&#2489;&#2509;&#2478;&#2494; &#2468;&#2509;&#2480;&#2503;&#2468;&#2494;&#2479;&#2492;&#2494; &#2443;&#2487;&#2495;&#2488;&#2468;&#2509;&#2468;&#2478;&#2435; (&#2476;&#2486;&#2495;&#2487;&#2509;&#2464;)&lt;/strong&gt;&lt;br /&gt;&lt;strong&gt;&#2470;&#2509;&#2476;&#2494;&#2474;&#2480;&#2503; &#2476;&#2509;&#2479;&#2494;&#2488;&#2447;&#2476;&#2488;&#2509;&#2479;&#2494;&#2453;&#2482;&#2494;&#2476;&#2468;&#2509;&#2480; &#2477;&#2476;&#2494;&#2478;&#2509;&#2479;&#2489;&#2478; &#2551;&#2551; &quot;&lt;/strong&gt;&lt;br /&gt;&lt;em&gt;&#2437;&#2480;&#2509;&#2469;&#2494;&#2510; &#2488;&#2468;&#2509;&#2479;&#2479;&#2497;&#2455;&#2503; &#2476;&#2509;&#2480;&#2489;&#2509;&#2478;&#2494; &#2459;&#2495;&#2482;&#2503;&#2472; &#2460;&#2455;&#2470;&#2455;&#2497;&#2480;&#2497; ; &#2468;&#2509;&#2480;&#2503;&#2468;&#2494;&#2468;&#2503; &#2443;&#2487;&#2495; &#2476;&#2486;&#2495;&#2487;&#2509;&#2464; ; &#2470;&#2509;&#2476;&#2494;&#2474;&#2480;&#2503; &#2453;&#2499;&#2487;&#2509;&#2467; &#2470;&#2509;&#2476;&#2504;&#2474;&#2494;&#2479;&#2492;&#2472;&#2503; &#2476;&#2509;&#2479;&#2494;&#2488; &#2447;&#2476;&#2434; &#2453;&#2482;&#2495;&#2468;&#2503; &#2438;&#2470;&#2495; &#2486;&#2457;&#2509;&#2453;&#2480;&#2494;&#2458;&#2494;&#2480;&#2509;&#2479;&#2509;&#2479; &#2460;&#2455;&#2470;&#2455;&#2497;&#2480;&#2497; &#2480;&#2497;&#2474;&#2503; &#2459;&#2495;&#2482;&#2503;&#2472;&#2404; &#2447;&#2439; &#2488;&#2472;&#2494;&#2468;&#2472; &#2474;&#2480;&#2478;&#2509;&#2474;&#2480;&#2494;&#2439; &#2438;&#2478;&#2494;&#2470;&#2503;&#2480; &#2455;&#2497;&#2480;&#2497; &#2474;&#2480;&#2478;&#2509;&#2474;&#2480;&#2494;&#2404;&#160;&lt;/em&gt;&lt;/p&gt;</span>\"
    \"<span class=sf-dump-key>description_english</span>\" => \"\"\"
      <span class=sf-dump-str title=\"1749 characters\">&lt;p&gt;Sri Ramakrishna Dharmachakra is a brilliant star in the spiritual heritage of India. This religious institution was established in the month of February in the year 1955 through the sincere efforts of Brahmalin Swami Jagadishwarananda Maharaj.&lt;br /&gt;After Swami Jagadishwarananda Maharaj&#8217;s passing, his disciple, Prabrajika Mahagouri Saraswati, took over as the head of the Institution and enhanced its reach further among disciples and devotees through her spiritual work and effective administration. After Prabrajika Mahagouri Saraswati his nominee and Gurubhai Swami Bisuddhananda Saraswatiji, has taken over as the principal monk ( Addhakshya )&#160; of the organization.&lt;br /&gt;The first Kalki Temple was established in Eastern India in the year 1955 at the Sri Ramakrishna Dharmachakra Ashram. It is said that Swami Jagadishwarananda Saraswati received spiritual guidance to create this temple from Sri Kalki Dev, the last incarnation of Lord Vishnu, and he spread the message and grace of the deity all over India.&lt;br /&gt;Swami Jagadishwarananda Maharaj was a great spiritual author and has over 100 books authored by him. It is through these books that spirituality is nurtured and disseminated to his devotees all over India. Here the practitioners and devotees are helped to move forward in their spiritual pursuits through meditation and mantras.&lt;br /&gt;In addition, several developmental activities are also taken up around the year, by the Ashram, to alleviate the problems of the Society and the environment, in addition to many religious festivals where all are invited irrespective of religion, caste or creed. The institution stands out as a true torchbearer of the Sanatan Dharma for the social and spiritual union of people.&lt;/p&gt;<span class=\"sf-dump-default sf-dump-ns\">\\r\\n</span></span>
      <span class=sf-dump-str title=\"1749 characters\">&lt;p&gt;&#160;&lt;/p&gt;</span>
      \"\"\"
    \"<span class=sf-dump-key>donate_description_english</span>\" => \"\"\"
      <span class=sf-dump-str title=\"1313 characters\">The founder of Sri Ramakrishna Dharmachakra, Brahmalin Swami JagadishwaraNanda Maharaj was an all-powerful monk. He established this organization with the financial support of a very few kind devotees. Following the principles and ideology of the Guru Maharaj, the monks of this ashram do not conduct any rituals in exchange of money. It was strictly against the principles of Guru Maharaj to conduct any ritual specifically for gains and the essence of the teachings to all has been to lead a simple and honest life which would lead to mental resilience and faith, so as to be able to overcome hurdles and hardships in life. <span class=\"sf-dump-default sf-dump-ns\">\\r\\n</span></span>
      <span class=sf-dump-str title=\"1313 characters\"><span class=\"sf-dump-default sf-dump-ns\">\\r\\n</span></span>
      <span class=sf-dump-str title=\"1313 characters\">However, the operations of the Ashram needs finances to be able to conduct the daily Pujas and also for the livelihood of the monks. Many of the devotees have been donating towards this cause. The publishing and book selling feeds each other since most of the books being sold are very inexpensive so as to cover costs only and is the major route of spiritual preaching for the Ashram.<span class=\"sf-dump-default sf-dump-ns\">\\r\\n</span></span>
      <span class=sf-dump-str title=\"1313 characters\"><span class=\"sf-dump-default sf-dump-ns\">\\r\\n</span></span>
      <span class=sf-dump-str title=\"1313 characters\">Therefore, it&#039;s a request to all to donate freely and voluntarily, to promote this institution and the cause of the monastery. <span class=\"sf-dump-default sf-dump-ns\">\\r\\n</span></span>
      <span class=sf-dump-str title=\"1313 characters\">You can make payments to the following account :  &lt;/br&gt;<span class=\"sf-dump-default sf-dump-ns\">\\r\\n</span></span>
      <span class=sf-dump-str title=\"1313 characters\">&lt;b&gt;Sri Ramkrishna Dharma Chakra&lt;/b&gt;&lt;/br&gt;<span class=\"sf-dump-default sf-dump-ns\">\\r\\n</span></span>
      <span class=sf-dump-str title=\"1313 characters\">&lt;b&gt;SBI A/C - 11310916735 &lt;/b&gt;&lt;/br&gt;<span class=\"sf-dump-default sf-dump-ns\">\\r\\n</span></span>
      <span class=sf-dump-str title=\"1313 characters\">&lt;b&gt;SBIN0004640 (IFSC)&lt;/b&gt;&lt;/br&gt;</span>
      \"\"\"
    \"<span class=sf-dump-key>welcome_heading_english</span>\" => \"<span class=sf-dump-str title=\"36 characters\">Welcome Sri Ramakrishna DharmaChakra</span>\"
    \"<span class=sf-dump-key>welcome_description_english</span>\" => \"<span class=sf-dump-str title=\"1477 characters\">&lt;strong&gt;211A, Girish Ghosh Road&#160;&lt;/strong&gt;&lt;strong&gt;Po: Belurmath, Howrah, Pin-711202 Phone-9830043596&lt;br /&gt;&lt;/strong&gt;&lt;br /&gt;Sri Ramakrishna Dharma Chakra is a bright star in the spiritual sky of India.&#160;This religious institution was established in the month of Falgun in 1955 AD (1362 AD) by the dedicated efforts of Brahmin Swami Jagadiswarananda Maharaj.&lt;br /&gt;&lt;br /&gt;After the passing away of Swami Jagadiswarananda Maharaj, his opportune disciple Prabrajika Mahagauri Saraswati carried all the responsibilities of this institution with skillful hands.&#160;After Prabrajika Mahagauri Saraswati&#039;s demise, her designated Gurubhai Swami Visudhananda Saraswatiji Maharaj took over as Acharya of the institution.&lt;br /&gt;&lt;br /&gt;The first Kalki temple in East India was established in 1961 AD at Sri Ramakrishna Dharmachakra Ashram.&#160;The message of the arrival of Lord Vishnu&#039;s last incarnation, Kalki Dev, was first announced by divine guidance.&#160;A huge collection of about 100 scriptures translated by Swami Jagadiswarananda Maharaj.&#160;This institution is always engaged in the work of strengthening the religious consciousness of religious women through this book.&#160;Here the initiates are helped to progress on the path of improvement in Sadhana through the practice of Sadhana through natural selection and mantra yoga.&#160;Besides, it is associated with several developmental activities throughout the year.&#160;Sri Ramakrishna Dharmachakra is another name for social and spiritual gathering of Hindus.</span>\"
    \"<span class=sf-dump-key>parampara_text_english</span>\" => \"<span class=sf-dump-str title=\"701 characters\">&lt;p&gt;&lt;strong&gt;&quot;O namobrahmadivyo brahmavidya sampada katribhyo vansho rishibhyo mahadhav namo gurubho&quot;&lt;/strong&gt;&lt;br /&gt;Lord Narayana first gave Brahmaji the knowledge of Brahmavidya, So Narayana is the founder of the Brahmavidya sect, Brahmaji is the second Guru in this Brahmavidya sect and among his 14 Manas-putras of there was Vasishtya.&lt;br /&gt;&lt;strong&gt;&quot;Kritya GuruBrahma Tretaya Rishisattam (Vasishtha) Dvapare vyasaabsaaklavatra bhamyaham &quot;&lt;/strong&gt;&lt;br /&gt;That is, Brahma was the Jagadguru in the Satya Yuga; Sage Vasishta in Treta Juga; In the Dapar Juga it was Krishna , Vyasa in Dvaipaya and Adi Shankaracharya the Jagadguru in this Kali Juga. This tradition and succession is our guru parampara.&lt;/p&gt;</span>\"
    \"<span class=sf-dump-key>footer_text_english</span>\" => \"<span class=sf-dump-str title=\"12 characters\">English Text</span>\"
    \"<span class=sf-dump-key>created_at</span>\" => <span class=sf-dump-const>null</span>
    \"<span class=sf-dump-key>updated_at</span>\" => \"<span class=sf-dump-str title=\"19 characters\">2023-07-20 15:10:54</span>\"
    \"<span class=sf-dump-key>footer_text</span>\" => \"<span class=sf-dump-str title=\"448 characters\">&#8220; &#2472;&#2494;&#2480;&#2494;&#2527;&#2467;&#2434; &#2474;&#2470;&#2509;&#2478;&#2477;&#2476;&#2434; &#2476;&#2486;&#2495;&#2487;&#2509;&#2464; &#2486;&#2453;&#2509;&#2468;&#2495;&#2462;&#2509;&#2458; &#2468;&#2510;&#2474;&#2497;&#2468;&#2509;&#2480; &#2474;&#2480;&#2494;&#2486;&#2480;&#2462;&#2509;&#2458;&#160;&#2476;&#2509;&#2479;&#2494;&#2488;&#2434; &#2486;&#2497;&#2453;&#2434; &#2455;&#2508;&#2480; &#2474;&#2494;&#2470;&#2434; &#2478;&#2489;&#2494;&#2472;&#2509;&#2468;&#2434; &#2455;&#2507;&#2476;&#2495;&#2472;&#2509;&#2470; &#2479;&#2507;&#2455;&#2495;&#2470;&#2509;&#2480;&#2478;&#2469;&#2494;&#2488;&#2509;&#2479; &#2486;&#2495;&#2487;&#2509;&#2479;&#2478;&#2509; &#2486;&#2509;&#2480;&#2496; &#2486;&#2457;&#2509;&#2453;&#2480;&#2494;&#2458;&#2494;&#2480;&#2509;&#2479;&#2509;&#2479; &#2478;&#2469;&#2494;&#2488;&#2509;&#2479; &#2474;&#2470;&#2509;&#2478;&#2474;&#2494;&#2470;&#2462;&#2509;&#2458; &#2489;&#2488;&#2509;&#2468;&#2494;&#2478;&#2482;&#2453;&#2434; &#2458; &#2486;&#2495;&#2487;&#2509;&#2479;&#2478;&#2509;&#2404;&#160;&#2468;&#2472;&#2509;&#2470;&#2509;&#2480;&#2507;&#2463;&#2453;&#2434; &#2476;&#2494;&#2480;&#2509;&#2468;&#2495;&#2453;&#2453;&#2494;&#2480;&#2478;&#2472;&#2509;&#2479;&#2494;&#2472; &#2437;&#2488;&#2509;&#2478;&#2470; &#2455;&#2497;&#2480;&#2497;&#2472; &#2488;&#2472;&#2509;&#2468;&#2468; &#2478;&#2494;&#2468;&#2507;&#2489;&#2488;&#2509;&#2478;&#2495;&#2404;&#160;&#2486;&#2509;&#2480;&#2497;&#2468;&#2495; &#2488;&#2509;&#2478;&#2499;&#2468;&#2495;&#2474;&#2497;&#2480;&#2494;&#2467;&#2494;&#2472;&#2494;&#2478;&#2494;&#2482;&#2527;&#2434; &#2453;&#2480;&#2497;&#2467;&#2494;&#2482;&#2527;&#2434;&#2404;&#2472;&#2478;&#2494;&#2478;&#2495; &#2477;&#2455;&#2476;&#2510;&#2474;&#2494;&#2470;&#2434; &#2486;&#2457;&#2509;&#2453;&#2480;&#2434; &#2482;&#2507;&#2453;&#2486;&#2457;&#2509;&#2453;&#2480;&#2478;&#2509;&#2404;&#160;&#2488;&#2498;&#2468;&#2509;&#2480;&#2477;&#2494;&#2488;&#2509;&#2479;&#2453;&#2499;&#2468;&#2508; &#2476;&#2472;&#2509;&#2470;&#2503; &#2477;&#2455;&#2476;&#2472;&#2509;&#2468;&#2508; &#2474;&#2497;&#2472;&#2435; &#2474;&#2497;&#2472;&#2435; &#2440;&#2486;&#2509;&#2476;&#2480;&#2507; &#2455;&#2497;&#2480;&#2497;&#2480;&#2494;&#2468;&#2509;&#2478;&#2503;&#2468;&#2495; &#2478;&#2498;&#2480;&#2509;&#2468;&#2509;&#2468;&#2495;&#2477;&#2503;&#2470;&#2494; &#2476;&#2495;&#2477;&#2494;&#2455;&#2495;&#2472;&#2503; &#2476;&#2509;&#2479;&#2507;&#2478;&#2476;&#2510; &#2476;&#2509;&#2479;&#2494;&#2474;&#2509;&#2468; &#2470;&#2503;&#2489;&#2494;&#2527; &#2470;&#2453;&#2509;&#2487;&#2495;&#2467;&#2494;&#2478;&#2498;&#2480;&#2509;&#2468;&#2527;&#2503; &#2472;&#2478;&#2435;&#2404; &#8221; &#2439;&#2468;&#2495; &#2455;&#2497;&#2480;&#2497;&#2474;&#2480;&#2478;&#2509;&#2474;&#2480;&#2494; &#2488;&#2509;&#2468;&#2509;&#2480;&#2507;&#2468;&#2509;&#2480;&#2478;&#2509;&#2404;</span>\"
    \"<span class=sf-dump-key>facebook_link</span>\" => \"<span class=sf-dump-str title=\"25 characters\">https://www.facebook.com/</span>\"
    \"<span class=sf-dump-key>youtube_link</span>\" => \"<span class=sf-dump-str title=\"24 characters\">https://www.youtube.com/</span>\"
    \"<span class=sf-dump-key>twitter_link</span>\" => <span class=sf-dump-const>null</span>
    \"<span class=sf-dump-key>address</span>\" => \"<span class=sf-dump-str title=\"113 characters\">&lt;strong&gt;&#2486;&#2509;&#2480;&#2496; &#2480;&#2494;&#2478;&#2453;&#2499;&#2487;&#2509;&#2467; &#2471;&#2480;&#2509;&#2478; &#2458;&#2453;&#2509;&#2480;&lt;/strong&gt;&lt;br /&gt;&#2536;&#2535;&#2535; &#2447;, &#2455;&#2495;&#2480;&#2495;&#2486; &#2456;&#2507;&#2487; &#2480;&#2507;&#2465;, &#2476;&#2503;&#2482;&#2497;&#2524;&lt;br /&gt;&#2474;&#2495;&#2451;- &#2476;&#2503;&#2482;&#2497;&#2524;&#2478;&#2464;,&lt;br /&gt;&#2489;&#2494;&#2451;&#2465;&#2492;&#2494; -&#2541;&#2535;&#2535;&#2535;&#2536;0&#2536;</span>\"
    \"<span class=sf-dump-key>address_english</span>\" => \"<span class=sf-dump-str title=\"109 characters\">Sri Ramakrishna Dharmachakra&lt;br /&gt;211 A, Girish Ghosh Road,&lt;br /&gt;Belur, P.O.- Belurmath,&lt;br /&gt;Howrah -7111202</span>\"
    \"<span class=sf-dump-key>email</span>\" => \"<span class=sf-dump-str title=\"32 characters\">ramkrishnadharmachakra@gmail.com</span>\"
    \"<span class=sf-dump-key>phone_one</span>\" => \"<span class=sf-dump-str title=\"13 characters\">+913326548075</span>\"
    \"<span class=sf-dump-key>phone_two</span>\" => \"<span class=sf-dump-str title=\"13 characters\">+919830043596</span>\"
    \"<span class=sf-dump-key>phone_three</span>\" => \"<span class=sf-dump-str title=\"13 characters\">+919804473647</span>\"
    \"<span class=sf-dump-key>phone_one_bengali</span>\" => \"<span class=sf-dump-str title=\"13 characters\">+&#2543;&#2535;&#2537;&#2537;&#2536;&#2540;&#2539;&#2538;&#2542;0&#2541;&#2539;</span>\"
    \"<span class=sf-dump-key>phone_two_bengali</span>\" => \"<span class=sf-dump-str title=\"13 characters\">+&#2543;&#2535;&#2543;&#2542;&#2537;00&#2538;&#2537;&#2539;&#2543;&#2540;</span>\"
    \"<span class=sf-dump-key>phone_three_bengali</span>\" => \"<span class=sf-dump-str title=\"14 characters\">+&#2543;&#2535;&#2543;&#2542;0&#2538;&#2538;&#2541;&#2537;&#2540;&#2538;&#2541;,</span>\"
    \"<span class=sf-dump-key>instagram_link</span>\" => <span class=sf-dump-const>null</span>
  </samp>]
  #<span class=sf-dump-protected title=\"Protected property\">original</span>: <span class=sf-dump-note>array:30</span> [<samp data-depth=2 class=sf-dump-compact>
    \"<span class=sf-dump-key>id</span>\" => <span class=sf-dump-num>1</span>
    \"<span class=sf-dump-key>image</span>\" => \"<span class=sf-dump-str title=\"19 characters\">1685509782-1603.jpg</span>\"
    \"<span class=sf-dump-key>description</span>\" => \"<span class=sf-dump-str title=\"513 characters\">&amp;lt;p&amp;gt;&#8220; &#2472;&#2494;&#2480;&#2494;&#2527;&#2467;&#2434; &#2474;&#2470;&#2509;&#2478;&#2477;&#2476;&#2434; &#2476;&#2486;&#2495;&#2487;&#2509;&#2464; &#2486;&#2453;&#2509;&#2468;&#2495;&#2462;&#2509;&#2458; &#2468;&#2510;&#2474;&#2497;&#2468;&#2509;&#2480; &#2474;&#2480;&#2494;&#2486;&#2480;&#2462;&#2509;&#2458;&lt;br /&gt;&#2476;&#2509;&#2479;&#2494;&#2488;&#2434; &#2486;&#2497;&#2453;&#2434; &#2455;&#2508;&#2480; &#2474;&#2494;&#2470;&#2434; &#2478;&#2489;&#2494;&#2472;&#2509;&#2468;&#2434; &#2455;&#2507;&#2476;&#2495;&#2472;&#2509;&#2470; &#2479;&#2507;&#2455;&#2495;&#2470;&#2509;&#2480;&#2478;&#2469;&#2494;&#2488;&#2509;&#2479; &#2486;&#2495;&#2487;&#2509;&#2479;&#2478;&#2509;&lt;br /&gt;&#2486;&#2509;&#2480;&#2496; &#2486;&#2457;&#2509;&#2453;&#2480;&#2494;&#2458;&#2494;&#2480;&#2509;&#2479;&#2509;&#2479; &#2478;&#2469;&#2494;&#2488;&#2509;&#2479; &#2474;&#2470;&#2509;&#2478;&#2474;&#2494;&#2470;&#2462;&#2509;&#2458; &#2489;&#2488;&#2509;&#2468;&#2494;&#2478;&#2482;&#2453;&#2434; &#2458; &#2486;&#2495;&#2487;&#2509;&#2479;&#2478;&#2509;&#2404;&lt;br /&gt;&#2468;&#2472;&#2509;&#2470;&#2509;&#2480;&#2507;&#2463;&#2453;&#2434; &#2476;&#2494;&#2480;&#2509;&#2468;&#2495;&#2453;&#2453;&#2494;&#2480;&#2478;&#2472;&#2509;&#2479;&#2494;&#2472; &#2437;&#2488;&#2509;&#2478;&#2470; &#2455;&#2497;&#2480;&#2497;&#2472; &#2488;&#2472;&#2509;&#2468;&#2468; &#2478;&#2494;&#2468;&#2507;&#2489;&#2488;&#2509;&#2478;&#2495;&#2404;&lt;br /&gt;&#2486;&#2509;&#2480;&#2497;&#2468;&#2495; &#2488;&#2509;&#2478;&#2499;&#2468;&#2495;&#2474;&#2497;&#2480;&#2494;&#2467;&#2494;&#2472;&#2494;&#2478;&#2494;&#2482;&#2527;&#2434; &#2453;&#2480;&#2497;&#2467;&#2494;&#2482;&#2527;&#2434;&#2404;&lt;br /&gt;&#2472;&#2478;&#2494;&#2478;&#2495; &#2477;&#2455;&#2476;&#2510;&#2474;&#2494;&#2470;&#2434; &#2486;&#2457;&#2509;&#2453;&#2480;&#2434; &#2482;&#2507;&#2453;&#2486;&#2457;&#2509;&#2453;&#2480;&#2478;&#2509;&#2404;&lt;br /&gt;&#2488;&#2498;&#2468;&#2509;&#2480;&#2477;&#2494;&#2488;&#2509;&#2479;&#2453;&#2499;&#2468;&#2508; &#2476;&#2472;&#2509;&#2470;&#2503; &#2477;&#2455;&#2476;&#2472;&#2509;&#2468;&#2508; &#2474;&#2497;&#2472;&#2435; &#2474;&#2497;&#2472;&#2435;&lt;br /&gt;&#2440;&#2486;&#2509;&#2476;&#2480;&#2507; &#2455;&#2497;&#2480;&#2497;&#2480;&#2494;&#2468;&#2509;&#2478;&#2503;&#2468;&#2495; &#2478;&#2498;&#2480;&#2509;&#2468;&#2509;&#2468;&#2495;&#2477;&#2503;&#2470;&#2494; &#2476;&#2495;&#2477;&#2494;&#2455;&#2495;&#2472;&#2503;&lt;br /&gt;&#2476;&#2509;&#2479;&#2507;&#2478;&#2476;&#2510; &#2476;&#2509;&#2479;&#2494;&#2474;&#2509;&#2468; &#2470;&#2503;&#2489;&#2494;&#2527; &#2470;&#2453;&#2509;&#2487;&#2495;&#2467;&#2494;&#2478;&#2498;&#2480;&#2509;&#2468;&#2527;&#2503; &#2472;&#2478;&#2435;&#2404; &#8221;&lt;br /&gt;&#2439;&#2468;&#2495; &#2455;&#2497;&#2480;&#2497;&#2474;&#2480;&#2478;&#2509;&#2474;&#2480;&#2494; &#2488;&#2509;&#2468;&#2509;&#2480;&#2507;&#2468;&#2509;&#2480;&#2478;&#2509;&#2404;&amp;lt;/p&amp;gt;</span>\"
    \"<span class=sf-dump-key>donate_description</span>\" => \"\"\"
      <span class=sf-dump-str title=\"1430 characters\">&#2486;&#2509;&#2480;&#2496;&#2480;&#2494;&#2478;&#2453;&#2499;&#2487;&#2509;&#2467; &#2471;&#2480;&#2509;&#2478;&#2458;&#2453;&#2509;&#2480;&#2503;&#2480; &#2474;&#2509;&#2480;&#2468;&#2495;&#2487;&#2509;&#2464;&#2494;&#2468;&#2494; &#2476;&#2509;&#2480;&#2489;&#2509;&#2478;&#2482;&#2496;&#2472; &#2488;&#2509;&#2476;&#2494;&#2478;&#2496; &#2460;&#2455;&#2470;&#2496;&#2486;&#2509;&#2476;&#2480;&#2494;&#2472;&#2472;&#2509;&#2470; &#2478;&#2489;&#2494;&#2480;&#2494;&#2460; &#2459;&#2495;&#2482;&#2503;&#2472; &#2447;&#2453;&#2460;&#2472; &#2488;&#2480;&#2509;&#2476;&#2468;&#2509;&#2479;&#2494;&#2455;&#2496; &#2488;&#2472;&#2509;&#2472;&#2509;&#2479;&#2494;&#2488;&#2496;&#2404; &#2489;&#2495;&#2472;&#2509;&#2470;&#2497;&#2471;&#2480;&#2509;&#2478;&#2503;&#2480; &#2476;&#2509;&#2479;&#2453;&#2509;&#2468;&#2495;, &#2476;&#2504;&#2470;&#2495;&#2453; &#2488;&#2494;&#2471;&#2472; &#2451; &#2438;&#2458;&#2494;&#2480;&#2476;&#2495;&#2471;&#2495; &#2451; &#2486;&#2509;&#2480;&#2496;&#2480;&#2494;&#2478;&#2453;&#2499;&#2487;&#2509;&#2467; &#2474;&#2480;&#2478;&#2489;&#2434;&#2488;&#2503;&#2480; &#2474;&#2480;&#2478;&#2509;&#2474;&#2480;&#2494; &#2451; &#2471;&#2480;&#2509;&#2478;&#2494;&#2458;&#2494;&#2480;&#2467;&#2503;&#2480; &#2474;&#2509;&#2480;&#2488;&#2494;&#2480; &#2456;&#2463;&#2494;&#2472;&#2507;&#2480; &#2460;&#2472;&#2509;&#2479; &#2453;&#2495;&#2459;&#2497; &#2488;&#2489;&#2499;&#2470;&#2479;&#2492; &#2477;&#2453;&#2509;&#2468;&#2503;&#2480; &#2438;&#2480;&#2509;&#2469;&#2495;&#2453; &#2488;&#2494;&#2489;&#2494;&#2479;&#2509;&#2479;, &#2453;&#2494;&#2479;&#2492;&#2495;&#2453; &#2486;&#2509;&#2480;&#2478; &#2451; &#2437;&#2472;&#2497;&#2474;&#2509;&#2480;&#2503;&#2480;&#2467;&#2494;&#2479;&#2492; &#2437;&#2468;&#2495; &#2453;&#2487;&#2509;&#2463;&#2503; &#2468;&#2495;&#2472;&#2495; &#2455;&#2465;&#2492;&#2503; &#2468;&#2497;&#2482;&#2503;&#2459;&#2495;&#2482;&#2503;&#2472; &#2447;&#2439; &#2474;&#2509;&#2480;&#2468;&#2495;&#2487;&#2509;&#2464;&#2494;&#2472;&#2404; &#2455;&#2497;&#2480;&#2497; &#2478;&#2489;&#2494;&#2480;&#2494;&#2460;&#2503;&#2480; &#2472;&#2496;&#2468;&#2495; &#2451; &#2477;&#2494;&#2476;&#2471;&#2494;&#2480;&#2494; &#2437;&#2472;&#2497;&#2488;&#2480;&#2467; &#2453;&#2480;&#2503; &#2474;&#2480;&#2476;&#2480;&#2509;&#2468;&#2496;&#2453;&#2494;&#2482;&#2503; &#2468;&#2494;&#2433;&#2480; &#2470;&#2496;&#2453;&#2509;&#2487;&#2495;&#2468; &#2438;&#2486;&#2509;&#2480;&#2478;&#2476;&#2494;&#2488;&#2496; &#2488;&#2472;&#2509;&#2472;&#2509;&#2479;&#2494;&#2488;&#2496; &#2451; &#2488;&#2472;&#2509;&#2472;&#2509;&#2479;&#2494;&#2488;&#2495;&#2472;&#2496;&#2480;&#2494; &#2453;&#2464;&#2507;&#2480; &#2488;&#2472;&#2509;&#2472;&#2509;&#2479;&#2494;&#2488;&#2476;&#2509;&#2480;&#2468; &#2474;&#2494;&#2482;&#2472; &#2453;&#2480;&#2503; &#2458;&#2482;&#2503;&#2459;&#2503;&#2472;&#2404; &#2476;&#2489;&#2497; &#2468;&#2469;&#2494;&#2453;&#2469;&#2495;&#2468; &#2471;&#2480;&#2509;&#2478;&#2474;&#2509;&#2480;&#2468;&#2495;&#2487;&#2509;&#2464;&#2494;&#2472;&#2503;&#2480; &#2478;&#2468; &#2447;&#2454;&#2494;&#2472;&#2503; &#2471;&#2480;&#2509;&#2478;&#2503;&#2480; &#2476;&#2495;&#2472;&#2495;&#2478;&#2479;&#2492;&#2503; &#2437;&#2480;&#2509;&#2469; &#2441;&#2474;&#2494;&#2480;&#2509;&#2460;&#2472; &#2453;&#2480;&#2494; &#2489;&#2479;&#2492; &#2472;&#2494;&#2404; &#2447;&#2463;&#2495; &#2453;&#2464;&#2507;&#2480;&#2477;&#2494;&#2476;&#2503; &#2455;&#2497;&#2480;&#2497; &#2478;&#2489;&#2494;&#2480;&#2494;&#2460;&#2503;&#2480; &#2472;&#2496;&#2468;&#2495;&#2476;&#2495;&#2480;&#2497;&#2470;&#2509;&#2471; &#2459;&#2495;&#2482;&#2404; &#2453;&#2495;&#2472;&#2509;&#2468;&#2497; &#2476;&#2494;&#2488;&#2509;&#2468;&#2476; &#2447;&#2463;&#2494;&#2439; &#2479;&#2503; &#2476;&#2480;&#2509;&#2468;&#2478;&#2494;&#2472; &#2478;&#2498;&#2482;&#2509;&#2479;&#2476;&#2499;&#2470;&#2509;&#2471;&#2495; &#2451; &#2476;&#2509;&#2479;&#2494;&#2479;&#2492;&#2476;&#2494;&#2489;&#2497;&#2482;&#2509;&#2479;&#2503;&#2480; &#2453;&#2494;&#2480;&#2467;&#2503; &#2438;&#2486;&#2509;&#2480;&#2478;&#2476;&#2494;&#2488;&#2496;&#2470;&#2503;&#2480; &#2460;&#2496;&#2476;&#2472;&#2479;&#2494;&#2474;&#2472;, &#2474;&#2509;&#2480;&#2468;&#2495;&#2487;&#2509;&#2464;&#2495;&#2468; &#2488;&#2453;&#2482; &#2470;&#2503;&#2476;&#2470;&#2503;&#2476;&#2496;&#2470;&#2503;&#2480; &#2472;&#2495;&#2468;&#2509;&#2479;&#2488;&#2503;&#2476;&#2494; &#2451; &#2438;&#2486;&#2509;&#2480;&#2478; &#2480;&#2453;&#2509;&#2487;&#2467;&#2494;&#2476;&#2503;&#2453;&#2509;&#2487;&#2467;&#2503;&#2480; &#2460;&#2472;&#2509;&#2479; &#2472;&#2509;&#2479;&#2497;&#2472;&#2468;&#2478; &#2437;&#2480;&#2509;&#2469;&#2503;&#2480; &#2479;&#2503; &#2474;&#2509;&#2480;&#2479;&#2492;&#2507;&#2460;&#2472;&#2496;&#2479;&#2492;&#2468;&#2494; &#2438;&#2459;&#2503; &#2468;&#2494; &#2437;&#2472;&#2488;&#2509;&#2476;&#2496;&#2453;&#2494;&#2480;&#2509;&#2479;&#2404;<span class=\"sf-dump-default sf-dump-ns\">\\r\\n</span></span>
      <span class=sf-dump-str title=\"1430 characters\">&#2474;&#2497;&#2480;&#2494;&#2467;&#2494;&#2470;&#2495; &#2486;&#2494;&#2488;&#2509;&#2468;&#2509;&#2480;&#2503; &#2441;&#2482;&#2509;&#2482;&#2503;&#2454; &#2438;&#2459;&#2503; &#039;&#2470;&#2494;&#2472;&#039; &#2471;&#2480;&#2509;&#2478;&#2494;&#2458;&#2494;&#2480;&#2467;&#2503;&#2480; &#2447;&#2453;&#2463;&#2495; &#2437;&#2457;&#2509;&#2455;, &#2468;&#2494;&#2439; &#2486;&#2509;&#2480;&#2496;&#2480;&#2494;&#2478;&#2453;&#2499;&#2487;&#2509;&#2467; &#2471;&#2480;&#2509;&#2478;&#2458;&#2453;&#2509;&#2480;&#2503;&#2480; &#2478;&#2497;&#2487;&#2509;&#2463;&#2495;&#2478;&#2503;&#2479;&#2492; &#2453;&#2495;&#2459;&#2497; &#2470;&#2496;&#2453;&#2509;&#2487;&#2495;&#2468; &#2488;&#2472;&#2509;&#2468;&#2494;&#2472; &#2447;&#2476;&#2434; &#2437;&#2472;&#2509;&#2479;&#2494;&#2472;&#2509;&#2479; &#2471;&#2480;&#2509;&#2478;&#2474;&#2495;&#2474;&#2494;&#2488;&#2497; &#2477;&#2453;&#2509;&#2468;&#2455;&#2467;&#2503;&#2480; &#2441;&#2474;&#2480; &#2470;&#2494;&#2479;&#2492;&#2495;&#2468;&#2509;&#2476; &#2476;&#2480;&#2509;&#2468;&#2494;&#2479;&#2492; -- &#2472;&#2509;&#2479;&#2497;&#2472;&#2468;&#2478;, &#2488;&#2509;&#2476;&#2504;&#2458;&#2509;&#2459;&#2495;&#2453; &#2437;&#2480;&#2509;&#2469;&#2470;&#2494;&#2472;&#2503;&#2480; &#2478;&#2494;&#2471;&#2509;&#2479;&#2478;&#2503; &#2489;&#2495;&#2472;&#2509;&#2470;&#2497;&#2471;&#2480;&#2509;&#2478;&#2503;&#2480; &#2471;&#2509;&#2476;&#2460;&#2494;&#2471;&#2494;&#2480;&#2496; &#2447;&#2439; &#2474;&#2509;&#2480;&#2468;&#2495;&#2487;&#2509;&#2464;&#2494;&#2472;&#2503;&#2480; &#2437;&#2488;&#2509;&#2468;&#2495;&#2468;&#2509;&#2476; &#2480;&#2453;&#2509;&#2487;&#2494; &#2453;&#2480;&#2494;&#2480;&#2404; &#2468;&#2494;&#2439; &#2488;&#2453;&#2482;&#2503;&#2480; &#2453;&#2494;&#2459;&#2503; &#2437;&#2472;&#2497;&#2480;&#2507;&#2471; &#2447;&#2439; &#2479;&#2503;, &#2438;&#2474;&#2472;&#2494;&#2480;&#2494; &#2472;&#2495;&#2480;&#2509;&#2470;&#2509;&#2476;&#2495;&#2471;&#2494;&#2479;&#2492; &#2451; &#2488;&#2509;&#2476;&#2503;&#2458;&#2509;&#2459;&#2494;&#2479;&#2492; &#2438;&#2474;&#2472;&#2494;&#2470;&#2503;&#2480; &#2488;&#2494;&#2478;&#2480;&#2509;&#2469;&#2509;&#2479; &#2437;&#2472;&#2497;&#2479;&#2494;&#2479;&#2492;&#2496; &#2447;&#2439; &#2474;&#2509;&#2480;&#2468;&#2495;&#2487;&#2509;&#2464;&#2494;&#2472;&#2503;&#2480; &#2441;&#2472;&#2509;&#2472;&#2468;&#2495;&#2453;&#2482;&#2509;&#2474;&#2503; &#2451; &#2438;&#2486;&#2509;&#2480;&#2478;&#2476;&#2494;&#2488;&#2496;&#2470;&#2503;&#2480; &#2460;&#2496;&#2476;&#2472;&#2471;&#2494;&#2480;&#2467;&#2503;&#2480; &#2460;&#2472;&#2509;&#2479; &#2474;&#2509;&#2480;&#2479;&#2492;&#2507;&#2460;&#2472;&#2496;&#2479;&#2492; &#2438;&#2480;&#2509;&#2469;&#2495;&#2453; &#2437;&#2472;&#2497;&#2470;&#2494;&#2472; &#2453;&#2480;&#2497;&#2472;&#2404; &#2438;&#2474;&#2472;&#2494;&#2480;&#2494; Money Transfer &#2447;&#2480; &#2478;&#2494;&#2471;&#2509;&#2479;&#2478;&#2503; &#2472;&#2495;&#2478;&#2509;&#2472;&#2507;&#2453;&#2509;&#2468; &#2476;&#2495;&#2476;&#2480;&#2467; &#2437;&#2472;&#2497;&#2479;&#2494;&#2479;&#2492;&#2496; &#2437;&#2480;&#2509;&#2469;&#2470;&#2494;&#2472; &#2453;&#2480;&#2468;&#2503; &#2474;&#2494;&#2480;&#2503;&#2472;.&lt;/br&gt;<span class=\"sf-dump-default sf-dump-ns\">\\r\\n</span></span>
      <span class=sf-dump-str title=\"1430 characters\">&lt;b&gt;Sri Ramkrishna Dharma Chakra&lt;/b&gt;&lt;/br&gt;<span class=\"sf-dump-default sf-dump-ns\">\\r\\n</span></span>
      <span class=sf-dump-str title=\"1430 characters\">&lt;b&gt;SBI A/C - 11310916735 &lt;/b&gt;&lt;/br&gt;<span class=\"sf-dump-default sf-dump-ns\">\\r\\n</span></span>
      <span class=sf-dump-str title=\"1430 characters\">&lt;b&gt;SBIN0004640 (IFSC)&lt;/b&gt;&lt;/br&gt;</span>
      \"\"\"
    \"<span class=sf-dump-key>donate_image</span>\" => \"<span class=sf-dump-str title=\"19 characters\">1673342173-1444.jpg</span>\"
    \"<span class=sf-dump-key>welcome_heading</span>\" => \"<span class=sf-dump-str title=\"32 characters\">&#2488;&#2497;&#2488;&#2509;&#2476;&#2494;&#2455;&#2468;&#2478;&#2509; &#2486;&#2509;&#2480;&#2496;&#2480;&#2494;&#2478;&#2453;&#2499;&#2487;&#2509;&#2467; &#2471;&#2480;&#2509;&#2478;&#2458;&#2453;&#2509;&#2480;</span>\"
    \"<span class=sf-dump-key>welcome_description</span>\" => \"<span class=sf-dump-str title=\"1297 characters\">&lt;strong&gt;&#2536;&#2535;&#2535;&#2447;, &#2455;&#2495;&#2480;&#2495;&#2486; &#2456;&#2507;&#2487; &#2480;&#2507;&#2465;&#160;&lt;/strong&gt;&lt;strong&gt;&#2474;&#2507; : &#2476;&#2503;&#2482;&#2497;&#2465;&#2492;&#2478;&#2464;, &#2489;&#2494;&#2451;&#2465;&#2492;&#2494;, &#2474;&#2495;&#2472;-&#2541;&#2535;&#2535;&#2536;&#2534;&#2536; &#2475;&#2507;&#2472;-&#2543;&#2542;&#2537;&#2534;&#2534;&#2538;&#2537;&#2539;&#2543;&#2540;&lt;br /&gt;&lt;/strong&gt;&lt;br /&gt;&#2486;&#2509;&#2480;&#2496;&#2480;&#2494;&#2478;&#2453;&#2499;&#2487;&#2509;&#2467; &#2471;&#2480;&#2509;&#2478;&#2458;&#2453;&#2509;&#2480; &#2477;&#2494;&#2480;&#2468;&#2476;&#2480;&#2509;&#2487;&#2503;&#2480; &#2438;&#2471;&#2509;&#2479;&#2494;&#2468;&#2509;&#2478;&#2495;&#2453; &#2438;&#2453;&#2494;&#2486;&#2503; &#2447;&#2453; &#2441;&#2460;&#2509;&#2460;&#2509;&#2476;&#2482; &#2472;&#2453;&#2509;&#2487;&#2468;&#2509;&#2480;&#2404; &#2447;&#2439; &#2471;&#2480;&#2509;&#2478; &#2474;&#2509;&#2480;&#2468;&#2495;&#2487;&#2509;&#2464;&#2494;&#2472; &#2476;&#2509;&#2480;&#2489;&#2509;&#2478;&#2482;&#2496;&#2472; &#2488;&#2509;&#2476;&#2494;&#2478;&#2496; &#2460;&#2455;&#2470;&#2496;&#2486;&#2509;&#2476;&#2480;&#2494;&#2472;&#2472;&#2509;&#2470; &#2478;&#2489;&#2494;&#2480;&#2494;&#2460;&#2503;&#2480; &#2448;&#2453;&#2494;&#2472;&#2509;&#2468;&#2495;&#2453; &#2474;&#2509;&#2480;&#2458;&#2503;&#2487;&#2509;&#2463;&#2494;&#2479;&#2492; &#2535;&#2543;&#2539;&#2539; &#2454;&#2499;&#2487;&#2509;&#2463;&#2494;&#2476;&#2509;&#2470;(&#2535;&#2537;&#2540;&#2536; &#2488;&#2494;&#2482;&#2503;&#2480;) &#2475;&#2494;&#2482;&#2509;&#2455;&#2497;&#2472; &#2478;&#2494;&#2488;&#2503; &#2474;&#2509;&#2480;&#2468;&#2495;&#2487;&#2509;&#2464;&#2494; &#2489;&#2479;&#2492;&#2404;&lt;br /&gt;&lt;br /&gt;&#2488;&#2509;&#2476;&#2494;&#2478;&#2496; &#2460;&#2455;&#2470;&#2496;&#2486;&#2509;&#2476;&#2480;&#2494;&#2472;&#2472;&#2509;&#2470; &#2478;&#2489;&#2494;&#2480;&#2494;&#2460;&#2503;&#2480; &#2478;&#2489;&#2494;&#2474;&#2509;&#2480;&#2479;&#2492;&#2494;&#2467;&#2503;&#2480; &#2474;&#2480; &#2468;&#2494;&#2433;&#2480; &#2488;&#2497;&#2479;&#2507;&#2455;&#2509;&#2479;&#2494; &#2486;&#2495;&#2487;&#2509;&#2479;&#2494; &#2474;&#2509;&#2480;&#2476;&#2509;&#2480;&#2494;&#2460;&#2495;&#2453;&#2494; &#2478;&#2489;&#2494;&#2455;&#2508;&#2480;&#2496; &#2488;&#2480;&#2488;&#2509;&#2476;&#2468;&#2496; &#2470;&#2453;&#2509;&#2487; &#2489;&#2494;&#2468;&#2503; &#2447;&#2439; &#2474;&#2509;&#2480;&#2468;&#2495;&#2487;&#2509;&#2464;&#2494;&#2472;&#2503;&#2480; &#2488;&#2478;&#2488;&#2509;&#2468; &#2455;&#2497;&#2480;&#2497;&#2477;&#2494;&#2476; &#2476;&#2489;&#2472; &#2453;&#2480;&#2503;&#2472;&#2404; &#2474;&#2509;&#2480;&#2476;&#2509;&#2480;&#2494;&#2460;&#2495;&#2453;&#2494; &#2478;&#2489;&#2494;&#2455;&#2508;&#2480;&#2496; &#2488;&#2480;&#2488;&#2509;&#2476;&#2468;&#2496;&#2480; &#2478;&#2489;&#2494;&#2474;&#2509;&#2480;&#2479;&#2492;&#2494;&#2467;&#2503;&#2480; &#2474;&#2480; &#2468;&#2494;&#2433;&#2480; &#2478;&#2472;&#2507;&#2472;&#2496;&#2468; &#2455;&#2497;&#2480;&#2497;&#2477;&#2494;&#2439; &#2488;&#2509;&#2476;&#2494;&#2478;&#2496; &#2476;&#2495;&#2486;&#2497;&#2470;&#2509;&#2471;&#2494;&#2472;&#2472;&#2509;&#2470; &#2488;&#2480;&#2488;&#2509;&#2476;&#2468;&#2496;&#2460;&#2496; &#2478;&#2489;&#2494;&#2480;&#2494;&#2460; &#2474;&#2509;&#2480;&#2468;&#2495;&#2487;&#2509;&#2464;&#2494;&#2472;&#2503;&#2480; &#2438;&#2458;&#2494;&#2480;&#2509;&#2479;&#2509;&#2479; &#2480;&#2498;&#2474;&#2503; &#2455;&#2497;&#2480;&#2497; &#2477;&#2494;&#2480; &#2455;&#2509;&#2480;&#2489;&#2467; &#2453;&#2480;&#2503;&#2472;&#2404;&lt;br /&gt;&lt;br /&gt;&#2486;&#2509;&#2480;&#2496;&#2480;&#2494;&#2478;&#2453;&#2499;&#2487;&#2509;&#2467; &#2471;&#2480;&#2509;&#2478;&#2458;&#2453;&#2509;&#2480; &#2438;&#2486;&#2509;&#2480;&#2478;&#2503; &#2535;&#2543;&#2540;&#2535; &#2454;&#2499;&#2487;&#2509;&#2463;&#2494;&#2476;&#2509;&#2470;&#2503; &#2474;&#2498;&#2480;&#2509;&#2476;&#2477;&#2494;&#2480;&#2468;&#2503; &#2474;&#2509;&#2480;&#2469;&#2478; &#2453;&#2482;&#2509;&#2453;&#2495; &#2478;&#2472;&#2509;&#2470;&#2495;&#2480; &#2474;&#2509;&#2480;&#2468;&#2495;&#2487;&#2509;&#2464;&#2494; &#2489;&#2479;&#2492;&#2404; &#2470;&#2504;&#2476;&#2472;&#2495;&#2480;&#2509;&#2470;&#2503;&#2486;&#2503; &#2488;&#2480;&#2509;&#2476;&#2474;&#2509;&#2480;&#2469;&#2478; &#2477;&#2455;&#2476;&#2494;&#2472; &#2476;&#2495;&#2487;&#2509;&#2467;&#2497;&#2480; &#2486;&#2503;&#2487; &#2437;&#2476;&#2468;&#2494;&#2480; &#2453;&#2482;&#2509;&#2453;&#2495; &#2470;&#2503;&#2476;&#2503;&#2480; &#2438;&#2455;&#2478;&#2472; &#2476;&#2494;&#2480;&#2509;&#2468;&#2494; &#2474;&#2509;&#2480;&#2458;&#2494;&#2480;&#2495;&#2468; &#2489;&#2479;&#2492;&#2404; &#2488;&#2509;&#2476;&#2494;&#2478;&#2496; &#2460;&#2455;&#2470;&#2496;&#2486;&#2509;&#2476;&#2480;&#2494;&#2472;&#2472;&#2509;&#2470; &#2478;&#2489;&#2494;&#2480;&#2494;&#2460; &#2470;&#2509;&#2476;&#2494;&#2480;&#2494; &#2437;&#2472;&#2498;&#2470;&#2495;&#2468; &#2474;&#2509;&#2480;&#2494;&#2479;&#2492; &#2535;&#2534;&#2534;&#2454;&#2494;&#2472;&#2494; &#2471;&#2480;&#2509;&#2478;&#2455;&#2509;&#2480;&#2472;&#2509;&#2469;&#2503;&#2480; &#2476;&#2495;&#2474;&#2497;&#2482; &#2488;&#2478;&#2509;&#2477;&#2494;&#2480;&#2404; &#2447;&#2439; &#2455;&#2509;&#2480;&#2472;&#2509;&#2469; &#2470;&#2509;&#2476;&#2494;&#2480;&#2494; &#2471;&#2480;&#2509;&#2478;&#2474;&#2509;&#2480;&#2494;&#2467; &#2472;&#2480;&#2472;&#2494;&#2480;&#2496;&#2455;&#2467;&#2503;&#2480; &#2471;&#2480;&#2509;&#2478;&#2458;&#2503;&#2468;&#2472;&#2494;&#2460;&#2494;&#2455;&#2480;&#2467; &#2471;&#2480;&#2509;&#2478;&#2460;&#2509;&#2462;&#2494;&#2472;&#2453;&#2503; &#2474;&#2480;&#2495;&#2474;&#2497;&#2487;&#2509;&#2463; &#2453;&#2480;&#2494;&#2480; &#2453;&#2494;&#2460;&#2503; &#2488;&#2470;&#2494; &#2476;&#2509;&#2544;&#2468;&#2496; &#2447;&#2439; &#2474;&#2509;&#2480;&#2468;&#2495;&#2487;&#2509;&#2464;&#2494;&#2472;&#2404; &#2447;&#2454;&#2494;&#2472;&#2503; &#2470;&#2496;&#2453;&#2509;&#2487;&#2494;&#2480;&#2509;&#2469;&#2496;&#2455;&#2467;&#2503;&#2480; &#2474;&#2509;&#2480;&#2453;&#2499;&#2468;&#2495;&#2455;&#2468; &#2439;&#2487;&#2509;&#2463;&#2472;&#2495;&#2480;&#2509;&#2476;&#2494;&#2458;&#2472; &#2451; &#2478;&#2472;&#2509;&#2468;&#2509;&#2480;&#2479;&#2507;&#2455;&#2503; &#2488;&#2494;&#2471;&#2472; &#2437;&#2472;&#2497;&#2486;&#2496;&#2482;&#2472;&#2503;&#2480; &#2470;&#2509;&#2476;&#2494;&#2480;&#2494; &#2488;&#2494;&#2471;&#2472;&#2503; &#2441;&#2472;&#2509;&#2472;&#2468;&#2495;&#2480; &#2474;&#2469;&#2503; &#2447;&#2455;&#2495;&#2479;&#2492;&#2503; &#2472;&#2495;&#2479;&#2492;&#2503; &#2479;&#2494;&#2451;&#2479;&#2492;&#2494;&#2480; &#2488;&#2489;&#2494;&#2479;&#2492;&#2468;&#2494; &#2453;&#2480;&#2494; &#2489;&#2479;&#2492;&#2404; &#2447;&#2459;&#2494;&#2465;&#2492;&#2494; &#2488;&#2494;&#2480;&#2494; &#2476;&#2459;&#2480; &#2476;&#2509;&#2479;&#2494;&#2474;&#2496; &#2476;&#2503;&#2486; &#2453;&#2495;&#2459;&#2497; &#2441;&#2472;&#2509;&#2472;&#2479;&#2492;&#2472; &#2478;&#2498;&#2482;&#2453; &#2453;&#2480;&#2509;&#2478;&#2453;&#2494;&#2472;&#2509;&#2465;&#2503;&#2480; &#2488;&#2457;&#2509;&#2455;&#2503; &#2479;&#2497;&#2453;&#2509;&#2468;&#2404; &#2489;&#2495;&#2472;&#2509;&#2470;&#2497; &#2471;&#2480;&#2509;&#2478; &#2476;&#2495;&#2486;&#2509;&#2476;&#2494;&#2488;&#2496; &#2488;&#2494;&#2478;&#2494;&#2460;&#2495;&#2453; &#2451; &#2438;&#2471;&#2509;&#2479;&#2494;&#2468;&#2509;&#2478;&#2495;&#2453; &#2478;&#2495;&#2482;&#2472; &#2453;&#2509;&#2487;&#2503;&#2468;&#2509;&#2480;&#2503;&#2480; &#2438;&#2480; &#2447;&#2453; &#2472;&#2494;&#2478; &#2486;&#2509;&#2480;&#2496;&#2480;&#2494;&#2478;&#2453;&#2499;&#2487;&#2509;&#2467; &#2471;&#2480;&#2509;&#2478;&#2458;&#2453;&#2509;&#2480;&#2404;</span>\"
    \"<span class=sf-dump-key>parampara_text</span>\" => \"<span class=sf-dump-str title=\"681 characters\">&lt;p&gt;&lt;strong&gt;&quot; &#2451;&#2433; &#2472;&#2478;&#2507; &#2476;&#2509;&#2480;&#2489;&#2509;&#2478;&#2494;&#2470;&#2495;&#2477;&#2509;&#2479;&#2507; &#2476;&#2509;&#2480;&#2489;&#2509;&#2478;&#2476;&#2495;&#2470;&#2509;&#2479;&#2494; &#2488;&#2478;&#2509;&#2474;&#2509;&#2480;&#2470;&#2494;&#2479;&#2492; &#2453;&#2468;&#2499;&#2477;&#2509;&#2479;&#2507; &#2476;&#2434;&#2486;&#2443;&#2487;&#2495;&#2477;&#2509;&#2479;&#2507; &#2478;&#2489;&#2470;&#2509;&#2477;&#2509;&#2479;&#2507; &#2472;&#2478;&#2507; &#2455;&#2497;&#2480;&#2497;&#2477;&#2509;&#2479;&#2507;&#2435;&#2404; &quot;&lt;/strong&gt;&lt;br /&gt;&lt;em&gt;&#2476;&#2509;&#2480;&#2489;&#2509;&#2478;&#2476;&#2495;&#2470;&#2509;&#2479;&#2494; &#2488;&#2478;&#2509;&#2474;&#2509;&#2480;&#2470;&#2494;&#2479;&#2492;&#2503;&#2480; &#2438;&#2470;&#2495;&#2455;&#2497;&#2480;&#2497; &#2477;&#2455;&#2476;&#2494;&#2472; &#2472;&#2494;&#2480;&#2494;&#2479;&#2492;&#2467; &#2476;&#2509;&#2480;&#2489;&#2509;&#2478;&#2494;&#2460;&#2495;&#2453;&#2503; &#2488;&#2480;&#2509;&#2476; &#2474;&#2509;&#2480;&#2469;&#2478; &#2447;&#2439; &#2476;&#2509;&#2480;&#2489;&#2509;&#2478;&#2476;&#2495;&#2470;&#2509;&#2479;&#2494;&#2480; &#2441;&#2474;&#2470;&#2503;&#2486; &#2453;&#2480;&#2503;&#2459;&#2495;&#2482;&#2503;&#2472;&#2404; &#2488;&#2497;&#2468;&#2480;&#2494;&#2434; &#2468;&#2495;&#2472;&#2495; &#2447;&#2439; &#2476;&#2509;&#2480;&#2489;&#2509;&#2478;&#2476;&#2495;&#2470;&#2509;&#2479;&#2494; &#2488;&#2478;&#2509;&#2474;&#2509;&#2480;&#2470;&#2494;&#2479;&#2492;&#2503; &#2470;&#2509;&#2476;&#2495;&#2468;&#2496;&#2479;&#2492; &#2455;&#2497;&#2480;&#2497; &#2468;&#2494;&#2480;&#2474;&#2480; &#2476;&#2509;&#2480;&#2489;&#2509;&#2478;&#2494;&#2480; &#2535;&#2538; &#2460;&#2472; &#2478;&#2494;&#2472;&#2488;&#2474;&#2497;&#2468;&#2509;&#2480;&#2503;&#2480; &#2478;&#2471;&#2509;&#2479;&#2503; &#2476;&#2486;&#2495;&#2487;&#2509;&#2464;&#2494;&#2470;&#2495;&#2443;&#2487;&#2495;&#2455;&#2467; &#2438;&#2459;&#2503;&#2472;&#2404;&#160;&lt;/em&gt;&lt;br /&gt;&lt;strong&gt;&quot; &#2453;&#2499;&#2468;&#2503; &#2476;&#2495;&#2486;&#2509;&#2476;&#2455;&#2497;&#2480;&#2497;&#2476;&#2509;&#2480;&#2489;&#2509;&#2478;&#2494; &#2468;&#2509;&#2480;&#2503;&#2468;&#2494;&#2479;&#2492;&#2494; &#2443;&#2487;&#2495;&#2488;&#2468;&#2509;&#2468;&#2478;&#2435; (&#2476;&#2486;&#2495;&#2487;&#2509;&#2464;)&lt;/strong&gt;&lt;br /&gt;&lt;strong&gt;&#2470;&#2509;&#2476;&#2494;&#2474;&#2480;&#2503; &#2476;&#2509;&#2479;&#2494;&#2488;&#2447;&#2476;&#2488;&#2509;&#2479;&#2494;&#2453;&#2482;&#2494;&#2476;&#2468;&#2509;&#2480; &#2477;&#2476;&#2494;&#2478;&#2509;&#2479;&#2489;&#2478; &#2551;&#2551; &quot;&lt;/strong&gt;&lt;br /&gt;&lt;em&gt;&#2437;&#2480;&#2509;&#2469;&#2494;&#2510; &#2488;&#2468;&#2509;&#2479;&#2479;&#2497;&#2455;&#2503; &#2476;&#2509;&#2480;&#2489;&#2509;&#2478;&#2494; &#2459;&#2495;&#2482;&#2503;&#2472; &#2460;&#2455;&#2470;&#2455;&#2497;&#2480;&#2497; ; &#2468;&#2509;&#2480;&#2503;&#2468;&#2494;&#2468;&#2503; &#2443;&#2487;&#2495; &#2476;&#2486;&#2495;&#2487;&#2509;&#2464; ; &#2470;&#2509;&#2476;&#2494;&#2474;&#2480;&#2503; &#2453;&#2499;&#2487;&#2509;&#2467; &#2470;&#2509;&#2476;&#2504;&#2474;&#2494;&#2479;&#2492;&#2472;&#2503; &#2476;&#2509;&#2479;&#2494;&#2488; &#2447;&#2476;&#2434; &#2453;&#2482;&#2495;&#2468;&#2503; &#2438;&#2470;&#2495; &#2486;&#2457;&#2509;&#2453;&#2480;&#2494;&#2458;&#2494;&#2480;&#2509;&#2479;&#2509;&#2479; &#2460;&#2455;&#2470;&#2455;&#2497;&#2480;&#2497; &#2480;&#2497;&#2474;&#2503; &#2459;&#2495;&#2482;&#2503;&#2472;&#2404; &#2447;&#2439; &#2488;&#2472;&#2494;&#2468;&#2472; &#2474;&#2480;&#2478;&#2509;&#2474;&#2480;&#2494;&#2439; &#2438;&#2478;&#2494;&#2470;&#2503;&#2480; &#2455;&#2497;&#2480;&#2497; &#2474;&#2480;&#2478;&#2509;&#2474;&#2480;&#2494;&#2404;&#160;&lt;/em&gt;&lt;/p&gt;</span>\"
    \"<span class=sf-dump-key>description_english</span>\" => \"\"\"
      <span class=sf-dump-str title=\"1749 characters\">&lt;p&gt;Sri Ramakrishna Dharmachakra is a brilliant star in the spiritual heritage of India. This religious institution was established in the month of February in the year 1955 through the sincere efforts of Brahmalin Swami Jagadishwarananda Maharaj.&lt;br /&gt;After Swami Jagadishwarananda Maharaj&#8217;s passing, his disciple, Prabrajika Mahagouri Saraswati, took over as the head of the Institution and enhanced its reach further among disciples and devotees through her spiritual work and effective administration. After Prabrajika Mahagouri Saraswati his nominee and Gurubhai Swami Bisuddhananda Saraswatiji, has taken over as the principal monk ( Addhakshya )&#160; of the organization.&lt;br /&gt;The first Kalki Temple was established in Eastern India in the year 1955 at the Sri Ramakrishna Dharmachakra Ashram. It is said that Swami Jagadishwarananda Saraswati received spiritual guidance to create this temple from Sri Kalki Dev, the last incarnation of Lord Vishnu, and he spread the message and grace of the deity all over India.&lt;br /&gt;Swami Jagadishwarananda Maharaj was a great spiritual author and has over 100 books authored by him. It is through these books that spirituality is nurtured and disseminated to his devotees all over India. Here the practitioners and devotees are helped to move forward in their spiritual pursuits through meditation and mantras.&lt;br /&gt;In addition, several developmental activities are also taken up around the year, by the Ashram, to alleviate the problems of the Society and the environment, in addition to many religious festivals where all are invited irrespective of religion, caste or creed. The institution stands out as a true torchbearer of the Sanatan Dharma for the social and spiritual union of people.&lt;/p&gt;<span class=\"sf-dump-default sf-dump-ns\">\\r\\n</span></span>
      <span class=sf-dump-str title=\"1749 characters\">&lt;p&gt;&#160;&lt;/p&gt;</span>
      \"\"\"
    \"<span class=sf-dump-key>donate_description_english</span>\" => \"\"\"
      <span class=sf-dump-str title=\"1313 characters\">The founder of Sri Ramakrishna Dharmachakra, Brahmalin Swami JagadishwaraNanda Maharaj was an all-powerful monk. He established this organization with the financial support of a very few kind devotees. Following the principles and ideology of the Guru Maharaj, the monks of this ashram do not conduct any rituals in exchange of money. It was strictly against the principles of Guru Maharaj to conduct any ritual specifically for gains and the essence of the teachings to all has been to lead a simple and honest life which would lead to mental resilience and faith, so as to be able to overcome hurdles and hardships in life. <span class=\"sf-dump-default sf-dump-ns\">\\r\\n</span></span>
      <span class=sf-dump-str title=\"1313 characters\"><span class=\"sf-dump-default sf-dump-ns\">\\r\\n</span></span>
      <span class=sf-dump-str title=\"1313 characters\">However, the operations of the Ashram needs finances to be able to conduct the daily Pujas and also for the livelihood of the monks. Many of the devotees have been donating towards this cause. The publishing and book selling feeds each other since most of the books being sold are very inexpensive so as to cover costs only and is the major route of spiritual preaching for the Ashram.<span class=\"sf-dump-default sf-dump-ns\">\\r\\n</span></span>
      <span class=sf-dump-str title=\"1313 characters\"><span class=\"sf-dump-default sf-dump-ns\">\\r\\n</span></span>
      <span class=sf-dump-str title=\"1313 characters\">Therefore, it&#039;s a request to all to donate freely and voluntarily, to promote this institution and the cause of the monastery. <span class=\"sf-dump-default sf-dump-ns\">\\r\\n</span></span>
      <span class=sf-dump-str title=\"1313 characters\">You can make payments to the following account :  &lt;/br&gt;<span class=\"sf-dump-default sf-dump-ns\">\\r\\n</span></span>
      <span class=sf-dump-str title=\"1313 characters\">&lt;b&gt;Sri Ramkrishna Dharma Chakra&lt;/b&gt;&lt;/br&gt;<span class=\"sf-dump-default sf-dump-ns\">\\r\\n</span></span>
      <span class=sf-dump-str title=\"1313 characters\">&lt;b&gt;SBI A/C - 11310916735 &lt;/b&gt;&lt;/br&gt;<span class=\"sf-dump-default sf-dump-ns\">\\r\\n</span></span>
      <span class=sf-dump-str title=\"1313 characters\">&lt;b&gt;SBIN0004640 (IFSC)&lt;/b&gt;&lt;/br&gt;</span>
      \"\"\"
    \"<span class=sf-dump-key>welcome_heading_english</span>\" => \"<span class=sf-dump-str title=\"36 characters\">Welcome Sri Ramakrishna DharmaChakra</span>\"
    \"<span class=sf-dump-key>welcome_description_english</span>\" => \"<span class=sf-dump-str title=\"1477 characters\">&lt;strong&gt;211A, Girish Ghosh Road&#160;&lt;/strong&gt;&lt;strong&gt;Po: Belurmath, Howrah, Pin-711202 Phone-9830043596&lt;br /&gt;&lt;/strong&gt;&lt;br /&gt;Sri Ramakrishna Dharma Chakra is a bright star in the spiritual sky of India.&#160;This religious institution was established in the month of Falgun in 1955 AD (1362 AD) by the dedicated efforts of Brahmin Swami Jagadiswarananda Maharaj.&lt;br /&gt;&lt;br /&gt;After the passing away of Swami Jagadiswarananda Maharaj, his opportune disciple Prabrajika Mahagauri Saraswati carried all the responsibilities of this institution with skillful hands.&#160;After Prabrajika Mahagauri Saraswati&#039;s demise, her designated Gurubhai Swami Visudhananda Saraswatiji Maharaj took over as Acharya of the institution.&lt;br /&gt;&lt;br /&gt;The first Kalki temple in East India was established in 1961 AD at Sri Ramakrishna Dharmachakra Ashram.&#160;The message of the arrival of Lord Vishnu&#039;s last incarnation, Kalki Dev, was first announced by divine guidance.&#160;A huge collection of about 100 scriptures translated by Swami Jagadiswarananda Maharaj.&#160;This institution is always engaged in the work of strengthening the religious consciousness of religious women through this book.&#160;Here the initiates are helped to progress on the path of improvement in Sadhana through the practice of Sadhana through natural selection and mantra yoga.&#160;Besides, it is associated with several developmental activities throughout the year.&#160;Sri Ramakrishna Dharmachakra is another name for social and spiritual gathering of Hindus.</span>\"
    \"<span class=sf-dump-key>parampara_text_english</span>\" => \"<span class=sf-dump-str title=\"701 characters\">&lt;p&gt;&lt;strong&gt;&quot;O namobrahmadivyo brahmavidya sampada katribhyo vansho rishibhyo mahadhav namo gurubho&quot;&lt;/strong&gt;&lt;br /&gt;Lord Narayana first gave Brahmaji the knowledge of Brahmavidya, So Narayana is the founder of the Brahmavidya sect, Brahmaji is the second Guru in this Brahmavidya sect and among his 14 Manas-putras of there was Vasishtya.&lt;br /&gt;&lt;strong&gt;&quot;Kritya GuruBrahma Tretaya Rishisattam (Vasishtha) Dvapare vyasaabsaaklavatra bhamyaham &quot;&lt;/strong&gt;&lt;br /&gt;That is, Brahma was the Jagadguru in the Satya Yuga; Sage Vasishta in Treta Juga; In the Dapar Juga it was Krishna , Vyasa in Dvaipaya and Adi Shankaracharya the Jagadguru in this Kali Juga. This tradition and succession is our guru parampara.&lt;/p&gt;</span>\"
    \"<span class=sf-dump-key>footer_text_english</span>\" => \"<span class=sf-dump-str title=\"12 characters\">English Text</span>\"
    \"<span class=sf-dump-key>created_at</span>\" => <span class=sf-dump-const>null</span>
    \"<span class=sf-dump-key>updated_at</span>\" => \"<span class=sf-dump-str title=\"19 characters\">2023-07-20 15:10:54</span>\"
    \"<span class=sf-dump-key>footer_text</span>\" => \"<span class=sf-dump-str title=\"448 characters\">&#8220; &#2472;&#2494;&#2480;&#2494;&#2527;&#2467;&#2434; &#2474;&#2470;&#2509;&#2478;&#2477;&#2476;&#2434; &#2476;&#2486;&#2495;&#2487;&#2509;&#2464; &#2486;&#2453;&#2509;&#2468;&#2495;&#2462;&#2509;&#2458; &#2468;&#2510;&#2474;&#2497;&#2468;&#2509;&#2480; &#2474;&#2480;&#2494;&#2486;&#2480;&#2462;&#2509;&#2458;&#160;&#2476;&#2509;&#2479;&#2494;&#2488;&#2434; &#2486;&#2497;&#2453;&#2434; &#2455;&#2508;&#2480; &#2474;&#2494;&#2470;&#2434; &#2478;&#2489;&#2494;&#2472;&#2509;&#2468;&#2434; &#2455;&#2507;&#2476;&#2495;&#2472;&#2509;&#2470; &#2479;&#2507;&#2455;&#2495;&#2470;&#2509;&#2480;&#2478;&#2469;&#2494;&#2488;&#2509;&#2479; &#2486;&#2495;&#2487;&#2509;&#2479;&#2478;&#2509; &#2486;&#2509;&#2480;&#2496; &#2486;&#2457;&#2509;&#2453;&#2480;&#2494;&#2458;&#2494;&#2480;&#2509;&#2479;&#2509;&#2479; &#2478;&#2469;&#2494;&#2488;&#2509;&#2479; &#2474;&#2470;&#2509;&#2478;&#2474;&#2494;&#2470;&#2462;&#2509;&#2458; &#2489;&#2488;&#2509;&#2468;&#2494;&#2478;&#2482;&#2453;&#2434; &#2458; &#2486;&#2495;&#2487;&#2509;&#2479;&#2478;&#2509;&#2404;&#160;&#2468;&#2472;&#2509;&#2470;&#2509;&#2480;&#2507;&#2463;&#2453;&#2434; &#2476;&#2494;&#2480;&#2509;&#2468;&#2495;&#2453;&#2453;&#2494;&#2480;&#2478;&#2472;&#2509;&#2479;&#2494;&#2472; &#2437;&#2488;&#2509;&#2478;&#2470; &#2455;&#2497;&#2480;&#2497;&#2472; &#2488;&#2472;&#2509;&#2468;&#2468; &#2478;&#2494;&#2468;&#2507;&#2489;&#2488;&#2509;&#2478;&#2495;&#2404;&#160;&#2486;&#2509;&#2480;&#2497;&#2468;&#2495; &#2488;&#2509;&#2478;&#2499;&#2468;&#2495;&#2474;&#2497;&#2480;&#2494;&#2467;&#2494;&#2472;&#2494;&#2478;&#2494;&#2482;&#2527;&#2434; &#2453;&#2480;&#2497;&#2467;&#2494;&#2482;&#2527;&#2434;&#2404;&#2472;&#2478;&#2494;&#2478;&#2495; &#2477;&#2455;&#2476;&#2510;&#2474;&#2494;&#2470;&#2434; &#2486;&#2457;&#2509;&#2453;&#2480;&#2434; &#2482;&#2507;&#2453;&#2486;&#2457;&#2509;&#2453;&#2480;&#2478;&#2509;&#2404;&#160;&#2488;&#2498;&#2468;&#2509;&#2480;&#2477;&#2494;&#2488;&#2509;&#2479;&#2453;&#2499;&#2468;&#2508; &#2476;&#2472;&#2509;&#2470;&#2503; &#2477;&#2455;&#2476;&#2472;&#2509;&#2468;&#2508; &#2474;&#2497;&#2472;&#2435; &#2474;&#2497;&#2472;&#2435; &#2440;&#2486;&#2509;&#2476;&#2480;&#2507; &#2455;&#2497;&#2480;&#2497;&#2480;&#2494;&#2468;&#2509;&#2478;&#2503;&#2468;&#2495; &#2478;&#2498;&#2480;&#2509;&#2468;&#2509;&#2468;&#2495;&#2477;&#2503;&#2470;&#2494; &#2476;&#2495;&#2477;&#2494;&#2455;&#2495;&#2472;&#2503; &#2476;&#2509;&#2479;&#2507;&#2478;&#2476;&#2510; &#2476;&#2509;&#2479;&#2494;&#2474;&#2509;&#2468; &#2470;&#2503;&#2489;&#2494;&#2527; &#2470;&#2453;&#2509;&#2487;&#2495;&#2467;&#2494;&#2478;&#2498;&#2480;&#2509;&#2468;&#2527;&#2503; &#2472;&#2478;&#2435;&#2404; &#8221; &#2439;&#2468;&#2495; &#2455;&#2497;&#2480;&#2497;&#2474;&#2480;&#2478;&#2509;&#2474;&#2480;&#2494; &#2488;&#2509;&#2468;&#2509;&#2480;&#2507;&#2468;&#2509;&#2480;&#2478;&#2509;&#2404;</span>\"
    \"<span class=sf-dump-key>facebook_link</span>\" => \"<span class=sf-dump-str title=\"25 characters\">https://www.facebook.com/</span>\"
    \"<span class=sf-dump-key>youtube_link</span>\" => \"<span class=sf-dump-str title=\"24 characters\">https://www.youtube.com/</span>\"
    \"<span class=sf-dump-key>twitter_link</span>\" => <span class=sf-dump-const>null</span>
    \"<span class=sf-dump-key>address</span>\" => \"<span class=sf-dump-str title=\"113 characters\">&lt;strong&gt;&#2486;&#2509;&#2480;&#2496; &#2480;&#2494;&#2478;&#2453;&#2499;&#2487;&#2509;&#2467; &#2471;&#2480;&#2509;&#2478; &#2458;&#2453;&#2509;&#2480;&lt;/strong&gt;&lt;br /&gt;&#2536;&#2535;&#2535; &#2447;, &#2455;&#2495;&#2480;&#2495;&#2486; &#2456;&#2507;&#2487; &#2480;&#2507;&#2465;, &#2476;&#2503;&#2482;&#2497;&#2524;&lt;br /&gt;&#2474;&#2495;&#2451;- &#2476;&#2503;&#2482;&#2497;&#2524;&#2478;&#2464;,&lt;br /&gt;&#2489;&#2494;&#2451;&#2465;&#2492;&#2494; -&#2541;&#2535;&#2535;&#2535;&#2536;0&#2536;</span>\"
    \"<span class=sf-dump-key>address_english</span>\" => \"<span class=sf-dump-str title=\"109 characters\">Sri Ramakrishna Dharmachakra&lt;br /&gt;211 A, Girish Ghosh Road,&lt;br /&gt;Belur, P.O.- Belurmath,&lt;br /&gt;Howrah -7111202</span>\"
    \"<span class=sf-dump-key>email</span>\" => \"<span class=sf-dump-str title=\"32 characters\">ramkrishnadharmachakra@gmail.com</span>\"
    \"<span class=sf-dump-key>phone_one</span>\" => \"<span class=sf-dump-str title=\"13 characters\">+913326548075</span>\"
    \"<span class=sf-dump-key>phone_two</span>\" => \"<span class=sf-dump-str title=\"13 characters\">+919830043596</span>\"
    \"<span class=sf-dump-key>phone_three</span>\" => \"<span class=sf-dump-str title=\"13 characters\">+919804473647</span>\"
    \"<span class=sf-dump-key>phone_one_bengali</span>\" => \"<span class=sf-dump-str title=\"13 characters\">+&#2543;&#2535;&#2537;&#2537;&#2536;&#2540;&#2539;&#2538;&#2542;0&#2541;&#2539;</span>\"
    \"<span class=sf-dump-key>phone_two_bengali</span>\" => \"<span class=sf-dump-str title=\"13 characters\">+&#2543;&#2535;&#2543;&#2542;&#2537;00&#2538;&#2537;&#2539;&#2543;&#2540;</span>\"
    \"<span class=sf-dump-key>phone_three_bengali</span>\" => \"<span class=sf-dump-str title=\"14 characters\">+&#2543;&#2535;&#2543;&#2542;0&#2538;&#2538;&#2541;&#2537;&#2540;&#2538;&#2541;,</span>\"
    \"<span class=sf-dump-key>instagram_link</span>\" => <span class=sf-dump-const>null</span>
  </samp>]
  #<span class=sf-dump-protected title=\"Protected property\">changes</span>: []
  #<span class=sf-dump-protected title=\"Protected property\">casts</span>: []
  #<span class=sf-dump-protected title=\"Protected property\">classCastCache</span>: []
  #<span class=sf-dump-protected title=\"Protected property\">attributeCastCache</span>: []
  #<span class=sf-dump-protected title=\"Protected property\">dates</span>: []
  #<span class=sf-dump-protected title=\"Protected property\">dateFormat</span>: <span class=sf-dump-const>null</span>
  #<span class=sf-dump-protected title=\"Protected property\">appends</span>: []
  #<span class=sf-dump-protected title=\"Protected property\">dispatchesEvents</span>: []
  #<span class=sf-dump-protected title=\"Protected property\">observables</span>: []
  #<span class=sf-dump-protected title=\"Protected property\">relations</span>: []
  #<span class=sf-dump-protected title=\"Protected property\">touches</span>: []
  +<span class=sf-dump-public title=\"Public property\">timestamps</span>: <span class=sf-dump-const>true</span>
  #<span class=sf-dump-protected title=\"Protected property\">hidden</span>: []
  #<span class=sf-dump-protected title=\"Protected property\">visible</span>: []
  #<span class=sf-dump-protected title=\"Protected property\">fillable</span>: []
</samp>}
</pre><script>Sfdump(\"sf-dump-1951556361\", {\"maxDepth\":3,\"maxStringLength\":160})</script>
"}},"exception":"[object] (Facade\\Ignition\\Exceptions\\ViewException(code: 0): Attempt to read property \"image\" on null (View: /var/www/beas.in/public_html/ramkrishna_dharma_chakra/resources/views/admin/includes/header.blade.php) at /var/www/beas.in/public_html/ramkrishna_dharma_chakra/resources/views/admin/includes/header.blade.php:31)
[stacktrace]
#0 /var/www/beas.in/public_html/ramkrishna_dharma_chakra/resources/views/admin/includes/header.blade.php(31): Illuminate\\Foundation\\Bootstrap\\HandleExceptions->handleError(2, 'Attempt to read...', '/var/www/beas.i...', 31)
#1 /var/www/beas.in/public_html/ramkrishna_dharma_chakra/vendor/laravel/framework/src/Illuminate/Filesystem/Filesystem.php(107): require('/var/www/beas.i...')
#2 /var/www/beas.in/public_html/ramkrishna_dharma_chakra/vendor/laravel/framework/src/Illuminate/Filesystem/Filesystem.php(108): Illuminate\\Filesystem\\Filesystem::Illuminate\\Filesystem\\{closure}()
#3 /var/www/beas.in/public_html/ramkrishna_dharma_chakra/vendor/laravel/framework/src/Illuminate/View/Engines/PhpEngine.php(58): Illuminate\\Filesystem\\Filesystem->getRequire('/var/www/beas.i...', Array)
#4 /var/www/beas.in/public_html/ramkrishna_dharma_chakra/vendor/laravel/framework/src/Illuminate/View/Engines/CompilerEngine.php(61): Illuminate\\View\\Engines\\PhpEngine->evaluatePath('/var/www/beas.i...', Array)
#5 /var/www/beas.in/public_html/ramkrishna_dharma_chakra/vendor/facade/ignition/src/Views/Engines/CompilerEngine.php(37): Illuminate\\View\\Engines\\CompilerEngine->get('/var/www/beas.i...', Array)
#6 /var/www/beas.in/public_html/ramkrishna_dharma_chakra/vendor/laravel/framework/src/Illuminate/View/View.php(139): Facade\\Ignition\\Views\\Engines\\CompilerEngine->get('/var/www/beas.i...', Array)
#7 /var/www/beas.in/public_html/ramkrishna_dharma_chakra/vendor/laravel/framework/src/Illuminate/View/View.php(122): Illuminate\\View\\View->getContents()
#8 /var/www/beas.in/public_html/ramkrishna_dharma_chakra/vendor/laravel/framework/src/Illuminate/View/View.php(91): Illuminate\\View\\View->renderContents()
#9 /var/www/beas.in/public_html/ramkrishna_dharma_chakra/resources/views/admin/footer/index.blade.php(14): Illuminate\\View\\View->render()
#10 /var/www/beas.in/public_html/ramkrishna_dharma_chakra/vendor/laravel/framework/src/Illuminate/Filesystem/Filesystem.php(107): require('/var/www/beas.i...')
#11 /var/www/beas.in/public_html/ramkrishna_dharma_chakra/vendor/laravel/framework/src/Illuminate/Filesystem/Filesystem.php(108): Illuminate\\Filesystem\\Filesystem::Illuminate\\Filesystem\\{closure}()
#12 /var/www/beas.in/public_html/ramkrishna_dharma_chakra/vendor/laravel/framework/src/Illuminate/View/Engines/PhpEngine.php(58): Illuminate\\Filesystem\\Filesystem->getRequire('/var/www/beas.i...', Array)
#13 /var/www/beas.in/public_html/ramkrishna_dharma_chakra/vendor/laravel/framework/src/Illuminate/View/Engines/CompilerEngine.php(61): Illuminate\\View\\Engines\\PhpEngine->evaluatePath('/var/www/beas.i...', Array)
#14 /var/www/beas.in/public_html/ramkrishna_dharma_chakra/vendor/facade/ignition/src/Views/Engines/CompilerEngine.php(37): Illuminate\\View\\Engines\\CompilerEngine->get('/var/www/beas.i...', Array)
#15 /var/www/beas.in/public_html/ramkrishna_dharma_chakra/vendor/laravel/framework/src/Illuminate/View/View.php(139): Facade\\Ignition\\Views\\Engines\\CompilerEngine->get('/var/www/beas.i...', Array)
#16 /var/www/beas.in/public_html/ramkrishna_dharma_chakra/vendor/laravel/framework/src/Illuminate/View/View.php(122): Illuminate\\View\\View->getContents()
#17 /var/www/beas.in/public_html/ramkrishna_dharma_chakra/vendor/laravel/framework/src/Illuminate/View/View.php(91): Illuminate\\View\\View->renderContents()
#18 /var/www/beas.in/public_html/ramkrishna_dharma_chakra/vendor/laravel/framework/src/Illuminate/Http/Response.php(69): Illuminate\\View\\View->render()
#19 /var/www/beas.in/public_html/ramkrishna_dharma_chakra/vendor/laravel/framework/src/Illuminate/Http/Response.php(35): Illuminate\\Http\\Response->setContent(Object(Illuminate\\View\\View))
#20 /var/www/beas.in/public_html/ramkrishna_dharma_chakra/vendor/laravel/framework/src/Illuminate/Routing/Router.php(820): Illuminate\\Http\\Response->__construct(Object(Illuminate\\View\\View), 200, Array)
#21 /var/www/beas.in/public_html/ramkrishna_dharma_chakra/vendor/laravel/framework/src/Illuminate/Routing/Router.php(789): Illuminate\\Routing\\Router::toResponse(Object(Illuminate\\Http\\Request), Object(Illuminate\\View\\View))
#22 /var/www/beas.in/public_html/ramkrishna_dharma_chakra/vendor/laravel/framework/src/Illuminate/Routing/Router.php(721): Illuminate\\Routing\\Router->prepareResponse(Object(Illuminate\\Http\\Request), Object(Illuminate\\View\\View))
#23 /var/www/beas.in/public_html/ramkrishna_dharma_chakra/vendor/laravel/framework/src/Illuminate/Pipeline/Pipeline.php(128): Illuminate\\Routing\\Router->Illuminate\\Routing\\{closure}(Object(Illuminate\\Http\\Request))
#24 /var/www/beas.in/public_html/ramkrishna_dharma_chakra/vendor/laravel/framework/src/Illuminate/Routing/Middleware/SubstituteBindings.php(50): Illuminate\\Pipeline\\Pipeline->Illuminate\\Pipeline\\{closure}(Object(Illuminate\\Http\\Request))
#25 /var/www/beas.in/public_html/ramkrishna_dharma_chakra/vendor/laravel/framework/src/Illuminate/Pipeline/Pipeline.php(167): Illuminate\\Routing\\Middleware\\SubstituteBindings->handle(Object(Illuminate\\Http\\Request), Object(Closure))
#26 /var/www/beas.in/public_html/ramkrishna_dharma_chakra/vendor/laravel/framework/src/Illuminate/Foundation/Http/Middleware/VerifyCsrfToken.php(78): Illuminate\\Pipeline\\Pipeline->Illuminate\\Pipeline\\{closure}(Object(Illuminate\\Http\\Request))
#27 /var/www/beas.in/public_html/ramkrishna_dharma_chakra/vendor/laravel/framework/src/Illuminate/Pipeline/Pipeline.php(167): Illuminate\\Foundation\\Http\\Middleware\\VerifyCsrfToken->handle(Object(Illuminate\\Http\\Request), Object(Closure))
#28 /var/www/beas.in/public_html/ramkrishna_dharma_chakra/vendor/laravel/framework/src/Illuminate/View/Middleware/ShareErrorsFromSession.php(49): Illuminate\\Pipeline\\Pipeline->Illuminate\\Pipeline\\{closure}(Object(Illuminate\\Http\\Request))
#29 /var/www/beas.in/public_html/ramkrishna_dharma_chakra/vendor/laravel/framework/src/Illuminate/Pipeline/Pipeline.php(167): Illuminate\\View\\Middleware\\ShareErrorsFromSession->handle(Object(Illuminate\\Http\\Request), Object(Closure))
#30 /var/www/beas.in/public_html/ramkrishna_dharma_chakra/vendor/laravel/framework/src/Illuminate/Session/Middleware/StartSession.php(121): Illuminate\\Pipeline\\Pipeline->Illuminate\\Pipeline\\{closure}(Object(Illuminate\\Http\\Request))
#31 /var/www/beas.in/public_html/ramkrishna_dharma_chakra/vendor/laravel/framework/src/Illuminate/Session/Middleware/StartSession.php(64): Illuminate\\Session\\Middleware\\StartSession->handleStatefulRequest(Object(Illuminate\\Http\\Request), Object(Illuminate\\Session\\Store), Object(Closure))
#32 /var/www/beas.in/public_html/ramkrishna_dharma_chakra/vendor/laravel/framework/src/Illuminate/Pipeline/Pipeline.php(167): Illuminate\\Session\\Middleware\\StartSession->handle(Object(Illuminate\\Http\\Request), Object(Closure))
#33 /var/www/beas.in/public_html/ramkrishna_dharma_chakra/vendor/laravel/framework/src/Illuminate/Cookie/Middleware/AddQueuedCookiesToResponse.php(37): Illuminate\\Pipeline\\Pipeline->Illuminate\\Pipeline\\{closure}(Object(Illuminate\\Http\\Request))
#34 /var/www/beas.in/public_html/ramkrishna_dharma_chakra/vendor/laravel/framework/src/Illuminate/Pipeline/Pipeline.php(167): Illuminate\\Cookie\\Middleware\\AddQueuedCookiesToResponse->handle(Object(Illuminate\\Http\\Request), Object(Closure))
#35 /var/www/beas.in/public_html/ramkrishna_dharma_chakra/vendor/laravel/framework/src/Illuminate/Cookie/Middleware/EncryptCookies.php(67): Illuminate\\Pipeline\\Pipeline->Illuminate\\Pipeline\\{closure}(Object(Illuminate\\Http\\Request))
#36 /var/www/beas.in/public_html/ramkrishna_dharma_chakra/vendor/laravel/framework/src/Illuminate/Pipeline/Pipeline.php(167): Illuminate\\Cookie\\Middleware\\EncryptCookies->handle(Object(Illuminate\\Http\\Request), Object(Closure))
#37 /var/www/beas.in/public_html/ramkrishna_dharma_chakra/vendor/laravel/framework/src/Illuminate/Pipeline/Pipeline.php(103): Illuminate\\Pipeline\\Pipeline->Illuminate\\Pipeline\\{closure}(Object(Illuminate\\Http\\Request))
#38 /var/www/beas.in/public_html/ramkrishna_dharma_chakra/vendor/laravel/framework/src/Illuminate/Routing/Router.php(723): Illuminate\\Pipeline\\Pipeline->then(Object(Closure))
#39 /var/www/beas.in/public_html/ramkrishna_dharma_chakra/vendor/laravel/framework/src/Illuminate/Routing/Router.php(698): Illuminate\\Routing\\Router->runRouteWithinStack(Object(Illuminate\\Routing\\Route), Object(Illuminate\\Http\\Request))
#40 /var/www/beas.in/public_html/ramkrishna_dharma_chakra/vendor/laravel/framework/src/Illuminate/Routing/Router.php(662): Illuminate\\Routing\\Router->runRoute(Object(Illuminate\\Http\\Request), Object(Illuminate\\Routing\\Route))
#41 /var/www/beas.in/public_html/ramkrishna_dharma_chakra/vendor/laravel/framework/src/Illuminate/Routing/Router.php(651): Illuminate\\Routing\\Router->dispatchToRoute(Object(Illuminate\\Http\\Request))
#42 /var/www/beas.in/public_html/ramkrishna_dharma_chakra/vendor/laravel/framework/src/Illuminate/Foundation/Http/Kernel.php(167): Illuminate\\Routing\\Router->dispatch(Object(Illuminate\\Http\\Request))
#43 /var/www/beas.in/public_html/ramkrishna_dharma_chakra/vendor/laravel/framework/src/Illuminate/Pipeline/Pipeline.php(128): Illuminate\\Foundation\\Http\\Kernel->Illuminate\\Foundation\\Http\\{closure}(Object(Illuminate\\Http\\Request))
#44 /var/www/beas.in/public_html/ramkrishna_dharma_chakra/vendor/laravel/framework/src/Illuminate/Foundation/Http/Middleware/TransformsRequest.php(21): Illuminate\\Pipeline\\Pipeline->Illuminate\\Pipeline\\{closure}(Object(Illuminate\\Http\\Request))
#45 /var/www/beas.in/public_html/ramkrishna_dharma_chakra/vendor/laravel/framework/src/Illuminate/Foundation/Http/Middleware/ConvertEmptyStringsToNull.php(31): Illuminate\\Foundation\\Http\\Middleware\\TransformsRequest->handle(Object(Illuminate\\Http\\Request), Object(Closure))
#46 /var/www/beas.in/public_html/ramkrishna_dharma_chakra/vendor/laravel/framework/src/Illuminate/Pipeline/Pipeline.php(167): Illuminate\\Foundation\\Http\\Middleware\\ConvertEmptyStringsToNull->handle(Object(Illuminate\\Http\\Request), Object(Closure))
#47 /var/www/beas.in/public_html/ramkrishna_dharma_chakra/vendor/laravel/framework/src/Illuminate/Foundation/Http/Middleware/TransformsRequest.php(21): Illuminate\\Pipeline\\Pipeline->Illuminate\\Pipeline\\{closure}(Object(Illuminate\\Http\\Request))
#48 /var/www/beas.in/public_html/ramkrishna_dharma_chakra/vendor/laravel/framework/src/Illuminate/Foundation/Http/Middleware/TrimStrings.php(40): Illuminate\\Foundation\\Http\\Middleware\\TransformsRequest->handle(Object(Illuminate\\Http\\Request), Object(Closure))
#49 /var/www/beas.in/public_html/ramkrishna_dharma_chakra/vendor/laravel/framework/src/Illuminate/Pipeline/Pipeline.php(167): Illuminate\\Foundation\\Http\\Middleware\\TrimStrings->handle(Object(Illuminate\\Http\\Request), Object(Closure))
#50 /var/www/beas.in/public_html/ramkrishna_dharma_chakra/vendor/laravel/framework/src/Illuminate/Foundation/Http/Middleware/ValidatePostSize.php(27): Illuminate\\Pipeline\\Pipeline->Illuminate\\Pipeline\\{closure}(Object(Illuminate\\Http\\Request))
#51 /var/www/beas.in/public_html/ramkrishna_dharma_chakra/vendor/laravel/framework/src/Illuminate/Pipeline/Pipeline.php(167): Illuminate\\Foundation\\Http\\Middleware\\ValidatePostSize->handle(Object(Illuminate\\Http\\Request), Object(Closure))
#52 /var/www/beas.in/public_html/ramkrishna_dharma_chakra/vendor/laravel/framework/src/Illuminate/Foundation/Http/Middleware/PreventRequestsDuringMaintenance.php(86): Illuminate\\Pipeline\\Pipeline->Illuminate\\Pipeline\\{closure}(Object(Illuminate\\Http\\Request))
#53 /var/www/beas.in/public_html/ramkrishna_dharma_chakra/vendor/laravel/framework/src/Illuminate/Pipeline/Pipeline.php(167): Illuminate\\Foundation\\Http\\Middleware\\PreventRequestsDuringMaintenance->handle(Object(Illuminate\\Http\\Request), Object(Closure))
#54 /var/www/beas.in/public_html/ramkrishna_dharma_chakra/vendor/fideloper/proxy/src/TrustProxies.php(57): Illuminate\\Pipeline\\Pipeline->Illuminate\\Pipeline\\{closure}(Object(Illuminate\\Http\\Request))
#55 /var/www/beas.in/public_html/ramkrishna_dharma_chakra/vendor/laravel/framework/src/Illuminate/Pipeline/Pipeline.php(167): Fideloper\\Proxy\\TrustProxies->handle(Object(Illuminate\\Http\\Request), Object(Closure))
#56 /var/www/beas.in/public_html/ramkrishna_dharma_chakra/vendor/laravel/framework/src/Illuminate/Pipeline/Pipeline.php(103): Illuminate\\Pipeline\\Pipeline->Illuminate\\Pipeline\\{closure}(Object(Illuminate\\Http\\Request))
#57 /var/www/beas.in/public_html/ramkrishna_dharma_chakra/vendor/laravel/framework/src/Illuminate/Foundation/Http/Kernel.php(142): Illuminate\\Pipeline\\Pipeline->then(Object(Closure))
#58 /var/www/beas.in/public_html/ramkrishna_dharma_chakra/vendor/laravel/framework/src/Illuminate/Foundation/Http/Kernel.php(111): Illuminate\\Foundation\\Http\\Kernel->sendRequestThroughRouter(Object(Illuminate\\Http\\Request))
#59 /var/www/beas.in/public_html/ramkrishna_dharma_chakra/index.php(54): Illuminate\\Foundation\\Http\\Kernel->handle(Object(Illuminate\\Http\\Request))
#60 {main}

[previous exception] [object] (ErrorException(code: 0): Attempt to read property \"image\" on null at /var/www/beas.in/public_html/ramkrishna_dharma_chakra/storage/framework/views/f682938668588d27255d7a0c60c88caa0abe8a1e.php:31)
[stacktrace]
#0 /var/www/beas.in/public_html/ramkrishna_dharma_chakra/storage/framework/views/f682938668588d27255d7a0c60c88caa0abe8a1e.php(31): Illuminate\\Foundation\\Bootstrap\\HandleExceptions->handleError(2, 'Attempt to read...', '/var/www/beas.i...', 31)
#1 /var/www/beas.in/public_html/ramkrishna_dharma_chakra/vendor/laravel/framework/src/Illuminate/Filesystem/Filesystem.php(107): require('/var/www/beas.i...')
#2 /var/www/beas.in/public_html/ramkrishna_dharma_chakra/vendor/laravel/framework/src/Illuminate/Filesystem/Filesystem.php(108): Illuminate\\Filesystem\\Filesystem::Illuminate\\Filesystem\\{closure}()
#3 /var/www/beas.in/public_html/ramkrishna_dharma_chakra/vendor/laravel/framework/src/Illuminate/View/Engines/PhpEngine.php(58): Illuminate\\Filesystem\\Filesystem->getRequire('/var/www/beas.i...', Array)
#4 /var/www/beas.in/public_html/ramkrishna_dharma_chakra/vendor/laravel/framework/src/Illuminate/View/Engines/CompilerEngine.php(61): Illuminate\\View\\Engines\\PhpEngine->evaluatePath('/var/www/beas.i...', Array)
#5 /var/www/beas.in/public_html/ramkrishna_dharma_chakra/vendor/facade/ignition/src/Views/Engines/CompilerEngine.php(37): Illuminate\\View\\Engines\\CompilerEngine->get('/var/www/beas.i...', Array)
#6 /var/www/beas.in/public_html/ramkrishna_dharma_chakra/vendor/laravel/framework/src/Illuminate/View/View.php(139): Facade\\Ignition\\Views\\Engines\\CompilerEngine->get('/var/www/beas.i...', Array)
#7 /var/www/beas.in/public_html/ramkrishna_dharma_chakra/vendor/laravel/framework/src/Illuminate/View/View.php(122): Illuminate\\View\\View->getContents()
#8 /var/www/beas.in/public_html/ramkrishna_dharma_chakra/vendor/laravel/framework/src/Illuminate/View/View.php(91): Illuminate\\View\\View->renderContents()
#9 /var/www/beas.in/public_html/ramkrishna_dharma_chakra/storage/framework/views/55712e4afe55f8389385732f3e701ea4e754ee3d.php(14): Illuminate\\View\\View->render()
#10 /var/www/beas.in/public_html/ramkrishna_dharma_chakra/vendor/laravel/framework/src/Illuminate/Filesystem/Filesystem.php(107): require('/var/www/beas.i...')
#11 /var/www/beas.in/public_html/ramkrishna_dharma_chakra/vendor/laravel/framework/src/Illuminate/Filesystem/Filesystem.php(108): Illuminate\\Filesystem\\Filesystem::Illuminate\\Filesystem\\{closure}()
#12 /var/www/beas.in/public_html/ramkrishna_dharma_chakra/vendor/laravel/framework/src/Illuminate/View/Engines/PhpEngine.php(58): Illuminate\\Filesystem\\Filesystem->getRequire('/var/www/beas.i...', Array)
#13 /var/www/beas.in/public_html/ramkrishna_dharma_chakra/vendor/laravel/framework/src/Illuminate/View/Engines/CompilerEngine.php(61): Illuminate\\View\\Engines\\PhpEngine->evaluatePath('/var/www/beas.i...', Array)
#14 /var/www/beas.in/public_html/ramkrishna_dharma_chakra/vendor/facade/ignition/src/Views/Engines/CompilerEngine.php(37): Illuminate\\View\\Engines\\CompilerEngine->get('/var/www/beas.i...', Array)
#15 /var/www/beas.in/public_html/ramkrishna_dharma_chakra/vendor/laravel/framework/src/Illuminate/View/View.php(139): Facade\\Ignition\\Views\\Engines\\CompilerEngine->get('/var/www/beas.i...', Array)
#16 /var/www/beas.in/public_html/ramkrishna_dharma_chakra/vendor/laravel/framework/src/Illuminate/View/View.php(122): Illuminate\\View\\View->getContents()
#17 /var/www/beas.in/public_html/ramkrishna_dharma_chakra/vendor/laravel/framework/src/Illuminate/View/View.php(91): Illuminate\\View\\View->renderContents()
#18 /var/www/beas.in/public_html/ramkrishna_dharma_chakra/vendor/laravel/framework/src/Illuminate/Http/Response.php(69): Illuminate\\View\\View->render()
#19 /var/www/beas.in/public_html/ramkrishna_dharma_chakra/vendor/laravel/framework/src/Illuminate/Http/Response.php(35): Illuminate\\Http\\Response->setContent(Object(Illuminate\\View\\View))
#20 /var/www/beas.in/public_html/ramkrishna_dharma_chakra/vendor/laravel/framework/src/Illuminate/Routing/Router.php(820): Illuminate\\Http\\Response->__construct(Object(Illuminate\\View\\View), 200, Array)
#21 /var/www/beas.in/public_html/ramkrishna_dharma_chakra/vendor/laravel/framework/src/Illuminate/Routing/Router.php(789): Illuminate\\Routing\\Router::toResponse(Object(Illuminate\\Http\\Request), Object(Illuminate\\View\\View))
#22 /var/www/beas.in/public_html/ramkrishna_dharma_chakra/vendor/laravel/framework/src/Illuminate/Routing/Router.php(721): Illuminate\\Routing\\Router->prepareResponse(Object(Illuminate\\Http\\Request), Object(Illuminate\\View\\View))
#23 /var/www/beas.in/public_html/ramkrishna_dharma_chakra/vendor/laravel/framework/src/Illuminate/Pipeline/Pipeline.php(128): Illuminate\\Routing\\Router->Illuminate\\Routing\\{closure}(Object(Illuminate\\Http\\Request))
#24 /var/www/beas.in/public_html/ramkrishna_dharma_chakra/vendor/laravel/framework/src/Illuminate/Routing/Middleware/SubstituteBindings.php(50): Illuminate\\Pipeline\\Pipeline->Illuminate\\Pipeline\\{closure}(Object(Illuminate\\Http\\Request))
#25 /var/www/beas.in/public_html/ramkrishna_dharma_chakra/vendor/laravel/framework/src/Illuminate/Pipeline/Pipeline.php(167): Illuminate\\Routing\\Middleware\\SubstituteBindings->handle(Object(Illuminate\\Http\\Request), Object(Closure))
#26 /var/www/beas.in/public_html/ramkrishna_dharma_chakra/vendor/laravel/framework/src/Illuminate/Foundation/Http/Middleware/VerifyCsrfToken.php(78): Illuminate\\Pipeline\\Pipeline->Illuminate\\Pipeline\\{closure}(Object(Illuminate\\Http\\Request))
#27 /var/www/beas.in/public_html/ramkrishna_dharma_chakra/vendor/laravel/framework/src/Illuminate/Pipeline/Pipeline.php(167): Illuminate\\Foundation\\Http\\Middleware\\VerifyCsrfToken->handle(Object(Illuminate\\Http\\Request), Object(Closure))
#28 /var/www/beas.in/public_html/ramkrishna_dharma_chakra/vendor/laravel/framework/src/Illuminate/View/Middleware/ShareErrorsFromSession.php(49): Illuminate\\Pipeline\\Pipeline->Illuminate\\Pipeline\\{closure}(Object(Illuminate\\Http\\Request))
#29 /var/www/beas.in/public_html/ramkrishna_dharma_chakra/vendor/laravel/framework/src/Illuminate/Pipeline/Pipeline.php(167): Illuminate\\View\\Middleware\\ShareErrorsFromSession->handle(Object(Illuminate\\Http\\Request), Object(Closure))
#30 /var/www/beas.in/public_html/ramkrishna_dharma_chakra/vendor/laravel/framework/src/Illuminate/Session/Middleware/StartSession.php(121): Illuminate\\Pipeline\\Pipeline->Illuminate\\Pipeline\\{closure}(Object(Illuminate\\Http\\Request))
#31 /var/www/beas.in/public_html/ramkrishna_dharma_chakra/vendor/laravel/framework/src/Illuminate/Session/Middleware/StartSession.php(64): Illuminate\\Session\\Middleware\\StartSession->handleStatefulRequest(Object(Illuminate\\Http\\Request), Object(Illuminate\\Session\\Store), Object(Closure))
#32 /var/www/beas.in/public_html/ramkrishna_dharma_chakra/vendor/laravel/framework/src/Illuminate/Pipeline/Pipeline.php(167): Illuminate\\Session\\Middleware\\StartSession->handle(Object(Illuminate\\Http\\Request), Object(Closure))
#33 /var/www/beas.in/public_html/ramkrishna_dharma_chakra/vendor/laravel/framework/src/Illuminate/Cookie/Middleware/AddQueuedCookiesToResponse.php(37): Illuminate\\Pipeline\\Pipeline->Illuminate\\Pipeline\\{closure}(Object(Illuminate\\Http\\Request))
#34 /var/www/beas.in/public_html/ramkrishna_dharma_chakra/vendor/laravel/framework/src/Illuminate/Pipeline/Pipeline.php(167): Illuminate\\Cookie\\Middleware\\AddQueuedCookiesToResponse->handle(Object(Illuminate\\Http\\Request), Object(Closure))
#35 /var/www/beas.in/public_html/ramkrishna_dharma_chakra/vendor/laravel/framework/src/Illuminate/Cookie/Middleware/EncryptCookies.php(67): Illuminate\\Pipeline\\Pipeline->Illuminate\\Pipeline\\{closure}(Object(Illuminate\\Http\\Request))
#36 /var/www/beas.in/public_html/ramkrishna_dharma_chakra/vendor/laravel/framework/src/Illuminate/Pipeline/Pipeline.php(167): Illuminate\\Cookie\\Middleware\\EncryptCookies->handle(Object(Illuminate\\Http\\Request), Object(Closure))
#37 /var/www/beas.in/public_html/ramkrishna_dharma_chakra/vendor/laravel/framework/src/Illuminate/Pipeline/Pipeline.php(103): Illuminate\\Pipeline\\Pipeline->Illuminate\\Pipeline\\{closure}(Object(Illuminate\\Http\\Request))
#38 /var/www/beas.in/public_html/ramkrishna_dharma_chakra/vendor/laravel/framework/src/Illuminate/Routing/Router.php(723): Illuminate\\Pipeline\\Pipeline->then(Object(Closure))
#39 /var/www/beas.in/public_html/ramkrishna_dharma_chakra/vendor/laravel/framework/src/Illuminate/Routing/Router.php(698): Illuminate\\Routing\\Router->runRouteWithinStack(Object(Illuminate\\Routing\\Route), Object(Illuminate\\Http\\Request))
#40 /var/www/beas.in/public_html/ramkrishna_dharma_chakra/vendor/laravel/framework/src/Illuminate/Routing/Router.php(662): Illuminate\\Routing\\Router->runRoute(Object(Illuminate\\Http\\Request), Object(Illuminate\\Routing\\Route))
#41 /var/www/beas.in/public_html/ramkrishna_dharma_chakra/vendor/laravel/framework/src/Illuminate/Routing/Router.php(651): Illuminate\\Routing\\Router->dispatchToRoute(Object(Illuminate\\Http\\Request))
#42 /var/www/beas.in/public_html/ramkrishna_dharma_chakra/vendor/laravel/framework/src/Illuminate/Foundation/Http/Kernel.php(167): Illuminate\\Routing\\Router->dispatch(Object(Illuminate\\Http\\Request))
#43 /var/www/beas.in/public_html/ramkrishna_dharma_chakra/vendor/laravel/framework/src/Illuminate/Pipeline/Pipeline.php(128): Illuminate\\Foundation\\Http\\Kernel->Illuminate\\Foundation\\Http\\{closure}(Object(Illuminate\\Http\\Request))
#44 /var/www/beas.in/public_html/ramkrishna_dharma_chakra/vendor/laravel/framework/src/Illuminate/Foundation/Http/Middleware/TransformsRequest.php(21): Illuminate\\Pipeline\\Pipeline->Illuminate\\Pipeline\\{closure}(Object(Illuminate\\Http\\Request))
#45 /var/www/beas.in/public_html/ramkrishna_dharma_chakra/vendor/laravel/framework/src/Illuminate/Foundation/Http/Middleware/ConvertEmptyStringsToNull.php(31): Illuminate\\Foundation\\Http\\Middleware\\TransformsRequest->handle(Object(Illuminate\\Http\\Request), Object(Closure))
#46 /var/www/beas.in/public_html/ramkrishna_dharma_chakra/vendor/laravel/framework/src/Illuminate/Pipeline/Pipeline.php(167): Illuminate\\Foundation\\Http\\Middleware\\ConvertEmptyStringsToNull->handle(Object(Illuminate\\Http\\Request), Object(Closure))
#47 /var/www/beas.in/public_html/ramkrishna_dharma_chakra/vendor/laravel/framework/src/Illuminate/Foundation/Http/Middleware/TransformsRequest.php(21): Illuminate\\Pipeline\\Pipeline->Illuminate\\Pipeline\\{closure}(Object(Illuminate\\Http\\Request))
#48 /var/www/beas.in/public_html/ramkrishna_dharma_chakra/vendor/laravel/framework/src/Illuminate/Foundation/Http/Middleware/TrimStrings.php(40): Illuminate\\Foundation\\Http\\Middleware\\TransformsRequest->handle(Object(Illuminate\\Http\\Request), Object(Closure))
#49 /var/www/beas.in/public_html/ramkrishna_dharma_chakra/vendor/laravel/framework/src/Illuminate/Pipeline/Pipeline.php(167): Illuminate\\Foundation\\Http\\Middleware\\TrimStrings->handle(Object(Illuminate\\Http\\Request), Object(Closure))
#50 /var/www/beas.in/public_html/ramkrishna_dharma_chakra/vendor/laravel/framework/src/Illuminate/Foundation/Http/Middleware/ValidatePostSize.php(27): Illuminate\\Pipeline\\Pipeline->Illuminate\\Pipeline\\{closure}(Object(Illuminate\\Http\\Request))
#51 /var/www/beas.in/public_html/ramkrishna_dharma_chakra/vendor/laravel/framework/src/Illuminate/Pipeline/Pipeline.php(167): Illuminate\\Foundation\\Http\\Middleware\\ValidatePostSize->handle(Object(Illuminate\\Http\\Request), Object(Closure))
#52 /var/www/beas.in/public_html/ramkrishna_dharma_chakra/vendor/laravel/framework/src/Illuminate/Foundation/Http/Middleware/PreventRequestsDuringMaintenance.php(86): Illuminate\\Pipeline\\Pipeline->Illuminate\\Pipeline\\{closure}(Object(Illuminate\\Http\\Request))
#53 /var/www/beas.in/public_html/ramkrishna_dharma_chakra/vendor/laravel/framework/src/Illuminate/Pipeline/Pipeline.php(167): Illuminate\\Foundation\\Http\\Middleware\\PreventRequestsDuringMaintenance->handle(Object(Illuminate\\Http\\Request), Object(Closure))
#54 /var/www/beas.in/public_html/ramkrishna_dharma_chakra/vendor/fideloper/proxy/src/TrustProxies.php(57): Illuminate\\Pipeline\\Pipeline->Illuminate\\Pipeline\\{closure}(Object(Illuminate\\Http\\Request))
#55 /var/www/beas.in/public_html/ramkrishna_dharma_chakra/vendor/laravel/framework/src/Illuminate/Pipeline/Pipeline.php(167): Fideloper\\Proxy\\TrustProxies->handle(Object(Illuminate\\Http\\Request), Object(Closure))
#56 /var/www/beas.in/public_html/ramkrishna_dharma_chakra/vendor/laravel/framework/src/Illuminate/Pipeline/Pipeline.php(103): Illuminate\\Pipeline\\Pipeline->Illuminate\\Pipeline\\{closure}(Object(Illuminate\\Http\\Request))
#57 /var/www/beas.in/public_html/ramkrishna_dharma_chakra/vendor/laravel/framework/src/Illuminate/Foundation/Http/Kernel.php(142): Illuminate\\Pipeline\\Pipeline->then(Object(Closure))
#58 /var/www/beas.in/public_html/ramkrishna_dharma_chakra/vendor/laravel/framework/src/Illuminate/Foundation/Http/Kernel.php(111): Illuminate\\Foundation\\Http\\Kernel->sendRequestThroughRouter(Object(Illuminate\\Http\\Request))
#59 /var/www/beas.in/public_html/ramkrishna_dharma_chakra/index.php(54): Illuminate\\Foundation\\Http\\Kernel->handle(Object(Illuminate\\Http\\Request))
#60 {main}
"} 
[2023-07-20 15:21:23] local.ERROR: SQLSTATE[42000]: Syntax error or access violation: 1118 Row size too large (> 8126). Changing some columns to TEXT or BLOB or using ROW_FORMAT=DYNAMIC or ROW_FORMAT=COMPRESSED may help. In current row format, BLOB prefix of 768 bytes is stored inline. (SQL: update `about` set `footer_text` = নারায়ণং পদ্মভবং বশিষ্ঠ শক্তিঞ্চ তৎপুত্র পরাশরঞ্চ ব্যাসং শুকং গৌর পাদং মহান্তং গোবিন্দ যোগিদ্রমথাস্য শিষ্যম্ শ্রী শঙ্করাচার্য্য মথাস্য পদ্মপাদঞ্চ হস্তামলকং চ শিষ্যম্। তন্দ্রোটকং বার্তিককারমন্যান অস্মদ গুরুন সন্তত মাতোহস্মি। শ্রুতি স্মৃতিপুরাণানামালয়ং করুণালয়ং।নমামি ভগবৎপাদং শঙ্করং লোকশঙ্করম্। সূত্রভাস্যকৃতৌ বন্দে ভগবন্তৌ পুনঃ পুনঃ ঈশ্বরো গুরুরাত্মেতি মূর্ত্তিভেদা বিভাগিনে ব্যোমবৎ ব্যাপ্ত দেহায় দক্ষিণামূর্তয়ে নমঃ।  ইতি গুরুপরম্পরা স্ত্রোত্রম্।, `footer_text_english` = Narayanang Padmabhabang Vashishta Shaktinch Tatputra Parasranch Vyasang Shukong Gaur Padang Mahantang Govinda Yogadramthasya Shishyam. Sri Shankaracharya Mathasya Padmapadancha Hastamlakang Cha Shishyam. Tandrotakong Bartikarmanana Asmad Gurun Santat Matohsmi. Shruti SmritiPurananamalang Karunalong. Namami Bhagavadpadong Sankarang Lokshankaram. Sutrabhasyakartau Bande Bhagwantau Re-Re Ishwaro Gururatmati Murtiveda Divisione Byomvata Is a deep deha in dakshinamurtay namah. <br />Iti Guruparampra Strotram, `facebook_link` = https://www.facebook.com/, `address` = <strong>শ্রী রামকৃষ্ণ ধর্ম চক্র</strong><br />২১১ এ, গিরিশ ঘোষ রোড, বেলুড়<br />পিও- বেলুড়মঠ,<br />হাওড়া -৭১১১২0২, `address_english` = Sri Ramakrishna Dharmachakra<br />211 A, Girish Ghosh Road,<br />Belur, P.O.- Belurmath,<br />Howrah -7111202, `youtube_link` = https://www.youtube.com/, `twitter_link` = ?, `instagram_link` = ?, `email` = ramkrishnadharmachakra@gmail.com, `phone_one` = +913326548075, `phone_two` = +919830043596, `phone_three` = +919804473647, `phone_one_bengali` = +৯১৩৩২৬৫৪৮0৭৫, `phone_two_bengali` = +৯১৯৮৩00৪৩৫৯৬, `phone_three_bengali` = +৯১৯৮0৪৪৭৩৬৪৭,, `about`.`updated_at` = 2023-07-20 15:21:23 where `id` = 1) {"exception":"[object] (Illuminate\\Database\\QueryException(code: 42000): SQLSTATE[42000]: Syntax error or access violation: 1118 Row size too large (> 8126). Changing some columns to TEXT or BLOB or using ROW_FORMAT=DYNAMIC or ROW_FORMAT=COMPRESSED may help. In current row format, BLOB prefix of 768 bytes is stored inline. (SQL: update `about` set `footer_text` = নারায়ণং পদ্মভবং বশিষ্ঠ শক্তিঞ্চ তৎপুত্র পরাশরঞ্চ ব্যাসং শুকং গৌর পাদং মহান্তং গোবিন্দ যোগিদ্রমথাস্য শিষ্যম্ শ্রী শঙ্করাচার্য্য মথাস্য পদ্মপাদঞ্চ হস্তামলকং চ শিষ্যম্। তন্দ্রোটকং বার্তিককারমন্যান অস্মদ গুরুন সন্তত মাতোহস্মি। শ্রুতি স্মৃতিপুরাণানামালয়ং করুণালয়ং।নমামি ভগবৎপাদং শঙ্করং লোকশঙ্করম্। সূত্রভাস্যকৃতৌ বন্দে ভগবন্তৌ পুনঃ পুনঃ ঈশ্বরো গুরুরাত্মেতি মূর্ত্তিভেদা বিভাগিনে ব্যোমবৎ ব্যাপ্ত দেহায় দক্ষিণামূর্তয়ে নমঃ।  ইতি গুরুপরম্পরা স্ত্রোত্রম্।, `footer_text_english` = Narayanang Padmabhabang Vashishta Shaktinch Tatputra Parasranch Vyasang Shukong Gaur Padang Mahantang Govinda Yogadramthasya Shishyam. Sri Shankaracharya Mathasya Padmapadancha Hastamlakang Cha Shishyam. Tandrotakong Bartikarmanana Asmad Gurun Santat Matohsmi. Shruti SmritiPurananamalang Karunalong. Namami Bhagavadpadong Sankarang Lokshankaram. Sutrabhasyakartau Bande Bhagwantau Re-Re Ishwaro Gururatmati Murtiveda Divisione Byomvata Is a deep deha in dakshinamurtay namah. <br />Iti Guruparampra Strotram, `facebook_link` = https://www.facebook.com/, `address` = <strong>শ্রী রামকৃষ্ণ ধর্ম চক্র</strong><br />২১১ এ, গিরিশ ঘোষ রোড, বেলুড়<br />পিও- বেলুড়মঠ,<br />হাওড়া -৭১১১২0২, `address_english` = Sri Ramakrishna Dharmachakra<br />211 A, Girish Ghosh Road,<br />Belur, P.O.- Belurmath,<br />Howrah -7111202, `youtube_link` = https://www.youtube.com/, `twitter_link` = ?, `instagram_link` = ?, `email` = ramkrishnadharmachakra@gmail.com, `phone_one` = +913326548075, `phone_two` = +919830043596, `phone_three` = +919804473647, `phone_one_bengali` = +৯১৩৩২৬৫৪৮0৭৫, `phone_two_bengali` = +৯১৯৮৩00৪৩৫৯৬, `phone_three_bengali` = +৯১৯৮0৪৪৭৩৬৪৭,, `about`.`updated_at` = 2023-07-20 15:21:23 where `id` = 1) at /var/www/beas.in/public_html/ramkrishna_dharma_chakra/vendor/laravel/framework/src/Illuminate/Database/Connection.php:712)
[stacktrace]
#0 /var/www/beas.in/public_html/ramkrishna_dharma_chakra/vendor/laravel/framework/src/Illuminate/Database/Connection.php(672): Illuminate\\Database\\Connection->runQueryCallback('update `about` ...', Array, Object(Closure))
#1 /var/www/beas.in/public_html/ramkrishna_dharma_chakra/vendor/laravel/framework/src/Illuminate/Database/Connection.php(533): Illuminate\\Database\\Connection->run('update `about` ...', Array, Object(Closure))
#2 /var/www/beas.in/public_html/ramkrishna_dharma_chakra/vendor/laravel/framework/src/Illuminate/Database/Connection.php(466): Illuminate\\Database\\Connection->affectingStatement('update `about` ...', Array)
#3 /var/www/beas.in/public_html/ramkrishna_dharma_chakra/vendor/laravel/framework/src/Illuminate/Database/Query/Builder.php(3063): Illuminate\\Database\\Connection->update('update `about` ...', Array)
#4 /var/www/beas.in/public_html/ramkrishna_dharma_chakra/vendor/laravel/framework/src/Illuminate/Database/Eloquent/Builder.php(921): Illuminate\\Database\\Query\\Builder->update(Array)
#5 /var/www/beas.in/public_html/ramkrishna_dharma_chakra/app/Http/Controllers/Admin/Modules/About/AboutController.php(108): Illuminate\\Database\\Eloquent\\Builder->update(Array)
#6 /var/www/beas.in/public_html/ramkrishna_dharma_chakra/vendor/laravel/framework/src/Illuminate/Routing/Controller.php(54): App\\Http\\Controllers\\Admin\\Modules\\About\\AboutController->footerUpdate(Object(Illuminate\\Http\\Request))
#7 /var/www/beas.in/public_html/ramkrishna_dharma_chakra/vendor/laravel/framework/src/Illuminate/Routing/ControllerDispatcher.php(45): Illuminate\\Routing\\Controller->callAction('footerUpdate', Array)
#8 /var/www/beas.in/public_html/ramkrishna_dharma_chakra/vendor/laravel/framework/src/Illuminate/Routing/Route.php(262): Illuminate\\Routing\\ControllerDispatcher->dispatch(Object(Illuminate\\Routing\\Route), Object(App\\Http\\Controllers\\Admin\\Modules\\About\\AboutController), 'footerUpdate')
#9 /var/www/beas.in/public_html/ramkrishna_dharma_chakra/vendor/laravel/framework/src/Illuminate/Routing/Route.php(205): Illuminate\\Routing\\Route->runController()
#10 /var/www/beas.in/public_html/ramkrishna_dharma_chakra/vendor/laravel/framework/src/Illuminate/Routing/Router.php(721): Illuminate\\Routing\\Route->run()
#11 /var/www/beas.in/public_html/ramkrishna_dharma_chakra/vendor/laravel/framework/src/Illuminate/Pipeline/Pipeline.php(128): Illuminate\\Routing\\Router->Illuminate\\Routing\\{closure}(Object(Illuminate\\Http\\Request))
#12 /var/www/beas.in/public_html/ramkrishna_dharma_chakra/vendor/laravel/framework/src/Illuminate/Routing/Middleware/SubstituteBindings.php(50): Illuminate\\Pipeline\\Pipeline->Illuminate\\Pipeline\\{closure}(Object(Illuminate\\Http\\Request))
#13 /var/www/beas.in/public_html/ramkrishna_dharma_chakra/vendor/laravel/framework/src/Illuminate/Pipeline/Pipeline.php(167): Illuminate\\Routing\\Middleware\\SubstituteBindings->handle(Object(Illuminate\\Http\\Request), Object(Closure))
#14 /var/www/beas.in/public_html/ramkrishna_dharma_chakra/vendor/laravel/framework/src/Illuminate/Foundation/Http/Middleware/VerifyCsrfToken.php(78): Illuminate\\Pipeline\\Pipeline->Illuminate\\Pipeline\\{closure}(Object(Illuminate\\Http\\Request))
#15 /var/www/beas.in/public_html/ramkrishna_dharma_chakra/vendor/laravel/framework/src/Illuminate/Pipeline/Pipeline.php(167): Illuminate\\Foundation\\Http\\Middleware\\VerifyCsrfToken->handle(Object(Illuminate\\Http\\Request), Object(Closure))
#16 /var/www/beas.in/public_html/ramkrishna_dharma_chakra/vendor/laravel/framework/src/Illuminate/View/Middleware/ShareErrorsFromSession.php(49): Illuminate\\Pipeline\\Pipeline->Illuminate\\Pipeline\\{closure}(Object(Illuminate\\Http\\Request))
#17 /var/www/beas.in/public_html/ramkrishna_dharma_chakra/vendor/laravel/framework/src/Illuminate/Pipeline/Pipeline.php(167): Illuminate\\View\\Middleware\\ShareErrorsFromSession->handle(Object(Illuminate\\Http\\Request), Object(Closure))
#18 /var/www/beas.in/public_html/ramkrishna_dharma_chakra/vendor/laravel/framework/src/Illuminate/Session/Middleware/StartSession.php(121): Illuminate\\Pipeline\\Pipeline->Illuminate\\Pipeline\\{closure}(Object(Illuminate\\Http\\Request))
#19 /var/www/beas.in/public_html/ramkrishna_dharma_chakra/vendor/laravel/framework/src/Illuminate/Session/Middleware/StartSession.php(64): Illuminate\\Session\\Middleware\\StartSession->handleStatefulRequest(Object(Illuminate\\Http\\Request), Object(Illuminate\\Session\\Store), Object(Closure))
#20 /var/www/beas.in/public_html/ramkrishna_dharma_chakra/vendor/laravel/framework/src/Illuminate/Pipeline/Pipeline.php(167): Illuminate\\Session\\Middleware\\StartSession->handle(Object(Illuminate\\Http\\Request), Object(Closure))
#21 /var/www/beas.in/public_html/ramkrishna_dharma_chakra/vendor/laravel/framework/src/Illuminate/Cookie/Middleware/AddQueuedCookiesToResponse.php(37): Illuminate\\Pipeline\\Pipeline->Illuminate\\Pipeline\\{closure}(Object(Illuminate\\Http\\Request))
#22 /var/www/beas.in/public_html/ramkrishna_dharma_chakra/vendor/laravel/framework/src/Illuminate/Pipeline/Pipeline.php(167): Illuminate\\Cookie\\Middleware\\AddQueuedCookiesToResponse->handle(Object(Illuminate\\Http\\Request), Object(Closure))
#23 /var/www/beas.in/public_html/ramkrishna_dharma_chakra/vendor/laravel/framework/src/Illuminate/Cookie/Middleware/EncryptCookies.php(67): Illuminate\\Pipeline\\Pipeline->Illuminate\\Pipeline\\{closure}(Object(Illuminate\\Http\\Request))
#24 /var/www/beas.in/public_html/ramkrishna_dharma_chakra/vendor/laravel/framework/src/Illuminate/Pipeline/Pipeline.php(167): Illuminate\\Cookie\\Middleware\\EncryptCookies->handle(Object(Illuminate\\Http\\Request), Object(Closure))
#25 /var/www/beas.in/public_html/ramkrishna_dharma_chakra/vendor/laravel/framework/src/Illuminate/Pipeline/Pipeline.php(103): Illuminate\\Pipeline\\Pipeline->Illuminate\\Pipeline\\{closure}(Object(Illuminate\\Http\\Request))
#26 /var/www/beas.in/public_html/ramkrishna_dharma_chakra/vendor/laravel/framework/src/Illuminate/Routing/Router.php(723): Illuminate\\Pipeline\\Pipeline->then(Object(Closure))
#27 /var/www/beas.in/public_html/ramkrishna_dharma_chakra/vendor/laravel/framework/src/Illuminate/Routing/Router.php(698): Illuminate\\Routing\\Router->runRouteWithinStack(Object(Illuminate\\Routing\\Route), Object(Illuminate\\Http\\Request))
#28 /var/www/beas.in/public_html/ramkrishna_dharma_chakra/vendor/laravel/framework/src/Illuminate/Routing/Router.php(662): Illuminate\\Routing\\Router->runRoute(Object(Illuminate\\Http\\Request), Object(Illuminate\\Routing\\Route))
#29 /var/www/beas.in/public_html/ramkrishna_dharma_chakra/vendor/laravel/framework/src/Illuminate/Routing/Router.php(651): Illuminate\\Routing\\Router->dispatchToRoute(Object(Illuminate\\Http\\Request))
#30 /var/www/beas.in/public_html/ramkrishna_dharma_chakra/vendor/laravel/framework/src/Illuminate/Foundation/Http/Kernel.php(167): Illuminate\\Routing\\Router->dispatch(Object(Illuminate\\Http\\Request))
#31 /var/www/beas.in/public_html/ramkrishna_dharma_chakra/vendor/laravel/framework/src/Illuminate/Pipeline/Pipeline.php(128): Illuminate\\Foundation\\Http\\Kernel->Illuminate\\Foundation\\Http\\{closure}(Object(Illuminate\\Http\\Request))
#32 /var/www/beas.in/public_html/ramkrishna_dharma_chakra/vendor/laravel/framework/src/Illuminate/Foundation/Http/Middleware/TransformsRequest.php(21): Illuminate\\Pipeline\\Pipeline->Illuminate\\Pipeline\\{closure}(Object(Illuminate\\Http\\Request))
#33 /var/www/beas.in/public_html/ramkrishna_dharma_chakra/vendor/laravel/framework/src/Illuminate/Foundation/Http/Middleware/ConvertEmptyStringsToNull.php(31): Illuminate\\Foundation\\Http\\Middleware\\TransformsRequest->handle(Object(Illuminate\\Http\\Request), Object(Closure))
#34 /var/www/beas.in/public_html/ramkrishna_dharma_chakra/vendor/laravel/framework/src/Illuminate/Pipeline/Pipeline.php(167): Illuminate\\Foundation\\Http\\Middleware\\ConvertEmptyStringsToNull->handle(Object(Illuminate\\Http\\Request), Object(Closure))
#35 /var/www/beas.in/public_html/ramkrishna_dharma_chakra/vendor/laravel/framework/src/Illuminate/Foundation/Http/Middleware/TransformsRequest.php(21): Illuminate\\Pipeline\\Pipeline->Illuminate\\Pipeline\\{closure}(Object(Illuminate\\Http\\Request))
#36 /var/www/beas.in/public_html/ramkrishna_dharma_chakra/vendor/laravel/framework/src/Illuminate/Foundation/Http/Middleware/TrimStrings.php(40): Illuminate\\Foundation\\Http\\Middleware\\TransformsRequest->handle(Object(Illuminate\\Http\\Request), Object(Closure))
#37 /var/www/beas.in/public_html/ramkrishna_dharma_chakra/vendor/laravel/framework/src/Illuminate/Pipeline/Pipeline.php(167): Illuminate\\Foundation\\Http\\Middleware\\TrimStrings->handle(Object(Illuminate\\Http\\Request), Object(Closure))
#38 /var/www/beas.in/public_html/ramkrishna_dharma_chakra/vendor/laravel/framework/src/Illuminate/Foundation/Http/Middleware/ValidatePostSize.php(27): Illuminate\\Pipeline\\Pipeline->Illuminate\\Pipeline\\{closure}(Object(Illuminate\\Http\\Request))
#39 /var/www/beas.in/public_html/ramkrishna_dharma_chakra/vendor/laravel/framework/src/Illuminate/Pipeline/Pipeline.php(167): Illuminate\\Foundation\\Http\\Middleware\\ValidatePostSize->handle(Object(Illuminate\\Http\\Request), Object(Closure))
#40 /var/www/beas.in/public_html/ramkrishna_dharma_chakra/vendor/laravel/framework/src/Illuminate/Foundation/Http/Middleware/PreventRequestsDuringMaintenance.php(86): Illuminate\\Pipeline\\Pipeline->Illuminate\\Pipeline\\{closure}(Object(Illuminate\\Http\\Request))
#41 /var/www/beas.in/public_html/ramkrishna_dharma_chakra/vendor/laravel/framework/src/Illuminate/Pipeline/Pipeline.php(167): Illuminate\\Foundation\\Http\\Middleware\\PreventRequestsDuringMaintenance->handle(Object(Illuminate\\Http\\Request), Object(Closure))
#42 /var/www/beas.in/public_html/ramkrishna_dharma_chakra/vendor/fideloper/proxy/src/TrustProxies.php(57): Illuminate\\Pipeline\\Pipeline->Illuminate\\Pipeline\\{closure}(Object(Illuminate\\Http\\Request))
#43 /var/www/beas.in/public_html/ramkrishna_dharma_chakra/vendor/laravel/framework/src/Illuminate/Pipeline/Pipeline.php(167): Fideloper\\Proxy\\TrustProxies->handle(Object(Illuminate\\Http\\Request), Object(Closure))
#44 /var/www/beas.in/public_html/ramkrishna_dharma_chakra/vendor/laravel/framework/src/Illuminate/Pipeline/Pipeline.php(103): Illuminate\\Pipeline\\Pipeline->Illuminate\\Pipeline\\{closure}(Object(Illuminate\\Http\\Request))
#45 /var/www/beas.in/public_html/ramkrishna_dharma_chakra/vendor/laravel/framework/src/Illuminate/Foundation/Http/Kernel.php(142): Illuminate\\Pipeline\\Pipeline->then(Object(Closure))
#46 /var/www/beas.in/public_html/ramkrishna_dharma_chakra/vendor/laravel/framework/src/Illuminate/Foundation/Http/Kernel.php(111): Illuminate\\Foundation\\Http\\Kernel->sendRequestThroughRouter(Object(Illuminate\\Http\\Request))
#47 /var/www/beas.in/public_html/ramkrishna_dharma_chakra/index.php(54): Illuminate\\Foundation\\Http\\Kernel->handle(Object(Illuminate\\Http\\Request))
#48 {main}

[previous exception] [object] (PDOException(code: 42000): SQLSTATE[42000]: Syntax error or access violation: 1118 Row size too large (> 8126). Changing some columns to TEXT or BLOB or using ROW_FORMAT=DYNAMIC or ROW_FORMAT=COMPRESSED may help. In current row format, BLOB prefix of 768 bytes is stored inline. at /var/www/beas.in/public_html/ramkrishna_dharma_chakra/vendor/laravel/framework/src/Illuminate/Database/Connection.php:526)
[stacktrace]
#0 /var/www/beas.in/public_html/ramkrishna_dharma_chakra/vendor/laravel/framework/src/Illuminate/Database/Connection.php(526): PDOStatement->execute()
#1 /var/www/beas.in/public_html/ramkrishna_dharma_chakra/vendor/laravel/framework/src/Illuminate/Database/Connection.php(705): Illuminate\\Database\\Connection->Illuminate\\Database\\{closure}('update `about` ...', Array)
#2 /var/www/beas.in/public_html/ramkrishna_dharma_chakra/vendor/laravel/framework/src/Illuminate/Database/Connection.php(672): Illuminate\\Database\\Connection->runQueryCallback('update `about` ...', Array, Object(Closure))
#3 /var/www/beas.in/public_html/ramkrishna_dharma_chakra/vendor/laravel/framework/src/Illuminate/Database/Connection.php(533): Illuminate\\Database\\Connection->run('update `about` ...', Array, Object(Closure))
#4 /var/www/beas.in/public_html/ramkrishna_dharma_chakra/vendor/laravel/framework/src/Illuminate/Database/Connection.php(466): Illuminate\\Database\\Connection->affectingStatement('update `about` ...', Array)
#5 /var/www/beas.in/public_html/ramkrishna_dharma_chakra/vendor/laravel/framework/src/Illuminate/Database/Query/Builder.php(3063): Illuminate\\Database\\Connection->update('update `about` ...', Array)
#6 /var/www/beas.in/public_html/ramkrishna_dharma_chakra/vendor/laravel/framework/src/Illuminate/Database/Eloquent/Builder.php(921): Illuminate\\Database\\Query\\Builder->update(Array)
#7 /var/www/beas.in/public_html/ramkrishna_dharma_chakra/app/Http/Controllers/Admin/Modules/About/AboutController.php(108): Illuminate\\Database\\Eloquent\\Builder->update(Array)
#8 /var/www/beas.in/public_html/ramkrishna_dharma_chakra/vendor/laravel/framework/src/Illuminate/Routing/Controller.php(54): App\\Http\\Controllers\\Admin\\Modules\\About\\AboutController->footerUpdate(Object(Illuminate\\Http\\Request))
#9 /var/www/beas.in/public_html/ramkrishna_dharma_chakra/vendor/laravel/framework/src/Illuminate/Routing/ControllerDispatcher.php(45): Illuminate\\Routing\\Controller->callAction('footerUpdate', Array)
#10 /var/www/beas.in/public_html/ramkrishna_dharma_chakra/vendor/laravel/framework/src/Illuminate/Routing/Route.php(262): Illuminate\\Routing\\ControllerDispatcher->dispatch(Object(Illuminate\\Routing\\Route), Object(App\\Http\\Controllers\\Admin\\Modules\\About\\AboutController), 'footerUpdate')
#11 /var/www/beas.in/public_html/ramkrishna_dharma_chakra/vendor/laravel/framework/src/Illuminate/Routing/Route.php(205): Illuminate\\Routing\\Route->runController()
#12 /var/www/beas.in/public_html/ramkrishna_dharma_chakra/vendor/laravel/framework/src/Illuminate/Routing/Router.php(721): Illuminate\\Routing\\Route->run()
#13 /var/www/beas.in/public_html/ramkrishna_dharma_chakra/vendor/laravel/framework/src/Illuminate/Pipeline/Pipeline.php(128): Illuminate\\Routing\\Router->Illuminate\\Routing\\{closure}(Object(Illuminate\\Http\\Request))
#14 /var/www/beas.in/public_html/ramkrishna_dharma_chakra/vendor/laravel/framework/src/Illuminate/Routing/Middleware/SubstituteBindings.php(50): Illuminate\\Pipeline\\Pipeline->Illuminate\\Pipeline\\{closure}(Object(Illuminate\\Http\\Request))
#15 /var/www/beas.in/public_html/ramkrishna_dharma_chakra/vendor/laravel/framework/src/Illuminate/Pipeline/Pipeline.php(167): Illuminate\\Routing\\Middleware\\SubstituteBindings->handle(Object(Illuminate\\Http\\Request), Object(Closure))
#16 /var/www/beas.in/public_html/ramkrishna_dharma_chakra/vendor/laravel/framework/src/Illuminate/Foundation/Http/Middleware/VerifyCsrfToken.php(78): Illuminate\\Pipeline\\Pipeline->Illuminate\\Pipeline\\{closure}(Object(Illuminate\\Http\\Request))
#17 /var/www/beas.in/public_html/ramkrishna_dharma_chakra/vendor/laravel/framework/src/Illuminate/Pipeline/Pipeline.php(167): Illuminate\\Foundation\\Http\\Middleware\\VerifyCsrfToken->handle(Object(Illuminate\\Http\\Request), Object(Closure))
#18 /var/www/beas.in/public_html/ramkrishna_dharma_chakra/vendor/laravel/framework/src/Illuminate/View/Middleware/ShareErrorsFromSession.php(49): Illuminate\\Pipeline\\Pipeline->Illuminate\\Pipeline\\{closure}(Object(Illuminate\\Http\\Request))
#19 /var/www/beas.in/public_html/ramkrishna_dharma_chakra/vendor/laravel/framework/src/Illuminate/Pipeline/Pipeline.php(167): Illuminate\\View\\Middleware\\ShareErrorsFromSession->handle(Object(Illuminate\\Http\\Request), Object(Closure))
#20 /var/www/beas.in/public_html/ramkrishna_dharma_chakra/vendor/laravel/framework/src/Illuminate/Session/Middleware/StartSession.php(121): Illuminate\\Pipeline\\Pipeline->Illuminate\\Pipeline\\{closure}(Object(Illuminate\\Http\\Request))
#21 /var/www/beas.in/public_html/ramkrishna_dharma_chakra/vendor/laravel/framework/src/Illuminate/Session/Middleware/StartSession.php(64): Illuminate\\Session\\Middleware\\StartSession->handleStatefulRequest(Object(Illuminate\\Http\\Request), Object(Illuminate\\Session\\Store), Object(Closure))
#22 /var/www/beas.in/public_html/ramkrishna_dharma_chakra/vendor/laravel/framework/src/Illuminate/Pipeline/Pipeline.php(167): Illuminate\\Session\\Middleware\\StartSession->handle(Object(Illuminate\\Http\\Request), Object(Closure))
#23 /var/www/beas.in/public_html/ramkrishna_dharma_chakra/vendor/laravel/framework/src/Illuminate/Cookie/Middleware/AddQueuedCookiesToResponse.php(37): Illuminate\\Pipeline\\Pipeline->Illuminate\\Pipeline\\{closure}(Object(Illuminate\\Http\\Request))
#24 /var/www/beas.in/public_html/ramkrishna_dharma_chakra/vendor/laravel/framework/src/Illuminate/Pipeline/Pipeline.php(167): Illuminate\\Cookie\\Middleware\\AddQueuedCookiesToResponse->handle(Object(Illuminate\\Http\\Request), Object(Closure))
#25 /var/www/beas.in/public_html/ramkrishna_dharma_chakra/vendor/laravel/framework/src/Illuminate/Cookie/Middleware/EncryptCookies.php(67): Illuminate\\Pipeline\\Pipeline->Illuminate\\Pipeline\\{closure}(Object(Illuminate\\Http\\Request))
#26 /var/www/beas.in/public_html/ramkrishna_dharma_chakra/vendor/laravel/framework/src/Illuminate/Pipeline/Pipeline.php(167): Illuminate\\Cookie\\Middleware\\EncryptCookies->handle(Object(Illuminate\\Http\\Request), Object(Closure))
#27 /var/www/beas.in/public_html/ramkrishna_dharma_chakra/vendor/laravel/framework/src/Illuminate/Pipeline/Pipeline.php(103): Illuminate\\Pipeline\\Pipeline->Illuminate\\Pipeline\\{closure}(Object(Illuminate\\Http\\Request))
#28 /var/www/beas.in/public_html/ramkrishna_dharma_chakra/vendor/laravel/framework/src/Illuminate/Routing/Router.php(723): Illuminate\\Pipeline\\Pipeline->then(Object(Closure))
#29 /var/www/beas.in/public_html/ramkrishna_dharma_chakra/vendor/laravel/framework/src/Illuminate/Routing/Router.php(698): Illuminate\\Routing\\Router->runRouteWithinStack(Object(Illuminate\\Routing\\Route), Object(Illuminate\\Http\\Request))
#30 /var/www/beas.in/public_html/ramkrishna_dharma_chakra/vendor/laravel/framework/src/Illuminate/Routing/Router.php(662): Illuminate\\Routing\\Router->runRoute(Object(Illuminate\\Http\\Request), Object(Illuminate\\Routing\\Route))
#31 /var/www/beas.in/public_html/ramkrishna_dharma_chakra/vendor/laravel/framework/src/Illuminate/Routing/Router.php(651): Illuminate\\Routing\\Router->dispatchToRoute(Object(Illuminate\\Http\\Request))
#32 /var/www/beas.in/public_html/ramkrishna_dharma_chakra/vendor/laravel/framework/src/Illuminate/Foundation/Http/Kernel.php(167): Illuminate\\Routing\\Router->dispatch(Object(Illuminate\\Http\\Request))
#33 /var/www/beas.in/public_html/ramkrishna_dharma_chakra/vendor/laravel/framework/src/Illuminate/Pipeline/Pipeline.php(128): Illuminate\\Foundation\\Http\\Kernel->Illuminate\\Foundation\\Http\\{closure}(Object(Illuminate\\Http\\Request))
#34 /var/www/beas.in/public_html/ramkrishna_dharma_chakra/vendor/laravel/framework/src/Illuminate/Foundation/Http/Middleware/TransformsRequest.php(21): Illuminate\\Pipeline\\Pipeline->Illuminate\\Pipeline\\{closure}(Object(Illuminate\\Http\\Request))
#35 /var/www/beas.in/public_html/ramkrishna_dharma_chakra/vendor/laravel/framework/src/Illuminate/Foundation/Http/Middleware/ConvertEmptyStringsToNull.php(31): Illuminate\\Foundation\\Http\\Middleware\\TransformsRequest->handle(Object(Illuminate\\Http\\Request), Object(Closure))
#36 /var/www/beas.in/public_html/ramkrishna_dharma_chakra/vendor/laravel/framework/src/Illuminate/Pipeline/Pipeline.php(167): Illuminate\\Foundation\\Http\\Middleware\\ConvertEmptyStringsToNull->handle(Object(Illuminate\\Http\\Request), Object(Closure))
#37 /var/www/beas.in/public_html/ramkrishna_dharma_chakra/vendor/laravel/framework/src/Illuminate/Foundation/Http/Middleware/TransformsRequest.php(21): Illuminate\\Pipeline\\Pipeline->Illuminate\\Pipeline\\{closure}(Object(Illuminate\\Http\\Request))
#38 /var/www/beas.in/public_html/ramkrishna_dharma_chakra/vendor/laravel/framework/src/Illuminate/Foundation/Http/Middleware/TrimStrings.php(40): Illuminate\\Foundation\\Http\\Middleware\\TransformsRequest->handle(Object(Illuminate\\Http\\Request), Object(Closure))
#39 /var/www/beas.in/public_html/ramkrishna_dharma_chakra/vendor/laravel/framework/src/Illuminate/Pipeline/Pipeline.php(167): Illuminate\\Foundation\\Http\\Middleware\\TrimStrings->handle(Object(Illuminate\\Http\\Request), Object(Closure))
#40 /var/www/beas.in/public_html/ramkrishna_dharma_chakra/vendor/laravel/framework/src/Illuminate/Foundation/Http/Middleware/ValidatePostSize.php(27): Illuminate\\Pipeline\\Pipeline->Illuminate\\Pipeline\\{closure}(Object(Illuminate\\Http\\Request))
#41 /var/www/beas.in/public_html/ramkrishna_dharma_chakra/vendor/laravel/framework/src/Illuminate/Pipeline/Pipeline.php(167): Illuminate\\Foundation\\Http\\Middleware\\ValidatePostSize->handle(Object(Illuminate\\Http\\Request), Object(Closure))
#42 /var/www/beas.in/public_html/ramkrishna_dharma_chakra/vendor/laravel/framework/src/Illuminate/Foundation/Http/Middleware/PreventRequestsDuringMaintenance.php(86): Illuminate\\Pipeline\\Pipeline->Illuminate\\Pipeline\\{closure}(Object(Illuminate\\Http\\Request))
#43 /var/www/beas.in/public_html/ramkrishna_dharma_chakra/vendor/laravel/framework/src/Illuminate/Pipeline/Pipeline.php(167): Illuminate\\Foundation\\Http\\Middleware\\PreventRequestsDuringMaintenance->handle(Object(Illuminate\\Http\\Request), Object(Closure))
#44 /var/www/beas.in/public_html/ramkrishna_dharma_chakra/vendor/fideloper/proxy/src/TrustProxies.php(57): Illuminate\\Pipeline\\Pipeline->Illuminate\\Pipeline\\{closure}(Object(Illuminate\\Http\\Request))
#45 /var/www/beas.in/public_html/ramkrishna_dharma_chakra/vendor/laravel/framework/src/Illuminate/Pipeline/Pipeline.php(167): Fideloper\\Proxy\\TrustProxies->handle(Object(Illuminate\\Http\\Request), Object(Closure))
#46 /var/www/beas.in/public_html/ramkrishna_dharma_chakra/vendor/laravel/framework/src/Illuminate/Pipeline/Pipeline.php(103): Illuminate\\Pipeline\\Pipeline->Illuminate\\Pipeline\\{closure}(Object(Illuminate\\Http\\Request))
#47 /var/www/beas.in/public_html/ramkrishna_dharma_chakra/vendor/laravel/framework/src/Illuminate/Foundation/Http/Kernel.php(142): Illuminate\\Pipeline\\Pipeline->then(Object(Closure))
#48 /var/www/beas.in/public_html/ramkrishna_dharma_chakra/vendor/laravel/framework/src/Illuminate/Foundation/Http/Kernel.php(111): Illuminate\\Foundation\\Http\\Kernel->sendRequestThroughRouter(Object(Illuminate\\Http\\Request))
#49 /var/www/beas.in/public_html/ramkrishna_dharma_chakra/index.php(54): Illuminate\\Foundation\\Http\\Kernel->handle(Object(Illuminate\\Http\\Request))
#50 {main}
"} 
[2023-07-20 17:30:05] local.ERROR: Attempt to read property "image" on null (View: /var/www/beas.in/public_html/ramkrishna_dharma_chakra/resources/views/admin/includes/header.blade.php) {"view":{"view":"/var/www/beas.in/public_html/ramkrishna_dharma_chakra/resources/views/admin/includes/header.blade.php","data":{"errors":"<pre class=sf-dump id=sf-dump-984597742 data-indent-pad=\"  \"><span class=sf-dump-note>Illuminate\\Support\\ViewErrorBag</span> {<a class=sf-dump-ref>#458</a><samp data-depth=1 class=sf-dump-expanded>
  #<span class=sf-dump-protected title=\"Protected property\">bags</span>: []
</samp>}
</pre><script>Sfdump(\"sf-dump-984597742\", {\"maxDepth\":3,\"maxStringLength\":160})</script>
","data":"<pre class=sf-dump id=sf-dump-1337738941 data-indent-pad=\"  \"><span class=sf-dump-note>App\\About</span> {<a class=sf-dump-ref>#478</a><samp data-depth=1 class=sf-dump-expanded>
  #<span class=sf-dump-protected title=\"Protected property\">table</span>: \"<span class=sf-dump-str title=\"5 characters\">about</span>\"
  #<span class=sf-dump-protected title=\"Protected property\">guarded</span>: []
  #<span class=sf-dump-protected title=\"Protected property\">connection</span>: \"<span class=sf-dump-str title=\"5 characters\">mysql</span>\"
  #<span class=sf-dump-protected title=\"Protected property\">primaryKey</span>: \"<span class=sf-dump-str title=\"2 characters\">id</span>\"
  #<span class=sf-dump-protected title=\"Protected property\">keyType</span>: \"<span class=sf-dump-str title=\"3 characters\">int</span>\"
  +<span class=sf-dump-public title=\"Public property\">incrementing</span>: <span class=sf-dump-const>true</span>
  #<span class=sf-dump-protected title=\"Protected property\">with</span>: []
  #<span class=sf-dump-protected title=\"Protected property\">withCount</span>: []
  +<span class=sf-dump-public title=\"Public property\">preventsLazyLoading</span>: <span class=sf-dump-const>false</span>
  #<span class=sf-dump-protected title=\"Protected property\">perPage</span>: <span class=sf-dump-num>15</span>
  +<span class=sf-dump-public title=\"Public property\">exists</span>: <span class=sf-dump-const>true</span>
  +<span class=sf-dump-public title=\"Public property\">wasRecentlyCreated</span>: <span class=sf-dump-const>false</span>
  #<span class=sf-dump-protected title=\"Protected property\">escapeWhenCastingToString</span>: <span class=sf-dump-const>false</span>
  #<span class=sf-dump-protected title=\"Protected property\">attributes</span>: <span class=sf-dump-note>array:30</span> [<samp data-depth=2 class=sf-dump-compact>
    \"<span class=sf-dump-key>id</span>\" => <span class=sf-dump-num>1</span>
    \"<span class=sf-dump-key>image</span>\" => \"<span class=sf-dump-str title=\"19 characters\">1685509782-1603.jpg</span>\"
    \"<span class=sf-dump-key>description</span>\" => \"<span class=sf-dump-str title=\"445 characters\">&#2472;&#2494;&#2480;&#2494;&#2527;&#2467;&#2434; &#2474;&#2470;&#2509;&#2478;&#2477;&#2476;&#2434; &#2476;&#2486;&#2495;&#2487;&#2509;&#2464; &#2486;&#2453;&#2509;&#2468;&#2495;&#2462;&#2509;&#2458; &#2468;&#2510;&#2474;&#2497;&#2468;&#2509;&#2480; &#2474;&#2480;&#2494;&#2486;&#2480;&#2462;&#2509;&#2458;&#160;&#2476;&#2509;&#2479;&#2494;&#2488;&#2434; &#2486;&#2497;&#2453;&#2434; &#2455;&#2508;&#2480; &#2474;&#2494;&#2470;&#2434; &#2478;&#2489;&#2494;&#2472;&#2509;&#2468;&#2434; &#2455;&#2507;&#2476;&#2495;&#2472;&#2509;&#2470; &#2479;&#2507;&#2455;&#2495;&#2470;&#2509;&#2480;&#2478;&#2469;&#2494;&#2488;&#2509;&#2479; &#2486;&#2495;&#2487;&#2509;&#2479;&#2478;&#2509; &#2486;&#2509;&#2480;&#2496; &#2486;&#2457;&#2509;&#2453;&#2480;&#2494;&#2458;&#2494;&#2480;&#2509;&#2479;&#2509;&#2479; &#2478;&#2469;&#2494;&#2488;&#2509;&#2479; &#2474;&#2470;&#2509;&#2478;&#2474;&#2494;&#2470;&#2462;&#2509;&#2458; &#2489;&#2488;&#2509;&#2468;&#2494;&#2478;&#2482;&#2453;&#2434; &#2458; &#2486;&#2495;&#2487;&#2509;&#2479;&#2478;&#2509;&#2404;&#160;&#2468;&#2472;&#2509;&#2470;&#2509;&#2480;&#2507;&#2463;&#2453;&#2434; &#2476;&#2494;&#2480;&#2509;&#2468;&#2495;&#2453;&#2453;&#2494;&#2480;&#2478;&#2472;&#2509;&#2479;&#2494;&#2472; &#2437;&#2488;&#2509;&#2478;&#2470; &#2455;&#2497;&#2480;&#2497;&#2472; &#2488;&#2472;&#2509;&#2468;&#2468; &#2478;&#2494;&#2468;&#2507;&#2489;&#2488;&#2509;&#2478;&#2495;&#2404;&#160;&#2486;&#2509;&#2480;&#2497;&#2468;&#2495; &#2488;&#2509;&#2478;&#2499;&#2468;&#2495;&#2474;&#2497;&#2480;&#2494;&#2467;&#2494;&#2472;&#2494;&#2478;&#2494;&#2482;&#2527;&#2434; &#2453;&#2480;&#2497;&#2467;&#2494;&#2482;&#2527;&#2434;&#2404;&#2472;&#2478;&#2494;&#2478;&#2495; &#2477;&#2455;&#2476;&#2510;&#2474;&#2494;&#2470;&#2434; &#2486;&#2457;&#2509;&#2453;&#2480;&#2434; &#2482;&#2507;&#2453;&#2486;&#2457;&#2509;&#2453;&#2480;&#2478;&#2509;&#2404;&#160;&#2488;&#2498;&#2468;&#2509;&#2480;&#2477;&#2494;&#2488;&#2509;&#2479;&#2453;&#2499;&#2468;&#2508; &#2476;&#2472;&#2509;&#2470;&#2503; &#2477;&#2455;&#2476;&#2472;&#2509;&#2468;&#2508; &#2474;&#2497;&#2472;&#2435; &#2474;&#2497;&#2472;&#2435; &#2440;&#2486;&#2509;&#2476;&#2480;&#2507; &#2455;&#2497;&#2480;&#2497;&#2480;&#2494;&#2468;&#2509;&#2478;&#2503;&#2468;&#2495; &#2478;&#2498;&#2480;&#2509;&#2468;&#2509;&#2468;&#2495;&#2477;&#2503;&#2470;&#2494; &#2476;&#2495;&#2477;&#2494;&#2455;&#2495;&#2472;&#2503; &#2476;&#2509;&#2479;&#2507;&#2478;&#2476;&#2510; &#2476;&#2509;&#2479;&#2494;&#2474;&#2509;&#2468; &#2470;&#2503;&#2489;&#2494;&#2527; &#2470;&#2453;&#2509;&#2487;&#2495;&#2467;&#2494;&#2478;&#2498;&#2480;&#2509;&#2468;&#2527;&#2503; &#2472;&#2478;&#2435;&#2404;&#160; &#2439;&#2468;&#2495; &#2455;&#2497;&#2480;&#2497;&#2474;&#2480;&#2478;&#2509;&#2474;&#2480;&#2494; &#2488;&#2509;&#2468;&#2509;&#2480;&#2507;&#2468;&#2509;&#2480;&#2478;&#2509;&#2404;</span>\"
    \"<span class=sf-dump-key>donate_description</span>\" => \"\"\"
      <span class=sf-dump-str title=\"1430 characters\">&#2486;&#2509;&#2480;&#2496;&#2480;&#2494;&#2478;&#2453;&#2499;&#2487;&#2509;&#2467; &#2471;&#2480;&#2509;&#2478;&#2458;&#2453;&#2509;&#2480;&#2503;&#2480; &#2474;&#2509;&#2480;&#2468;&#2495;&#2487;&#2509;&#2464;&#2494;&#2468;&#2494; &#2476;&#2509;&#2480;&#2489;&#2509;&#2478;&#2482;&#2496;&#2472; &#2488;&#2509;&#2476;&#2494;&#2478;&#2496; &#2460;&#2455;&#2470;&#2496;&#2486;&#2509;&#2476;&#2480;&#2494;&#2472;&#2472;&#2509;&#2470; &#2478;&#2489;&#2494;&#2480;&#2494;&#2460; &#2459;&#2495;&#2482;&#2503;&#2472; &#2447;&#2453;&#2460;&#2472; &#2488;&#2480;&#2509;&#2476;&#2468;&#2509;&#2479;&#2494;&#2455;&#2496; &#2488;&#2472;&#2509;&#2472;&#2509;&#2479;&#2494;&#2488;&#2496;&#2404; &#2489;&#2495;&#2472;&#2509;&#2470;&#2497;&#2471;&#2480;&#2509;&#2478;&#2503;&#2480; &#2476;&#2509;&#2479;&#2453;&#2509;&#2468;&#2495;, &#2476;&#2504;&#2470;&#2495;&#2453; &#2488;&#2494;&#2471;&#2472; &#2451; &#2438;&#2458;&#2494;&#2480;&#2476;&#2495;&#2471;&#2495; &#2451; &#2486;&#2509;&#2480;&#2496;&#2480;&#2494;&#2478;&#2453;&#2499;&#2487;&#2509;&#2467; &#2474;&#2480;&#2478;&#2489;&#2434;&#2488;&#2503;&#2480; &#2474;&#2480;&#2478;&#2509;&#2474;&#2480;&#2494; &#2451; &#2471;&#2480;&#2509;&#2478;&#2494;&#2458;&#2494;&#2480;&#2467;&#2503;&#2480; &#2474;&#2509;&#2480;&#2488;&#2494;&#2480; &#2456;&#2463;&#2494;&#2472;&#2507;&#2480; &#2460;&#2472;&#2509;&#2479; &#2453;&#2495;&#2459;&#2497; &#2488;&#2489;&#2499;&#2470;&#2479;&#2492; &#2477;&#2453;&#2509;&#2468;&#2503;&#2480; &#2438;&#2480;&#2509;&#2469;&#2495;&#2453; &#2488;&#2494;&#2489;&#2494;&#2479;&#2509;&#2479;, &#2453;&#2494;&#2479;&#2492;&#2495;&#2453; &#2486;&#2509;&#2480;&#2478; &#2451; &#2437;&#2472;&#2497;&#2474;&#2509;&#2480;&#2503;&#2480;&#2467;&#2494;&#2479;&#2492; &#2437;&#2468;&#2495; &#2453;&#2487;&#2509;&#2463;&#2503; &#2468;&#2495;&#2472;&#2495; &#2455;&#2465;&#2492;&#2503; &#2468;&#2497;&#2482;&#2503;&#2459;&#2495;&#2482;&#2503;&#2472; &#2447;&#2439; &#2474;&#2509;&#2480;&#2468;&#2495;&#2487;&#2509;&#2464;&#2494;&#2472;&#2404; &#2455;&#2497;&#2480;&#2497; &#2478;&#2489;&#2494;&#2480;&#2494;&#2460;&#2503;&#2480; &#2472;&#2496;&#2468;&#2495; &#2451; &#2477;&#2494;&#2476;&#2471;&#2494;&#2480;&#2494; &#2437;&#2472;&#2497;&#2488;&#2480;&#2467; &#2453;&#2480;&#2503; &#2474;&#2480;&#2476;&#2480;&#2509;&#2468;&#2496;&#2453;&#2494;&#2482;&#2503; &#2468;&#2494;&#2433;&#2480; &#2470;&#2496;&#2453;&#2509;&#2487;&#2495;&#2468; &#2438;&#2486;&#2509;&#2480;&#2478;&#2476;&#2494;&#2488;&#2496; &#2488;&#2472;&#2509;&#2472;&#2509;&#2479;&#2494;&#2488;&#2496; &#2451; &#2488;&#2472;&#2509;&#2472;&#2509;&#2479;&#2494;&#2488;&#2495;&#2472;&#2496;&#2480;&#2494; &#2453;&#2464;&#2507;&#2480; &#2488;&#2472;&#2509;&#2472;&#2509;&#2479;&#2494;&#2488;&#2476;&#2509;&#2480;&#2468; &#2474;&#2494;&#2482;&#2472; &#2453;&#2480;&#2503; &#2458;&#2482;&#2503;&#2459;&#2503;&#2472;&#2404; &#2476;&#2489;&#2497; &#2468;&#2469;&#2494;&#2453;&#2469;&#2495;&#2468; &#2471;&#2480;&#2509;&#2478;&#2474;&#2509;&#2480;&#2468;&#2495;&#2487;&#2509;&#2464;&#2494;&#2472;&#2503;&#2480; &#2478;&#2468; &#2447;&#2454;&#2494;&#2472;&#2503; &#2471;&#2480;&#2509;&#2478;&#2503;&#2480; &#2476;&#2495;&#2472;&#2495;&#2478;&#2479;&#2492;&#2503; &#2437;&#2480;&#2509;&#2469; &#2441;&#2474;&#2494;&#2480;&#2509;&#2460;&#2472; &#2453;&#2480;&#2494; &#2489;&#2479;&#2492; &#2472;&#2494;&#2404; &#2447;&#2463;&#2495; &#2453;&#2464;&#2507;&#2480;&#2477;&#2494;&#2476;&#2503; &#2455;&#2497;&#2480;&#2497; &#2478;&#2489;&#2494;&#2480;&#2494;&#2460;&#2503;&#2480; &#2472;&#2496;&#2468;&#2495;&#2476;&#2495;&#2480;&#2497;&#2470;&#2509;&#2471; &#2459;&#2495;&#2482;&#2404; &#2453;&#2495;&#2472;&#2509;&#2468;&#2497; &#2476;&#2494;&#2488;&#2509;&#2468;&#2476; &#2447;&#2463;&#2494;&#2439; &#2479;&#2503; &#2476;&#2480;&#2509;&#2468;&#2478;&#2494;&#2472; &#2478;&#2498;&#2482;&#2509;&#2479;&#2476;&#2499;&#2470;&#2509;&#2471;&#2495; &#2451; &#2476;&#2509;&#2479;&#2494;&#2479;&#2492;&#2476;&#2494;&#2489;&#2497;&#2482;&#2509;&#2479;&#2503;&#2480; &#2453;&#2494;&#2480;&#2467;&#2503; &#2438;&#2486;&#2509;&#2480;&#2478;&#2476;&#2494;&#2488;&#2496;&#2470;&#2503;&#2480; &#2460;&#2496;&#2476;&#2472;&#2479;&#2494;&#2474;&#2472;, &#2474;&#2509;&#2480;&#2468;&#2495;&#2487;&#2509;&#2464;&#2495;&#2468; &#2488;&#2453;&#2482; &#2470;&#2503;&#2476;&#2470;&#2503;&#2476;&#2496;&#2470;&#2503;&#2480; &#2472;&#2495;&#2468;&#2509;&#2479;&#2488;&#2503;&#2476;&#2494; &#2451; &#2438;&#2486;&#2509;&#2480;&#2478; &#2480;&#2453;&#2509;&#2487;&#2467;&#2494;&#2476;&#2503;&#2453;&#2509;&#2487;&#2467;&#2503;&#2480; &#2460;&#2472;&#2509;&#2479; &#2472;&#2509;&#2479;&#2497;&#2472;&#2468;&#2478; &#2437;&#2480;&#2509;&#2469;&#2503;&#2480; &#2479;&#2503; &#2474;&#2509;&#2480;&#2479;&#2492;&#2507;&#2460;&#2472;&#2496;&#2479;&#2492;&#2468;&#2494; &#2438;&#2459;&#2503; &#2468;&#2494; &#2437;&#2472;&#2488;&#2509;&#2476;&#2496;&#2453;&#2494;&#2480;&#2509;&#2479;&#2404;<span class=\"sf-dump-default sf-dump-ns\">\\r\\n</span></span>
      <span class=sf-dump-str title=\"1430 characters\">&#2474;&#2497;&#2480;&#2494;&#2467;&#2494;&#2470;&#2495; &#2486;&#2494;&#2488;&#2509;&#2468;&#2509;&#2480;&#2503; &#2441;&#2482;&#2509;&#2482;&#2503;&#2454; &#2438;&#2459;&#2503; &#039;&#2470;&#2494;&#2472;&#039; &#2471;&#2480;&#2509;&#2478;&#2494;&#2458;&#2494;&#2480;&#2467;&#2503;&#2480; &#2447;&#2453;&#2463;&#2495; &#2437;&#2457;&#2509;&#2455;, &#2468;&#2494;&#2439; &#2486;&#2509;&#2480;&#2496;&#2480;&#2494;&#2478;&#2453;&#2499;&#2487;&#2509;&#2467; &#2471;&#2480;&#2509;&#2478;&#2458;&#2453;&#2509;&#2480;&#2503;&#2480; &#2478;&#2497;&#2487;&#2509;&#2463;&#2495;&#2478;&#2503;&#2479;&#2492; &#2453;&#2495;&#2459;&#2497; &#2470;&#2496;&#2453;&#2509;&#2487;&#2495;&#2468; &#2488;&#2472;&#2509;&#2468;&#2494;&#2472; &#2447;&#2476;&#2434; &#2437;&#2472;&#2509;&#2479;&#2494;&#2472;&#2509;&#2479; &#2471;&#2480;&#2509;&#2478;&#2474;&#2495;&#2474;&#2494;&#2488;&#2497; &#2477;&#2453;&#2509;&#2468;&#2455;&#2467;&#2503;&#2480; &#2441;&#2474;&#2480; &#2470;&#2494;&#2479;&#2492;&#2495;&#2468;&#2509;&#2476; &#2476;&#2480;&#2509;&#2468;&#2494;&#2479;&#2492; -- &#2472;&#2509;&#2479;&#2497;&#2472;&#2468;&#2478;, &#2488;&#2509;&#2476;&#2504;&#2458;&#2509;&#2459;&#2495;&#2453; &#2437;&#2480;&#2509;&#2469;&#2470;&#2494;&#2472;&#2503;&#2480; &#2478;&#2494;&#2471;&#2509;&#2479;&#2478;&#2503; &#2489;&#2495;&#2472;&#2509;&#2470;&#2497;&#2471;&#2480;&#2509;&#2478;&#2503;&#2480; &#2471;&#2509;&#2476;&#2460;&#2494;&#2471;&#2494;&#2480;&#2496; &#2447;&#2439; &#2474;&#2509;&#2480;&#2468;&#2495;&#2487;&#2509;&#2464;&#2494;&#2472;&#2503;&#2480; &#2437;&#2488;&#2509;&#2468;&#2495;&#2468;&#2509;&#2476; &#2480;&#2453;&#2509;&#2487;&#2494; &#2453;&#2480;&#2494;&#2480;&#2404; &#2468;&#2494;&#2439; &#2488;&#2453;&#2482;&#2503;&#2480; &#2453;&#2494;&#2459;&#2503; &#2437;&#2472;&#2497;&#2480;&#2507;&#2471; &#2447;&#2439; &#2479;&#2503;, &#2438;&#2474;&#2472;&#2494;&#2480;&#2494; &#2472;&#2495;&#2480;&#2509;&#2470;&#2509;&#2476;&#2495;&#2471;&#2494;&#2479;&#2492; &#2451; &#2488;&#2509;&#2476;&#2503;&#2458;&#2509;&#2459;&#2494;&#2479;&#2492; &#2438;&#2474;&#2472;&#2494;&#2470;&#2503;&#2480; &#2488;&#2494;&#2478;&#2480;&#2509;&#2469;&#2509;&#2479; &#2437;&#2472;&#2497;&#2479;&#2494;&#2479;&#2492;&#2496; &#2447;&#2439; &#2474;&#2509;&#2480;&#2468;&#2495;&#2487;&#2509;&#2464;&#2494;&#2472;&#2503;&#2480; &#2441;&#2472;&#2509;&#2472;&#2468;&#2495;&#2453;&#2482;&#2509;&#2474;&#2503; &#2451; &#2438;&#2486;&#2509;&#2480;&#2478;&#2476;&#2494;&#2488;&#2496;&#2470;&#2503;&#2480; &#2460;&#2496;&#2476;&#2472;&#2471;&#2494;&#2480;&#2467;&#2503;&#2480; &#2460;&#2472;&#2509;&#2479; &#2474;&#2509;&#2480;&#2479;&#2492;&#2507;&#2460;&#2472;&#2496;&#2479;&#2492; &#2438;&#2480;&#2509;&#2469;&#2495;&#2453; &#2437;&#2472;&#2497;&#2470;&#2494;&#2472; &#2453;&#2480;&#2497;&#2472;&#2404; &#2438;&#2474;&#2472;&#2494;&#2480;&#2494; Money Transfer &#2447;&#2480; &#2478;&#2494;&#2471;&#2509;&#2479;&#2478;&#2503; &#2472;&#2495;&#2478;&#2509;&#2472;&#2507;&#2453;&#2509;&#2468; &#2476;&#2495;&#2476;&#2480;&#2467; &#2437;&#2472;&#2497;&#2479;&#2494;&#2479;&#2492;&#2496; &#2437;&#2480;&#2509;&#2469;&#2470;&#2494;&#2472; &#2453;&#2480;&#2468;&#2503; &#2474;&#2494;&#2480;&#2503;&#2472;.&lt;/br&gt;<span class=\"sf-dump-default sf-dump-ns\">\\r\\n</span></span>
      <span class=sf-dump-str title=\"1430 characters\">&lt;b&gt;Sri Ramkrishna Dharma Chakra&lt;/b&gt;&lt;/br&gt;<span class=\"sf-dump-default sf-dump-ns\">\\r\\n</span></span>
      <span class=sf-dump-str title=\"1430 characters\">&lt;b&gt;SBI A/C - 11310916735 &lt;/b&gt;&lt;/br&gt;<span class=\"sf-dump-default sf-dump-ns\">\\r\\n</span></span>
      <span class=sf-dump-str title=\"1430 characters\">&lt;b&gt;SBIN0004640 (IFSC)&lt;/b&gt;&lt;/br&gt;</span>
      \"\"\"
    \"<span class=sf-dump-key>donate_image</span>\" => \"<span class=sf-dump-str title=\"19 characters\">1673342173-1444.jpg</span>\"
    \"<span class=sf-dump-key>welcome_heading</span>\" => \"<span class=sf-dump-str title=\"32 characters\">&#2488;&#2497;&#2488;&#2509;&#2476;&#2494;&#2455;&#2468;&#2478;&#2509; &#2486;&#2509;&#2480;&#2496;&#2480;&#2494;&#2478;&#2453;&#2499;&#2487;&#2509;&#2467; &#2471;&#2480;&#2509;&#2478;&#2458;&#2453;&#2509;&#2480;</span>\"
    \"<span class=sf-dump-key>welcome_description</span>\" => \"<span class=sf-dump-str title=\"1297 characters\">&lt;strong&gt;&#2536;&#2535;&#2535;&#2447;, &#2455;&#2495;&#2480;&#2495;&#2486; &#2456;&#2507;&#2487; &#2480;&#2507;&#2465;&#160;&lt;/strong&gt;&lt;strong&gt;&#2474;&#2507; : &#2476;&#2503;&#2482;&#2497;&#2465;&#2492;&#2478;&#2464;, &#2489;&#2494;&#2451;&#2465;&#2492;&#2494;, &#2474;&#2495;&#2472;-&#2541;&#2535;&#2535;&#2536;&#2534;&#2536; &#2475;&#2507;&#2472;-&#2543;&#2542;&#2537;&#2534;&#2534;&#2538;&#2537;&#2539;&#2543;&#2540;&lt;br /&gt;&lt;/strong&gt;&lt;br /&gt;&#2486;&#2509;&#2480;&#2496;&#2480;&#2494;&#2478;&#2453;&#2499;&#2487;&#2509;&#2467; &#2471;&#2480;&#2509;&#2478;&#2458;&#2453;&#2509;&#2480; &#2477;&#2494;&#2480;&#2468;&#2476;&#2480;&#2509;&#2487;&#2503;&#2480; &#2438;&#2471;&#2509;&#2479;&#2494;&#2468;&#2509;&#2478;&#2495;&#2453; &#2438;&#2453;&#2494;&#2486;&#2503; &#2447;&#2453; &#2441;&#2460;&#2509;&#2460;&#2509;&#2476;&#2482; &#2472;&#2453;&#2509;&#2487;&#2468;&#2509;&#2480;&#2404; &#2447;&#2439; &#2471;&#2480;&#2509;&#2478; &#2474;&#2509;&#2480;&#2468;&#2495;&#2487;&#2509;&#2464;&#2494;&#2472; &#2476;&#2509;&#2480;&#2489;&#2509;&#2478;&#2482;&#2496;&#2472; &#2488;&#2509;&#2476;&#2494;&#2478;&#2496; &#2460;&#2455;&#2470;&#2496;&#2486;&#2509;&#2476;&#2480;&#2494;&#2472;&#2472;&#2509;&#2470; &#2478;&#2489;&#2494;&#2480;&#2494;&#2460;&#2503;&#2480; &#2448;&#2453;&#2494;&#2472;&#2509;&#2468;&#2495;&#2453; &#2474;&#2509;&#2480;&#2458;&#2503;&#2487;&#2509;&#2463;&#2494;&#2479;&#2492; &#2535;&#2543;&#2539;&#2539; &#2454;&#2499;&#2487;&#2509;&#2463;&#2494;&#2476;&#2509;&#2470;(&#2535;&#2537;&#2540;&#2536; &#2488;&#2494;&#2482;&#2503;&#2480;) &#2475;&#2494;&#2482;&#2509;&#2455;&#2497;&#2472; &#2478;&#2494;&#2488;&#2503; &#2474;&#2509;&#2480;&#2468;&#2495;&#2487;&#2509;&#2464;&#2494; &#2489;&#2479;&#2492;&#2404;&lt;br /&gt;&lt;br /&gt;&#2488;&#2509;&#2476;&#2494;&#2478;&#2496; &#2460;&#2455;&#2470;&#2496;&#2486;&#2509;&#2476;&#2480;&#2494;&#2472;&#2472;&#2509;&#2470; &#2478;&#2489;&#2494;&#2480;&#2494;&#2460;&#2503;&#2480; &#2478;&#2489;&#2494;&#2474;&#2509;&#2480;&#2479;&#2492;&#2494;&#2467;&#2503;&#2480; &#2474;&#2480; &#2468;&#2494;&#2433;&#2480; &#2488;&#2497;&#2479;&#2507;&#2455;&#2509;&#2479;&#2494; &#2486;&#2495;&#2487;&#2509;&#2479;&#2494; &#2474;&#2509;&#2480;&#2476;&#2509;&#2480;&#2494;&#2460;&#2495;&#2453;&#2494; &#2478;&#2489;&#2494;&#2455;&#2508;&#2480;&#2496; &#2488;&#2480;&#2488;&#2509;&#2476;&#2468;&#2496; &#2470;&#2453;&#2509;&#2487; &#2489;&#2494;&#2468;&#2503; &#2447;&#2439; &#2474;&#2509;&#2480;&#2468;&#2495;&#2487;&#2509;&#2464;&#2494;&#2472;&#2503;&#2480; &#2488;&#2478;&#2488;&#2509;&#2468; &#2455;&#2497;&#2480;&#2497;&#2477;&#2494;&#2476; &#2476;&#2489;&#2472; &#2453;&#2480;&#2503;&#2472;&#2404; &#2474;&#2509;&#2480;&#2476;&#2509;&#2480;&#2494;&#2460;&#2495;&#2453;&#2494; &#2478;&#2489;&#2494;&#2455;&#2508;&#2480;&#2496; &#2488;&#2480;&#2488;&#2509;&#2476;&#2468;&#2496;&#2480; &#2478;&#2489;&#2494;&#2474;&#2509;&#2480;&#2479;&#2492;&#2494;&#2467;&#2503;&#2480; &#2474;&#2480; &#2468;&#2494;&#2433;&#2480; &#2478;&#2472;&#2507;&#2472;&#2496;&#2468; &#2455;&#2497;&#2480;&#2497;&#2477;&#2494;&#2439; &#2488;&#2509;&#2476;&#2494;&#2478;&#2496; &#2476;&#2495;&#2486;&#2497;&#2470;&#2509;&#2471;&#2494;&#2472;&#2472;&#2509;&#2470; &#2488;&#2480;&#2488;&#2509;&#2476;&#2468;&#2496;&#2460;&#2496; &#2478;&#2489;&#2494;&#2480;&#2494;&#2460; &#2474;&#2509;&#2480;&#2468;&#2495;&#2487;&#2509;&#2464;&#2494;&#2472;&#2503;&#2480; &#2438;&#2458;&#2494;&#2480;&#2509;&#2479;&#2509;&#2479; &#2480;&#2498;&#2474;&#2503; &#2455;&#2497;&#2480;&#2497; &#2477;&#2494;&#2480; &#2455;&#2509;&#2480;&#2489;&#2467; &#2453;&#2480;&#2503;&#2472;&#2404;&lt;br /&gt;&lt;br /&gt;&#2486;&#2509;&#2480;&#2496;&#2480;&#2494;&#2478;&#2453;&#2499;&#2487;&#2509;&#2467; &#2471;&#2480;&#2509;&#2478;&#2458;&#2453;&#2509;&#2480; &#2438;&#2486;&#2509;&#2480;&#2478;&#2503; &#2535;&#2543;&#2540;&#2535; &#2454;&#2499;&#2487;&#2509;&#2463;&#2494;&#2476;&#2509;&#2470;&#2503; &#2474;&#2498;&#2480;&#2509;&#2476;&#2477;&#2494;&#2480;&#2468;&#2503; &#2474;&#2509;&#2480;&#2469;&#2478; &#2453;&#2482;&#2509;&#2453;&#2495; &#2478;&#2472;&#2509;&#2470;&#2495;&#2480; &#2474;&#2509;&#2480;&#2468;&#2495;&#2487;&#2509;&#2464;&#2494; &#2489;&#2479;&#2492;&#2404; &#2470;&#2504;&#2476;&#2472;&#2495;&#2480;&#2509;&#2470;&#2503;&#2486;&#2503; &#2488;&#2480;&#2509;&#2476;&#2474;&#2509;&#2480;&#2469;&#2478; &#2477;&#2455;&#2476;&#2494;&#2472; &#2476;&#2495;&#2487;&#2509;&#2467;&#2497;&#2480; &#2486;&#2503;&#2487; &#2437;&#2476;&#2468;&#2494;&#2480; &#2453;&#2482;&#2509;&#2453;&#2495; &#2470;&#2503;&#2476;&#2503;&#2480; &#2438;&#2455;&#2478;&#2472; &#2476;&#2494;&#2480;&#2509;&#2468;&#2494; &#2474;&#2509;&#2480;&#2458;&#2494;&#2480;&#2495;&#2468; &#2489;&#2479;&#2492;&#2404; &#2488;&#2509;&#2476;&#2494;&#2478;&#2496; &#2460;&#2455;&#2470;&#2496;&#2486;&#2509;&#2476;&#2480;&#2494;&#2472;&#2472;&#2509;&#2470; &#2478;&#2489;&#2494;&#2480;&#2494;&#2460; &#2470;&#2509;&#2476;&#2494;&#2480;&#2494; &#2437;&#2472;&#2498;&#2470;&#2495;&#2468; &#2474;&#2509;&#2480;&#2494;&#2479;&#2492; &#2535;&#2534;&#2534;&#2454;&#2494;&#2472;&#2494; &#2471;&#2480;&#2509;&#2478;&#2455;&#2509;&#2480;&#2472;&#2509;&#2469;&#2503;&#2480; &#2476;&#2495;&#2474;&#2497;&#2482; &#2488;&#2478;&#2509;&#2477;&#2494;&#2480;&#2404; &#2447;&#2439; &#2455;&#2509;&#2480;&#2472;&#2509;&#2469; &#2470;&#2509;&#2476;&#2494;&#2480;&#2494; &#2471;&#2480;&#2509;&#2478;&#2474;&#2509;&#2480;&#2494;&#2467; &#2472;&#2480;&#2472;&#2494;&#2480;&#2496;&#2455;&#2467;&#2503;&#2480; &#2471;&#2480;&#2509;&#2478;&#2458;&#2503;&#2468;&#2472;&#2494;&#2460;&#2494;&#2455;&#2480;&#2467; &#2471;&#2480;&#2509;&#2478;&#2460;&#2509;&#2462;&#2494;&#2472;&#2453;&#2503; &#2474;&#2480;&#2495;&#2474;&#2497;&#2487;&#2509;&#2463; &#2453;&#2480;&#2494;&#2480; &#2453;&#2494;&#2460;&#2503; &#2488;&#2470;&#2494; &#2476;&#2509;&#2544;&#2468;&#2496; &#2447;&#2439; &#2474;&#2509;&#2480;&#2468;&#2495;&#2487;&#2509;&#2464;&#2494;&#2472;&#2404; &#2447;&#2454;&#2494;&#2472;&#2503; &#2470;&#2496;&#2453;&#2509;&#2487;&#2494;&#2480;&#2509;&#2469;&#2496;&#2455;&#2467;&#2503;&#2480; &#2474;&#2509;&#2480;&#2453;&#2499;&#2468;&#2495;&#2455;&#2468; &#2439;&#2487;&#2509;&#2463;&#2472;&#2495;&#2480;&#2509;&#2476;&#2494;&#2458;&#2472; &#2451; &#2478;&#2472;&#2509;&#2468;&#2509;&#2480;&#2479;&#2507;&#2455;&#2503; &#2488;&#2494;&#2471;&#2472; &#2437;&#2472;&#2497;&#2486;&#2496;&#2482;&#2472;&#2503;&#2480; &#2470;&#2509;&#2476;&#2494;&#2480;&#2494; &#2488;&#2494;&#2471;&#2472;&#2503; &#2441;&#2472;&#2509;&#2472;&#2468;&#2495;&#2480; &#2474;&#2469;&#2503; &#2447;&#2455;&#2495;&#2479;&#2492;&#2503; &#2472;&#2495;&#2479;&#2492;&#2503; &#2479;&#2494;&#2451;&#2479;&#2492;&#2494;&#2480; &#2488;&#2489;&#2494;&#2479;&#2492;&#2468;&#2494; &#2453;&#2480;&#2494; &#2489;&#2479;&#2492;&#2404; &#2447;&#2459;&#2494;&#2465;&#2492;&#2494; &#2488;&#2494;&#2480;&#2494; &#2476;&#2459;&#2480; &#2476;&#2509;&#2479;&#2494;&#2474;&#2496; &#2476;&#2503;&#2486; &#2453;&#2495;&#2459;&#2497; &#2441;&#2472;&#2509;&#2472;&#2479;&#2492;&#2472; &#2478;&#2498;&#2482;&#2453; &#2453;&#2480;&#2509;&#2478;&#2453;&#2494;&#2472;&#2509;&#2465;&#2503;&#2480; &#2488;&#2457;&#2509;&#2455;&#2503; &#2479;&#2497;&#2453;&#2509;&#2468;&#2404; &#2489;&#2495;&#2472;&#2509;&#2470;&#2497; &#2471;&#2480;&#2509;&#2478; &#2476;&#2495;&#2486;&#2509;&#2476;&#2494;&#2488;&#2496; &#2488;&#2494;&#2478;&#2494;&#2460;&#2495;&#2453; &#2451; &#2438;&#2471;&#2509;&#2479;&#2494;&#2468;&#2509;&#2478;&#2495;&#2453; &#2478;&#2495;&#2482;&#2472; &#2453;&#2509;&#2487;&#2503;&#2468;&#2509;&#2480;&#2503;&#2480; &#2438;&#2480; &#2447;&#2453; &#2472;&#2494;&#2478; &#2486;&#2509;&#2480;&#2496;&#2480;&#2494;&#2478;&#2453;&#2499;&#2487;&#2509;&#2467; &#2471;&#2480;&#2509;&#2478;&#2458;&#2453;&#2509;&#2480;&#2404;</span>\"
    \"<span class=sf-dump-key>parampara_text</span>\" => \"<span class=sf-dump-str title=\"681 characters\">&lt;p&gt;&lt;strong&gt;&quot; &#2451;&#2433; &#2472;&#2478;&#2507; &#2476;&#2509;&#2480;&#2489;&#2509;&#2478;&#2494;&#2470;&#2495;&#2477;&#2509;&#2479;&#2507; &#2476;&#2509;&#2480;&#2489;&#2509;&#2478;&#2476;&#2495;&#2470;&#2509;&#2479;&#2494; &#2488;&#2478;&#2509;&#2474;&#2509;&#2480;&#2470;&#2494;&#2479;&#2492; &#2453;&#2468;&#2499;&#2477;&#2509;&#2479;&#2507; &#2476;&#2434;&#2486;&#2443;&#2487;&#2495;&#2477;&#2509;&#2479;&#2507; &#2478;&#2489;&#2470;&#2509;&#2477;&#2509;&#2479;&#2507; &#2472;&#2478;&#2507; &#2455;&#2497;&#2480;&#2497;&#2477;&#2509;&#2479;&#2507;&#2435;&#2404; &quot;&lt;/strong&gt;&lt;br /&gt;&lt;em&gt;&#2476;&#2509;&#2480;&#2489;&#2509;&#2478;&#2476;&#2495;&#2470;&#2509;&#2479;&#2494; &#2488;&#2478;&#2509;&#2474;&#2509;&#2480;&#2470;&#2494;&#2479;&#2492;&#2503;&#2480; &#2438;&#2470;&#2495;&#2455;&#2497;&#2480;&#2497; &#2477;&#2455;&#2476;&#2494;&#2472; &#2472;&#2494;&#2480;&#2494;&#2479;&#2492;&#2467; &#2476;&#2509;&#2480;&#2489;&#2509;&#2478;&#2494;&#2460;&#2495;&#2453;&#2503; &#2488;&#2480;&#2509;&#2476; &#2474;&#2509;&#2480;&#2469;&#2478; &#2447;&#2439; &#2476;&#2509;&#2480;&#2489;&#2509;&#2478;&#2476;&#2495;&#2470;&#2509;&#2479;&#2494;&#2480; &#2441;&#2474;&#2470;&#2503;&#2486; &#2453;&#2480;&#2503;&#2459;&#2495;&#2482;&#2503;&#2472;&#2404; &#2488;&#2497;&#2468;&#2480;&#2494;&#2434; &#2468;&#2495;&#2472;&#2495; &#2447;&#2439; &#2476;&#2509;&#2480;&#2489;&#2509;&#2478;&#2476;&#2495;&#2470;&#2509;&#2479;&#2494; &#2488;&#2478;&#2509;&#2474;&#2509;&#2480;&#2470;&#2494;&#2479;&#2492;&#2503; &#2470;&#2509;&#2476;&#2495;&#2468;&#2496;&#2479;&#2492; &#2455;&#2497;&#2480;&#2497; &#2468;&#2494;&#2480;&#2474;&#2480; &#2476;&#2509;&#2480;&#2489;&#2509;&#2478;&#2494;&#2480; &#2535;&#2538; &#2460;&#2472; &#2478;&#2494;&#2472;&#2488;&#2474;&#2497;&#2468;&#2509;&#2480;&#2503;&#2480; &#2478;&#2471;&#2509;&#2479;&#2503; &#2476;&#2486;&#2495;&#2487;&#2509;&#2464;&#2494;&#2470;&#2495;&#2443;&#2487;&#2495;&#2455;&#2467; &#2438;&#2459;&#2503;&#2472;&#2404;&#160;&lt;/em&gt;&lt;br /&gt;&lt;strong&gt;&quot; &#2453;&#2499;&#2468;&#2503; &#2476;&#2495;&#2486;&#2509;&#2476;&#2455;&#2497;&#2480;&#2497;&#2476;&#2509;&#2480;&#2489;&#2509;&#2478;&#2494; &#2468;&#2509;&#2480;&#2503;&#2468;&#2494;&#2479;&#2492;&#2494; &#2443;&#2487;&#2495;&#2488;&#2468;&#2509;&#2468;&#2478;&#2435; (&#2476;&#2486;&#2495;&#2487;&#2509;&#2464;)&lt;/strong&gt;&lt;br /&gt;&lt;strong&gt;&#2470;&#2509;&#2476;&#2494;&#2474;&#2480;&#2503; &#2476;&#2509;&#2479;&#2494;&#2488;&#2447;&#2476;&#2488;&#2509;&#2479;&#2494;&#2453;&#2482;&#2494;&#2476;&#2468;&#2509;&#2480; &#2477;&#2476;&#2494;&#2478;&#2509;&#2479;&#2489;&#2478; &#2551;&#2551; &quot;&lt;/strong&gt;&lt;br /&gt;&lt;em&gt;&#2437;&#2480;&#2509;&#2469;&#2494;&#2510; &#2488;&#2468;&#2509;&#2479;&#2479;&#2497;&#2455;&#2503; &#2476;&#2509;&#2480;&#2489;&#2509;&#2478;&#2494; &#2459;&#2495;&#2482;&#2503;&#2472; &#2460;&#2455;&#2470;&#2455;&#2497;&#2480;&#2497; ; &#2468;&#2509;&#2480;&#2503;&#2468;&#2494;&#2468;&#2503; &#2443;&#2487;&#2495; &#2476;&#2486;&#2495;&#2487;&#2509;&#2464; ; &#2470;&#2509;&#2476;&#2494;&#2474;&#2480;&#2503; &#2453;&#2499;&#2487;&#2509;&#2467; &#2470;&#2509;&#2476;&#2504;&#2474;&#2494;&#2479;&#2492;&#2472;&#2503; &#2476;&#2509;&#2479;&#2494;&#2488; &#2447;&#2476;&#2434; &#2453;&#2482;&#2495;&#2468;&#2503; &#2438;&#2470;&#2495; &#2486;&#2457;&#2509;&#2453;&#2480;&#2494;&#2458;&#2494;&#2480;&#2509;&#2479;&#2509;&#2479; &#2460;&#2455;&#2470;&#2455;&#2497;&#2480;&#2497; &#2480;&#2497;&#2474;&#2503; &#2459;&#2495;&#2482;&#2503;&#2472;&#2404; &#2447;&#2439; &#2488;&#2472;&#2494;&#2468;&#2472; &#2474;&#2480;&#2478;&#2509;&#2474;&#2480;&#2494;&#2439; &#2438;&#2478;&#2494;&#2470;&#2503;&#2480; &#2455;&#2497;&#2480;&#2497; &#2474;&#2480;&#2478;&#2509;&#2474;&#2480;&#2494;&#2404;&#160;&lt;/em&gt;&lt;/p&gt;</span>\"
    \"<span class=sf-dump-key>description_english</span>\" => \"\"\"
      <span class=sf-dump-str title=\"1749 characters\">&lt;p&gt;Sri Ramakrishna Dharmachakra is a brilliant star in the spiritual heritage of India. This religious institution was established in the month of February in the year 1955 through the sincere efforts of Brahmalin Swami Jagadishwarananda Maharaj.&lt;br /&gt;After Swami Jagadishwarananda Maharaj&#8217;s passing, his disciple, Prabrajika Mahagouri Saraswati, took over as the head of the Institution and enhanced its reach further among disciples and devotees through her spiritual work and effective administration. After Prabrajika Mahagouri Saraswati his nominee and Gurubhai Swami Bisuddhananda Saraswatiji, has taken over as the principal monk ( Addhakshya )&#160; of the organization.&lt;br /&gt;The first Kalki Temple was established in Eastern India in the year 1955 at the Sri Ramakrishna Dharmachakra Ashram. It is said that Swami Jagadishwarananda Saraswati received spiritual guidance to create this temple from Sri Kalki Dev, the last incarnation of Lord Vishnu, and he spread the message and grace of the deity all over India.&lt;br /&gt;Swami Jagadishwarananda Maharaj was a great spiritual author and has over 100 books authored by him. It is through these books that spirituality is nurtured and disseminated to his devotees all over India. Here the practitioners and devotees are helped to move forward in their spiritual pursuits through meditation and mantras.&lt;br /&gt;In addition, several developmental activities are also taken up around the year, by the Ashram, to alleviate the problems of the Society and the environment, in addition to many religious festivals where all are invited irrespective of religion, caste or creed. The institution stands out as a true torchbearer of the Sanatan Dharma for the social and spiritual union of people.&lt;/p&gt;<span class=\"sf-dump-default sf-dump-ns\">\\r\\n</span></span>
      <span class=sf-dump-str title=\"1749 characters\">&lt;p&gt;&#160;&lt;/p&gt;</span>
      \"\"\"
    \"<span class=sf-dump-key>donate_description_english</span>\" => \"\"\"
      <span class=sf-dump-str title=\"1313 characters\">The founder of Sri Ramakrishna Dharmachakra, Brahmalin Swami JagadishwaraNanda Maharaj was an all-powerful monk. He established this organization with the financial support of a very few kind devotees. Following the principles and ideology of the Guru Maharaj, the monks of this ashram do not conduct any rituals in exchange of money. It was strictly against the principles of Guru Maharaj to conduct any ritual specifically for gains and the essence of the teachings to all has been to lead a simple and honest life which would lead to mental resilience and faith, so as to be able to overcome hurdles and hardships in life. <span class=\"sf-dump-default sf-dump-ns\">\\r\\n</span></span>
      <span class=sf-dump-str title=\"1313 characters\"><span class=\"sf-dump-default sf-dump-ns\">\\r\\n</span></span>
      <span class=sf-dump-str title=\"1313 characters\">However, the operations of the Ashram needs finances to be able to conduct the daily Pujas and also for the livelihood of the monks. Many of the devotees have been donating towards this cause. The publishing and book selling feeds each other since most of the books being sold are very inexpensive so as to cover costs only and is the major route of spiritual preaching for the Ashram.<span class=\"sf-dump-default sf-dump-ns\">\\r\\n</span></span>
      <span class=sf-dump-str title=\"1313 characters\"><span class=\"sf-dump-default sf-dump-ns\">\\r\\n</span></span>
      <span class=sf-dump-str title=\"1313 characters\">Therefore, it&#039;s a request to all to donate freely and voluntarily, to promote this institution and the cause of the monastery. <span class=\"sf-dump-default sf-dump-ns\">\\r\\n</span></span>
      <span class=sf-dump-str title=\"1313 characters\">You can make payments to the following account :  &lt;/br&gt;<span class=\"sf-dump-default sf-dump-ns\">\\r\\n</span></span>
      <span class=sf-dump-str title=\"1313 characters\">&lt;b&gt;Sri Ramkrishna Dharma Chakra&lt;/b&gt;&lt;/br&gt;<span class=\"sf-dump-default sf-dump-ns\">\\r\\n</span></span>
      <span class=sf-dump-str title=\"1313 characters\">&lt;b&gt;SBI A/C - 11310916735 &lt;/b&gt;&lt;/br&gt;<span class=\"sf-dump-default sf-dump-ns\">\\r\\n</span></span>
      <span class=sf-dump-str title=\"1313 characters\">&lt;b&gt;SBIN0004640 (IFSC)&lt;/b&gt;&lt;/br&gt;</span>
      \"\"\"
    \"<span class=sf-dump-key>welcome_heading_english</span>\" => \"<span class=sf-dump-str title=\"36 characters\">Welcome Sri Ramakrishna DharmaChakra</span>\"
    \"<span class=sf-dump-key>welcome_description_english</span>\" => \"<span class=sf-dump-str title=\"1477 characters\">&lt;strong&gt;211A, Girish Ghosh Road&#160;&lt;/strong&gt;&lt;strong&gt;Po: Belurmath, Howrah, Pin-711202 Phone-9830043596&lt;br /&gt;&lt;/strong&gt;&lt;br /&gt;Sri Ramakrishna Dharma Chakra is a bright star in the spiritual sky of India.&#160;This religious institution was established in the month of Falgun in 1955 AD (1362 AD) by the dedicated efforts of Brahmin Swami Jagadiswarananda Maharaj.&lt;br /&gt;&lt;br /&gt;After the passing away of Swami Jagadiswarananda Maharaj, his opportune disciple Prabrajika Mahagauri Saraswati carried all the responsibilities of this institution with skillful hands.&#160;After Prabrajika Mahagauri Saraswati&#039;s demise, her designated Gurubhai Swami Visudhananda Saraswatiji Maharaj took over as Acharya of the institution.&lt;br /&gt;&lt;br /&gt;The first Kalki temple in East India was established in 1961 AD at Sri Ramakrishna Dharmachakra Ashram.&#160;The message of the arrival of Lord Vishnu&#039;s last incarnation, Kalki Dev, was first announced by divine guidance.&#160;A huge collection of about 100 scriptures translated by Swami Jagadiswarananda Maharaj.&#160;This institution is always engaged in the work of strengthening the religious consciousness of religious women through this book.&#160;Here the initiates are helped to progress on the path of improvement in Sadhana through the practice of Sadhana through natural selection and mantra yoga.&#160;Besides, it is associated with several developmental activities throughout the year.&#160;Sri Ramakrishna Dharmachakra is another name for social and spiritual gathering of Hindus.</span>\"
    \"<span class=sf-dump-key>parampara_text_english</span>\" => \"<span class=sf-dump-str title=\"701 characters\">&lt;p&gt;&lt;strong&gt;&quot;O namobrahmadivyo brahmavidya sampada katribhyo vansho rishibhyo mahadhav namo gurubho&quot;&lt;/strong&gt;&lt;br /&gt;Lord Narayana first gave Brahmaji the knowledge of Brahmavidya, So Narayana is the founder of the Brahmavidya sect, Brahmaji is the second Guru in this Brahmavidya sect and among his 14 Manas-putras of there was Vasishtya.&lt;br /&gt;&lt;strong&gt;&quot;Kritya GuruBrahma Tretaya Rishisattam (Vasishtha) Dvapare vyasaabsaaklavatra bhamyaham &quot;&lt;/strong&gt;&lt;br /&gt;That is, Brahma was the Jagadguru in the Satya Yuga; Sage Vasishta in Treta Juga; In the Dapar Juga it was Krishna , Vyasa in Dvaipaya and Adi Shankaracharya the Jagadguru in this Kali Juga. This tradition and succession is our guru parampara.&lt;/p&gt;</span>\"
    \"<span class=sf-dump-key>footer_text_english</span>\" => \"\"
    \"<span class=sf-dump-key>created_at</span>\" => <span class=sf-dump-const>null</span>
    \"<span class=sf-dump-key>updated_at</span>\" => \"<span class=sf-dump-str title=\"19 characters\">2023-07-20 15:10:54</span>\"
    \"<span class=sf-dump-key>footer_text</span>\" => \"<span class=sf-dump-str title=\"445 characters\">&#2472;&#2494;&#2480;&#2494;&#2527;&#2467;&#2434; &#2474;&#2470;&#2509;&#2478;&#2477;&#2476;&#2434; &#2476;&#2486;&#2495;&#2487;&#2509;&#2464; &#2486;&#2453;&#2509;&#2468;&#2495;&#2462;&#2509;&#2458; &#2468;&#2510;&#2474;&#2497;&#2468;&#2509;&#2480; &#2474;&#2480;&#2494;&#2486;&#2480;&#2462;&#2509;&#2458;&#160;&#2476;&#2509;&#2479;&#2494;&#2488;&#2434; &#2486;&#2497;&#2453;&#2434; &#2455;&#2508;&#2480; &#2474;&#2494;&#2470;&#2434; &#2478;&#2489;&#2494;&#2472;&#2509;&#2468;&#2434; &#2455;&#2507;&#2476;&#2495;&#2472;&#2509;&#2470; &#2479;&#2507;&#2455;&#2495;&#2470;&#2509;&#2480;&#2478;&#2469;&#2494;&#2488;&#2509;&#2479; &#2486;&#2495;&#2487;&#2509;&#2479;&#2478;&#2509; &#2486;&#2509;&#2480;&#2496; &#2486;&#2457;&#2509;&#2453;&#2480;&#2494;&#2458;&#2494;&#2480;&#2509;&#2479;&#2509;&#2479; &#2478;&#2469;&#2494;&#2488;&#2509;&#2479; &#2474;&#2470;&#2509;&#2478;&#2474;&#2494;&#2470;&#2462;&#2509;&#2458; &#2489;&#2488;&#2509;&#2468;&#2494;&#2478;&#2482;&#2453;&#2434; &#2458; &#2486;&#2495;&#2487;&#2509;&#2479;&#2478;&#2509;&#2404;&#160;&#2468;&#2472;&#2509;&#2470;&#2509;&#2480;&#2507;&#2463;&#2453;&#2434; &#2476;&#2494;&#2480;&#2509;&#2468;&#2495;&#2453;&#2453;&#2494;&#2480;&#2478;&#2472;&#2509;&#2479;&#2494;&#2472; &#2437;&#2488;&#2509;&#2478;&#2470; &#2455;&#2497;&#2480;&#2497;&#2472; &#2488;&#2472;&#2509;&#2468;&#2468; &#2478;&#2494;&#2468;&#2507;&#2489;&#2488;&#2509;&#2478;&#2495;&#2404;&#160;&#2486;&#2509;&#2480;&#2497;&#2468;&#2495; &#2488;&#2509;&#2478;&#2499;&#2468;&#2495;&#2474;&#2497;&#2480;&#2494;&#2467;&#2494;&#2472;&#2494;&#2478;&#2494;&#2482;&#2527;&#2434; &#2453;&#2480;&#2497;&#2467;&#2494;&#2482;&#2527;&#2434;&#2404;&#2472;&#2478;&#2494;&#2478;&#2495; &#2477;&#2455;&#2476;&#2510;&#2474;&#2494;&#2470;&#2434; &#2486;&#2457;&#2509;&#2453;&#2480;&#2434; &#2482;&#2507;&#2453;&#2486;&#2457;&#2509;&#2453;&#2480;&#2478;&#2509;&#2404;&#160;&#2488;&#2498;&#2468;&#2509;&#2480;&#2477;&#2494;&#2488;&#2509;&#2479;&#2453;&#2499;&#2468;&#2508; &#2476;&#2472;&#2509;&#2470;&#2503; &#2477;&#2455;&#2476;&#2472;&#2509;&#2468;&#2508; &#2474;&#2497;&#2472;&#2435; &#2474;&#2497;&#2472;&#2435; &#2440;&#2486;&#2509;&#2476;&#2480;&#2507; &#2455;&#2497;&#2480;&#2497;&#2480;&#2494;&#2468;&#2509;&#2478;&#2503;&#2468;&#2495; &#2478;&#2498;&#2480;&#2509;&#2468;&#2509;&#2468;&#2495;&#2477;&#2503;&#2470;&#2494; &#2476;&#2495;&#2477;&#2494;&#2455;&#2495;&#2472;&#2503; &#2476;&#2509;&#2479;&#2507;&#2478;&#2476;&#2510; &#2476;&#2509;&#2479;&#2494;&#2474;&#2509;&#2468; &#2470;&#2503;&#2489;&#2494;&#2527; &#2470;&#2453;&#2509;&#2487;&#2495;&#2467;&#2494;&#2478;&#2498;&#2480;&#2509;&#2468;&#2527;&#2503; &#2472;&#2478;&#2435;&#2404;&#160; &#2439;&#2468;&#2495; &#2455;&#2497;&#2480;&#2497;&#2474;&#2480;&#2478;&#2509;&#2474;&#2480;&#2494; &#2488;&#2509;&#2468;&#2509;&#2480;&#2507;&#2468;&#2509;&#2480;&#2478;&#2509;&#2404;</span>\"
    \"<span class=sf-dump-key>facebook_link</span>\" => \"<span class=sf-dump-str title=\"25 characters\">https://www.facebook.com/</span>\"
    \"<span class=sf-dump-key>youtube_link</span>\" => \"<span class=sf-dump-str title=\"24 characters\">https://www.youtube.com/</span>\"
    \"<span class=sf-dump-key>twitter_link</span>\" => <span class=sf-dump-const>null</span>
    \"<span class=sf-dump-key>address</span>\" => \"<span class=sf-dump-str title=\"113 characters\">&lt;strong&gt;&#2486;&#2509;&#2480;&#2496; &#2480;&#2494;&#2478;&#2453;&#2499;&#2487;&#2509;&#2467; &#2471;&#2480;&#2509;&#2478; &#2458;&#2453;&#2509;&#2480;&lt;/strong&gt;&lt;br /&gt;&#2536;&#2535;&#2535; &#2447;, &#2455;&#2495;&#2480;&#2495;&#2486; &#2456;&#2507;&#2487; &#2480;&#2507;&#2465;, &#2476;&#2503;&#2482;&#2497;&#2524;&lt;br /&gt;&#2474;&#2495;&#2451;- &#2476;&#2503;&#2482;&#2497;&#2524;&#2478;&#2464;,&lt;br /&gt;&#2489;&#2494;&#2451;&#2465;&#2492;&#2494; -&#2541;&#2535;&#2535;&#2535;&#2536;0&#2536;</span>\"
    \"<span class=sf-dump-key>address_english</span>\" => \"<span class=sf-dump-str title=\"109 characters\">Sri Ramakrishna Dharmachakra&lt;br /&gt;211 A, Girish Ghosh Road,&lt;br /&gt;Belur, P.O.- Belurmath,&lt;br /&gt;Howrah -7111202</span>\"
    \"<span class=sf-dump-key>email</span>\" => \"<span class=sf-dump-str title=\"32 characters\">ramkrishnadharmachakra@gmail.com</span>\"
    \"<span class=sf-dump-key>phone_one</span>\" => \"<span class=sf-dump-str title=\"13 characters\">+913326548075</span>\"
    \"<span class=sf-dump-key>phone_two</span>\" => \"<span class=sf-dump-str title=\"13 characters\">+919830043596</span>\"
    \"<span class=sf-dump-key>phone_three</span>\" => \"<span class=sf-dump-str title=\"13 characters\">+919804473647</span>\"
    \"<span class=sf-dump-key>phone_one_bengali</span>\" => \"<span class=sf-dump-str title=\"13 characters\">+&#2543;&#2535;&#2537;&#2537;&#2536;&#2540;&#2539;&#2538;&#2542;0&#2541;&#2539;</span>\"
    \"<span class=sf-dump-key>phone_two_bengali</span>\" => \"<span class=sf-dump-str title=\"13 characters\">+&#2543;&#2535;&#2543;&#2542;&#2537;00&#2538;&#2537;&#2539;&#2543;&#2540;</span>\"
    \"<span class=sf-dump-key>phone_three_bengali</span>\" => \"<span class=sf-dump-str title=\"14 characters\">+&#2543;&#2535;&#2543;&#2542;0&#2538;&#2538;&#2541;&#2537;&#2540;&#2538;&#2541;,</span>\"
    \"<span class=sf-dump-key>instagram_link</span>\" => <span class=sf-dump-const>null</span>
  </samp>]
  #<span class=sf-dump-protected title=\"Protected property\">original</span>: <span class=sf-dump-note>array:30</span> [<samp data-depth=2 class=sf-dump-compact>
    \"<span class=sf-dump-key>id</span>\" => <span class=sf-dump-num>1</span>
    \"<span class=sf-dump-key>image</span>\" => \"<span class=sf-dump-str title=\"19 characters\">1685509782-1603.jpg</span>\"
    \"<span class=sf-dump-key>description</span>\" => \"<span class=sf-dump-str title=\"445 characters\">&#2472;&#2494;&#2480;&#2494;&#2527;&#2467;&#2434; &#2474;&#2470;&#2509;&#2478;&#2477;&#2476;&#2434; &#2476;&#2486;&#2495;&#2487;&#2509;&#2464; &#2486;&#2453;&#2509;&#2468;&#2495;&#2462;&#2509;&#2458; &#2468;&#2510;&#2474;&#2497;&#2468;&#2509;&#2480; &#2474;&#2480;&#2494;&#2486;&#2480;&#2462;&#2509;&#2458;&#160;&#2476;&#2509;&#2479;&#2494;&#2488;&#2434; &#2486;&#2497;&#2453;&#2434; &#2455;&#2508;&#2480; &#2474;&#2494;&#2470;&#2434; &#2478;&#2489;&#2494;&#2472;&#2509;&#2468;&#2434; &#2455;&#2507;&#2476;&#2495;&#2472;&#2509;&#2470; &#2479;&#2507;&#2455;&#2495;&#2470;&#2509;&#2480;&#2478;&#2469;&#2494;&#2488;&#2509;&#2479; &#2486;&#2495;&#2487;&#2509;&#2479;&#2478;&#2509; &#2486;&#2509;&#2480;&#2496; &#2486;&#2457;&#2509;&#2453;&#2480;&#2494;&#2458;&#2494;&#2480;&#2509;&#2479;&#2509;&#2479; &#2478;&#2469;&#2494;&#2488;&#2509;&#2479; &#2474;&#2470;&#2509;&#2478;&#2474;&#2494;&#2470;&#2462;&#2509;&#2458; &#2489;&#2488;&#2509;&#2468;&#2494;&#2478;&#2482;&#2453;&#2434; &#2458; &#2486;&#2495;&#2487;&#2509;&#2479;&#2478;&#2509;&#2404;&#160;&#2468;&#2472;&#2509;&#2470;&#2509;&#2480;&#2507;&#2463;&#2453;&#2434; &#2476;&#2494;&#2480;&#2509;&#2468;&#2495;&#2453;&#2453;&#2494;&#2480;&#2478;&#2472;&#2509;&#2479;&#2494;&#2472; &#2437;&#2488;&#2509;&#2478;&#2470; &#2455;&#2497;&#2480;&#2497;&#2472; &#2488;&#2472;&#2509;&#2468;&#2468; &#2478;&#2494;&#2468;&#2507;&#2489;&#2488;&#2509;&#2478;&#2495;&#2404;&#160;&#2486;&#2509;&#2480;&#2497;&#2468;&#2495; &#2488;&#2509;&#2478;&#2499;&#2468;&#2495;&#2474;&#2497;&#2480;&#2494;&#2467;&#2494;&#2472;&#2494;&#2478;&#2494;&#2482;&#2527;&#2434; &#2453;&#2480;&#2497;&#2467;&#2494;&#2482;&#2527;&#2434;&#2404;&#2472;&#2478;&#2494;&#2478;&#2495; &#2477;&#2455;&#2476;&#2510;&#2474;&#2494;&#2470;&#2434; &#2486;&#2457;&#2509;&#2453;&#2480;&#2434; &#2482;&#2507;&#2453;&#2486;&#2457;&#2509;&#2453;&#2480;&#2478;&#2509;&#2404;&#160;&#2488;&#2498;&#2468;&#2509;&#2480;&#2477;&#2494;&#2488;&#2509;&#2479;&#2453;&#2499;&#2468;&#2508; &#2476;&#2472;&#2509;&#2470;&#2503; &#2477;&#2455;&#2476;&#2472;&#2509;&#2468;&#2508; &#2474;&#2497;&#2472;&#2435; &#2474;&#2497;&#2472;&#2435; &#2440;&#2486;&#2509;&#2476;&#2480;&#2507; &#2455;&#2497;&#2480;&#2497;&#2480;&#2494;&#2468;&#2509;&#2478;&#2503;&#2468;&#2495; &#2478;&#2498;&#2480;&#2509;&#2468;&#2509;&#2468;&#2495;&#2477;&#2503;&#2470;&#2494; &#2476;&#2495;&#2477;&#2494;&#2455;&#2495;&#2472;&#2503; &#2476;&#2509;&#2479;&#2507;&#2478;&#2476;&#2510; &#2476;&#2509;&#2479;&#2494;&#2474;&#2509;&#2468; &#2470;&#2503;&#2489;&#2494;&#2527; &#2470;&#2453;&#2509;&#2487;&#2495;&#2467;&#2494;&#2478;&#2498;&#2480;&#2509;&#2468;&#2527;&#2503; &#2472;&#2478;&#2435;&#2404;&#160; &#2439;&#2468;&#2495; &#2455;&#2497;&#2480;&#2497;&#2474;&#2480;&#2478;&#2509;&#2474;&#2480;&#2494; &#2488;&#2509;&#2468;&#2509;&#2480;&#2507;&#2468;&#2509;&#2480;&#2478;&#2509;&#2404;</span>\"
    \"<span class=sf-dump-key>donate_description</span>\" => \"\"\"
      <span class=sf-dump-str title=\"1430 characters\">&#2486;&#2509;&#2480;&#2496;&#2480;&#2494;&#2478;&#2453;&#2499;&#2487;&#2509;&#2467; &#2471;&#2480;&#2509;&#2478;&#2458;&#2453;&#2509;&#2480;&#2503;&#2480; &#2474;&#2509;&#2480;&#2468;&#2495;&#2487;&#2509;&#2464;&#2494;&#2468;&#2494; &#2476;&#2509;&#2480;&#2489;&#2509;&#2478;&#2482;&#2496;&#2472; &#2488;&#2509;&#2476;&#2494;&#2478;&#2496; &#2460;&#2455;&#2470;&#2496;&#2486;&#2509;&#2476;&#2480;&#2494;&#2472;&#2472;&#2509;&#2470; &#2478;&#2489;&#2494;&#2480;&#2494;&#2460; &#2459;&#2495;&#2482;&#2503;&#2472; &#2447;&#2453;&#2460;&#2472; &#2488;&#2480;&#2509;&#2476;&#2468;&#2509;&#2479;&#2494;&#2455;&#2496; &#2488;&#2472;&#2509;&#2472;&#2509;&#2479;&#2494;&#2488;&#2496;&#2404; &#2489;&#2495;&#2472;&#2509;&#2470;&#2497;&#2471;&#2480;&#2509;&#2478;&#2503;&#2480; &#2476;&#2509;&#2479;&#2453;&#2509;&#2468;&#2495;, &#2476;&#2504;&#2470;&#2495;&#2453; &#2488;&#2494;&#2471;&#2472; &#2451; &#2438;&#2458;&#2494;&#2480;&#2476;&#2495;&#2471;&#2495; &#2451; &#2486;&#2509;&#2480;&#2496;&#2480;&#2494;&#2478;&#2453;&#2499;&#2487;&#2509;&#2467; &#2474;&#2480;&#2478;&#2489;&#2434;&#2488;&#2503;&#2480; &#2474;&#2480;&#2478;&#2509;&#2474;&#2480;&#2494; &#2451; &#2471;&#2480;&#2509;&#2478;&#2494;&#2458;&#2494;&#2480;&#2467;&#2503;&#2480; &#2474;&#2509;&#2480;&#2488;&#2494;&#2480; &#2456;&#2463;&#2494;&#2472;&#2507;&#2480; &#2460;&#2472;&#2509;&#2479; &#2453;&#2495;&#2459;&#2497; &#2488;&#2489;&#2499;&#2470;&#2479;&#2492; &#2477;&#2453;&#2509;&#2468;&#2503;&#2480; &#2438;&#2480;&#2509;&#2469;&#2495;&#2453; &#2488;&#2494;&#2489;&#2494;&#2479;&#2509;&#2479;, &#2453;&#2494;&#2479;&#2492;&#2495;&#2453; &#2486;&#2509;&#2480;&#2478; &#2451; &#2437;&#2472;&#2497;&#2474;&#2509;&#2480;&#2503;&#2480;&#2467;&#2494;&#2479;&#2492; &#2437;&#2468;&#2495; &#2453;&#2487;&#2509;&#2463;&#2503; &#2468;&#2495;&#2472;&#2495; &#2455;&#2465;&#2492;&#2503; &#2468;&#2497;&#2482;&#2503;&#2459;&#2495;&#2482;&#2503;&#2472; &#2447;&#2439; &#2474;&#2509;&#2480;&#2468;&#2495;&#2487;&#2509;&#2464;&#2494;&#2472;&#2404; &#2455;&#2497;&#2480;&#2497; &#2478;&#2489;&#2494;&#2480;&#2494;&#2460;&#2503;&#2480; &#2472;&#2496;&#2468;&#2495; &#2451; &#2477;&#2494;&#2476;&#2471;&#2494;&#2480;&#2494; &#2437;&#2472;&#2497;&#2488;&#2480;&#2467; &#2453;&#2480;&#2503; &#2474;&#2480;&#2476;&#2480;&#2509;&#2468;&#2496;&#2453;&#2494;&#2482;&#2503; &#2468;&#2494;&#2433;&#2480; &#2470;&#2496;&#2453;&#2509;&#2487;&#2495;&#2468; &#2438;&#2486;&#2509;&#2480;&#2478;&#2476;&#2494;&#2488;&#2496; &#2488;&#2472;&#2509;&#2472;&#2509;&#2479;&#2494;&#2488;&#2496; &#2451; &#2488;&#2472;&#2509;&#2472;&#2509;&#2479;&#2494;&#2488;&#2495;&#2472;&#2496;&#2480;&#2494; &#2453;&#2464;&#2507;&#2480; &#2488;&#2472;&#2509;&#2472;&#2509;&#2479;&#2494;&#2488;&#2476;&#2509;&#2480;&#2468; &#2474;&#2494;&#2482;&#2472; &#2453;&#2480;&#2503; &#2458;&#2482;&#2503;&#2459;&#2503;&#2472;&#2404; &#2476;&#2489;&#2497; &#2468;&#2469;&#2494;&#2453;&#2469;&#2495;&#2468; &#2471;&#2480;&#2509;&#2478;&#2474;&#2509;&#2480;&#2468;&#2495;&#2487;&#2509;&#2464;&#2494;&#2472;&#2503;&#2480; &#2478;&#2468; &#2447;&#2454;&#2494;&#2472;&#2503; &#2471;&#2480;&#2509;&#2478;&#2503;&#2480; &#2476;&#2495;&#2472;&#2495;&#2478;&#2479;&#2492;&#2503; &#2437;&#2480;&#2509;&#2469; &#2441;&#2474;&#2494;&#2480;&#2509;&#2460;&#2472; &#2453;&#2480;&#2494; &#2489;&#2479;&#2492; &#2472;&#2494;&#2404; &#2447;&#2463;&#2495; &#2453;&#2464;&#2507;&#2480;&#2477;&#2494;&#2476;&#2503; &#2455;&#2497;&#2480;&#2497; &#2478;&#2489;&#2494;&#2480;&#2494;&#2460;&#2503;&#2480; &#2472;&#2496;&#2468;&#2495;&#2476;&#2495;&#2480;&#2497;&#2470;&#2509;&#2471; &#2459;&#2495;&#2482;&#2404; &#2453;&#2495;&#2472;&#2509;&#2468;&#2497; &#2476;&#2494;&#2488;&#2509;&#2468;&#2476; &#2447;&#2463;&#2494;&#2439; &#2479;&#2503; &#2476;&#2480;&#2509;&#2468;&#2478;&#2494;&#2472; &#2478;&#2498;&#2482;&#2509;&#2479;&#2476;&#2499;&#2470;&#2509;&#2471;&#2495; &#2451; &#2476;&#2509;&#2479;&#2494;&#2479;&#2492;&#2476;&#2494;&#2489;&#2497;&#2482;&#2509;&#2479;&#2503;&#2480; &#2453;&#2494;&#2480;&#2467;&#2503; &#2438;&#2486;&#2509;&#2480;&#2478;&#2476;&#2494;&#2488;&#2496;&#2470;&#2503;&#2480; &#2460;&#2496;&#2476;&#2472;&#2479;&#2494;&#2474;&#2472;, &#2474;&#2509;&#2480;&#2468;&#2495;&#2487;&#2509;&#2464;&#2495;&#2468; &#2488;&#2453;&#2482; &#2470;&#2503;&#2476;&#2470;&#2503;&#2476;&#2496;&#2470;&#2503;&#2480; &#2472;&#2495;&#2468;&#2509;&#2479;&#2488;&#2503;&#2476;&#2494; &#2451; &#2438;&#2486;&#2509;&#2480;&#2478; &#2480;&#2453;&#2509;&#2487;&#2467;&#2494;&#2476;&#2503;&#2453;&#2509;&#2487;&#2467;&#2503;&#2480; &#2460;&#2472;&#2509;&#2479; &#2472;&#2509;&#2479;&#2497;&#2472;&#2468;&#2478; &#2437;&#2480;&#2509;&#2469;&#2503;&#2480; &#2479;&#2503; &#2474;&#2509;&#2480;&#2479;&#2492;&#2507;&#2460;&#2472;&#2496;&#2479;&#2492;&#2468;&#2494; &#2438;&#2459;&#2503; &#2468;&#2494; &#2437;&#2472;&#2488;&#2509;&#2476;&#2496;&#2453;&#2494;&#2480;&#2509;&#2479;&#2404;<span class=\"sf-dump-default sf-dump-ns\">\\r\\n</span></span>
      <span class=sf-dump-str title=\"1430 characters\">&#2474;&#2497;&#2480;&#2494;&#2467;&#2494;&#2470;&#2495; &#2486;&#2494;&#2488;&#2509;&#2468;&#2509;&#2480;&#2503; &#2441;&#2482;&#2509;&#2482;&#2503;&#2454; &#2438;&#2459;&#2503; &#039;&#2470;&#2494;&#2472;&#039; &#2471;&#2480;&#2509;&#2478;&#2494;&#2458;&#2494;&#2480;&#2467;&#2503;&#2480; &#2447;&#2453;&#2463;&#2495; &#2437;&#2457;&#2509;&#2455;, &#2468;&#2494;&#2439; &#2486;&#2509;&#2480;&#2496;&#2480;&#2494;&#2478;&#2453;&#2499;&#2487;&#2509;&#2467; &#2471;&#2480;&#2509;&#2478;&#2458;&#2453;&#2509;&#2480;&#2503;&#2480; &#2478;&#2497;&#2487;&#2509;&#2463;&#2495;&#2478;&#2503;&#2479;&#2492; &#2453;&#2495;&#2459;&#2497; &#2470;&#2496;&#2453;&#2509;&#2487;&#2495;&#2468; &#2488;&#2472;&#2509;&#2468;&#2494;&#2472; &#2447;&#2476;&#2434; &#2437;&#2472;&#2509;&#2479;&#2494;&#2472;&#2509;&#2479; &#2471;&#2480;&#2509;&#2478;&#2474;&#2495;&#2474;&#2494;&#2488;&#2497; &#2477;&#2453;&#2509;&#2468;&#2455;&#2467;&#2503;&#2480; &#2441;&#2474;&#2480; &#2470;&#2494;&#2479;&#2492;&#2495;&#2468;&#2509;&#2476; &#2476;&#2480;&#2509;&#2468;&#2494;&#2479;&#2492; -- &#2472;&#2509;&#2479;&#2497;&#2472;&#2468;&#2478;, &#2488;&#2509;&#2476;&#2504;&#2458;&#2509;&#2459;&#2495;&#2453; &#2437;&#2480;&#2509;&#2469;&#2470;&#2494;&#2472;&#2503;&#2480; &#2478;&#2494;&#2471;&#2509;&#2479;&#2478;&#2503; &#2489;&#2495;&#2472;&#2509;&#2470;&#2497;&#2471;&#2480;&#2509;&#2478;&#2503;&#2480; &#2471;&#2509;&#2476;&#2460;&#2494;&#2471;&#2494;&#2480;&#2496; &#2447;&#2439; &#2474;&#2509;&#2480;&#2468;&#2495;&#2487;&#2509;&#2464;&#2494;&#2472;&#2503;&#2480; &#2437;&#2488;&#2509;&#2468;&#2495;&#2468;&#2509;&#2476; &#2480;&#2453;&#2509;&#2487;&#2494; &#2453;&#2480;&#2494;&#2480;&#2404; &#2468;&#2494;&#2439; &#2488;&#2453;&#2482;&#2503;&#2480; &#2453;&#2494;&#2459;&#2503; &#2437;&#2472;&#2497;&#2480;&#2507;&#2471; &#2447;&#2439; &#2479;&#2503;, &#2438;&#2474;&#2472;&#2494;&#2480;&#2494; &#2472;&#2495;&#2480;&#2509;&#2470;&#2509;&#2476;&#2495;&#2471;&#2494;&#2479;&#2492; &#2451; &#2488;&#2509;&#2476;&#2503;&#2458;&#2509;&#2459;&#2494;&#2479;&#2492; &#2438;&#2474;&#2472;&#2494;&#2470;&#2503;&#2480; &#2488;&#2494;&#2478;&#2480;&#2509;&#2469;&#2509;&#2479; &#2437;&#2472;&#2497;&#2479;&#2494;&#2479;&#2492;&#2496; &#2447;&#2439; &#2474;&#2509;&#2480;&#2468;&#2495;&#2487;&#2509;&#2464;&#2494;&#2472;&#2503;&#2480; &#2441;&#2472;&#2509;&#2472;&#2468;&#2495;&#2453;&#2482;&#2509;&#2474;&#2503; &#2451; &#2438;&#2486;&#2509;&#2480;&#2478;&#2476;&#2494;&#2488;&#2496;&#2470;&#2503;&#2480; &#2460;&#2496;&#2476;&#2472;&#2471;&#2494;&#2480;&#2467;&#2503;&#2480; &#2460;&#2472;&#2509;&#2479; &#2474;&#2509;&#2480;&#2479;&#2492;&#2507;&#2460;&#2472;&#2496;&#2479;&#2492; &#2438;&#2480;&#2509;&#2469;&#2495;&#2453; &#2437;&#2472;&#2497;&#2470;&#2494;&#2472; &#2453;&#2480;&#2497;&#2472;&#2404; &#2438;&#2474;&#2472;&#2494;&#2480;&#2494; Money Transfer &#2447;&#2480; &#2478;&#2494;&#2471;&#2509;&#2479;&#2478;&#2503; &#2472;&#2495;&#2478;&#2509;&#2472;&#2507;&#2453;&#2509;&#2468; &#2476;&#2495;&#2476;&#2480;&#2467; &#2437;&#2472;&#2497;&#2479;&#2494;&#2479;&#2492;&#2496; &#2437;&#2480;&#2509;&#2469;&#2470;&#2494;&#2472; &#2453;&#2480;&#2468;&#2503; &#2474;&#2494;&#2480;&#2503;&#2472;.&lt;/br&gt;<span class=\"sf-dump-default sf-dump-ns\">\\r\\n</span></span>
      <span class=sf-dump-str title=\"1430 characters\">&lt;b&gt;Sri Ramkrishna Dharma Chakra&lt;/b&gt;&lt;/br&gt;<span class=\"sf-dump-default sf-dump-ns\">\\r\\n</span></span>
      <span class=sf-dump-str title=\"1430 characters\">&lt;b&gt;SBI A/C - 11310916735 &lt;/b&gt;&lt;/br&gt;<span class=\"sf-dump-default sf-dump-ns\">\\r\\n</span></span>
      <span class=sf-dump-str title=\"1430 characters\">&lt;b&gt;SBIN0004640 (IFSC)&lt;/b&gt;&lt;/br&gt;</span>
      \"\"\"
    \"<span class=sf-dump-key>donate_image</span>\" => \"<span class=sf-dump-str title=\"19 characters\">1673342173-1444.jpg</span>\"
    \"<span class=sf-dump-key>welcome_heading</span>\" => \"<span class=sf-dump-str title=\"32 characters\">&#2488;&#2497;&#2488;&#2509;&#2476;&#2494;&#2455;&#2468;&#2478;&#2509; &#2486;&#2509;&#2480;&#2496;&#2480;&#2494;&#2478;&#2453;&#2499;&#2487;&#2509;&#2467; &#2471;&#2480;&#2509;&#2478;&#2458;&#2453;&#2509;&#2480;</span>\"
    \"<span class=sf-dump-key>welcome_description</span>\" => \"<span class=sf-dump-str title=\"1297 characters\">&lt;strong&gt;&#2536;&#2535;&#2535;&#2447;, &#2455;&#2495;&#2480;&#2495;&#2486; &#2456;&#2507;&#2487; &#2480;&#2507;&#2465;&#160;&lt;/strong&gt;&lt;strong&gt;&#2474;&#2507; : &#2476;&#2503;&#2482;&#2497;&#2465;&#2492;&#2478;&#2464;, &#2489;&#2494;&#2451;&#2465;&#2492;&#2494;, &#2474;&#2495;&#2472;-&#2541;&#2535;&#2535;&#2536;&#2534;&#2536; &#2475;&#2507;&#2472;-&#2543;&#2542;&#2537;&#2534;&#2534;&#2538;&#2537;&#2539;&#2543;&#2540;&lt;br /&gt;&lt;/strong&gt;&lt;br /&gt;&#2486;&#2509;&#2480;&#2496;&#2480;&#2494;&#2478;&#2453;&#2499;&#2487;&#2509;&#2467; &#2471;&#2480;&#2509;&#2478;&#2458;&#2453;&#2509;&#2480; &#2477;&#2494;&#2480;&#2468;&#2476;&#2480;&#2509;&#2487;&#2503;&#2480; &#2438;&#2471;&#2509;&#2479;&#2494;&#2468;&#2509;&#2478;&#2495;&#2453; &#2438;&#2453;&#2494;&#2486;&#2503; &#2447;&#2453; &#2441;&#2460;&#2509;&#2460;&#2509;&#2476;&#2482; &#2472;&#2453;&#2509;&#2487;&#2468;&#2509;&#2480;&#2404; &#2447;&#2439; &#2471;&#2480;&#2509;&#2478; &#2474;&#2509;&#2480;&#2468;&#2495;&#2487;&#2509;&#2464;&#2494;&#2472; &#2476;&#2509;&#2480;&#2489;&#2509;&#2478;&#2482;&#2496;&#2472; &#2488;&#2509;&#2476;&#2494;&#2478;&#2496; &#2460;&#2455;&#2470;&#2496;&#2486;&#2509;&#2476;&#2480;&#2494;&#2472;&#2472;&#2509;&#2470; &#2478;&#2489;&#2494;&#2480;&#2494;&#2460;&#2503;&#2480; &#2448;&#2453;&#2494;&#2472;&#2509;&#2468;&#2495;&#2453; &#2474;&#2509;&#2480;&#2458;&#2503;&#2487;&#2509;&#2463;&#2494;&#2479;&#2492; &#2535;&#2543;&#2539;&#2539; &#2454;&#2499;&#2487;&#2509;&#2463;&#2494;&#2476;&#2509;&#2470;(&#2535;&#2537;&#2540;&#2536; &#2488;&#2494;&#2482;&#2503;&#2480;) &#2475;&#2494;&#2482;&#2509;&#2455;&#2497;&#2472; &#2478;&#2494;&#2488;&#2503; &#2474;&#2509;&#2480;&#2468;&#2495;&#2487;&#2509;&#2464;&#2494; &#2489;&#2479;&#2492;&#2404;&lt;br /&gt;&lt;br /&gt;&#2488;&#2509;&#2476;&#2494;&#2478;&#2496; &#2460;&#2455;&#2470;&#2496;&#2486;&#2509;&#2476;&#2480;&#2494;&#2472;&#2472;&#2509;&#2470; &#2478;&#2489;&#2494;&#2480;&#2494;&#2460;&#2503;&#2480; &#2478;&#2489;&#2494;&#2474;&#2509;&#2480;&#2479;&#2492;&#2494;&#2467;&#2503;&#2480; &#2474;&#2480; &#2468;&#2494;&#2433;&#2480; &#2488;&#2497;&#2479;&#2507;&#2455;&#2509;&#2479;&#2494; &#2486;&#2495;&#2487;&#2509;&#2479;&#2494; &#2474;&#2509;&#2480;&#2476;&#2509;&#2480;&#2494;&#2460;&#2495;&#2453;&#2494; &#2478;&#2489;&#2494;&#2455;&#2508;&#2480;&#2496; &#2488;&#2480;&#2488;&#2509;&#2476;&#2468;&#2496; &#2470;&#2453;&#2509;&#2487; &#2489;&#2494;&#2468;&#2503; &#2447;&#2439; &#2474;&#2509;&#2480;&#2468;&#2495;&#2487;&#2509;&#2464;&#2494;&#2472;&#2503;&#2480; &#2488;&#2478;&#2488;&#2509;&#2468; &#2455;&#2497;&#2480;&#2497;&#2477;&#2494;&#2476; &#2476;&#2489;&#2472; &#2453;&#2480;&#2503;&#2472;&#2404; &#2474;&#2509;&#2480;&#2476;&#2509;&#2480;&#2494;&#2460;&#2495;&#2453;&#2494; &#2478;&#2489;&#2494;&#2455;&#2508;&#2480;&#2496; &#2488;&#2480;&#2488;&#2509;&#2476;&#2468;&#2496;&#2480; &#2478;&#2489;&#2494;&#2474;&#2509;&#2480;&#2479;&#2492;&#2494;&#2467;&#2503;&#2480; &#2474;&#2480; &#2468;&#2494;&#2433;&#2480; &#2478;&#2472;&#2507;&#2472;&#2496;&#2468; &#2455;&#2497;&#2480;&#2497;&#2477;&#2494;&#2439; &#2488;&#2509;&#2476;&#2494;&#2478;&#2496; &#2476;&#2495;&#2486;&#2497;&#2470;&#2509;&#2471;&#2494;&#2472;&#2472;&#2509;&#2470; &#2488;&#2480;&#2488;&#2509;&#2476;&#2468;&#2496;&#2460;&#2496; &#2478;&#2489;&#2494;&#2480;&#2494;&#2460; &#2474;&#2509;&#2480;&#2468;&#2495;&#2487;&#2509;&#2464;&#2494;&#2472;&#2503;&#2480; &#2438;&#2458;&#2494;&#2480;&#2509;&#2479;&#2509;&#2479; &#2480;&#2498;&#2474;&#2503; &#2455;&#2497;&#2480;&#2497; &#2477;&#2494;&#2480; &#2455;&#2509;&#2480;&#2489;&#2467; &#2453;&#2480;&#2503;&#2472;&#2404;&lt;br /&gt;&lt;br /&gt;&#2486;&#2509;&#2480;&#2496;&#2480;&#2494;&#2478;&#2453;&#2499;&#2487;&#2509;&#2467; &#2471;&#2480;&#2509;&#2478;&#2458;&#2453;&#2509;&#2480; &#2438;&#2486;&#2509;&#2480;&#2478;&#2503; &#2535;&#2543;&#2540;&#2535; &#2454;&#2499;&#2487;&#2509;&#2463;&#2494;&#2476;&#2509;&#2470;&#2503; &#2474;&#2498;&#2480;&#2509;&#2476;&#2477;&#2494;&#2480;&#2468;&#2503; &#2474;&#2509;&#2480;&#2469;&#2478; &#2453;&#2482;&#2509;&#2453;&#2495; &#2478;&#2472;&#2509;&#2470;&#2495;&#2480; &#2474;&#2509;&#2480;&#2468;&#2495;&#2487;&#2509;&#2464;&#2494; &#2489;&#2479;&#2492;&#2404; &#2470;&#2504;&#2476;&#2472;&#2495;&#2480;&#2509;&#2470;&#2503;&#2486;&#2503; &#2488;&#2480;&#2509;&#2476;&#2474;&#2509;&#2480;&#2469;&#2478; &#2477;&#2455;&#2476;&#2494;&#2472; &#2476;&#2495;&#2487;&#2509;&#2467;&#2497;&#2480; &#2486;&#2503;&#2487; &#2437;&#2476;&#2468;&#2494;&#2480; &#2453;&#2482;&#2509;&#2453;&#2495; &#2470;&#2503;&#2476;&#2503;&#2480; &#2438;&#2455;&#2478;&#2472; &#2476;&#2494;&#2480;&#2509;&#2468;&#2494; &#2474;&#2509;&#2480;&#2458;&#2494;&#2480;&#2495;&#2468; &#2489;&#2479;&#2492;&#2404; &#2488;&#2509;&#2476;&#2494;&#2478;&#2496; &#2460;&#2455;&#2470;&#2496;&#2486;&#2509;&#2476;&#2480;&#2494;&#2472;&#2472;&#2509;&#2470; &#2478;&#2489;&#2494;&#2480;&#2494;&#2460; &#2470;&#2509;&#2476;&#2494;&#2480;&#2494; &#2437;&#2472;&#2498;&#2470;&#2495;&#2468; &#2474;&#2509;&#2480;&#2494;&#2479;&#2492; &#2535;&#2534;&#2534;&#2454;&#2494;&#2472;&#2494; &#2471;&#2480;&#2509;&#2478;&#2455;&#2509;&#2480;&#2472;&#2509;&#2469;&#2503;&#2480; &#2476;&#2495;&#2474;&#2497;&#2482; &#2488;&#2478;&#2509;&#2477;&#2494;&#2480;&#2404; &#2447;&#2439; &#2455;&#2509;&#2480;&#2472;&#2509;&#2469; &#2470;&#2509;&#2476;&#2494;&#2480;&#2494; &#2471;&#2480;&#2509;&#2478;&#2474;&#2509;&#2480;&#2494;&#2467; &#2472;&#2480;&#2472;&#2494;&#2480;&#2496;&#2455;&#2467;&#2503;&#2480; &#2471;&#2480;&#2509;&#2478;&#2458;&#2503;&#2468;&#2472;&#2494;&#2460;&#2494;&#2455;&#2480;&#2467; &#2471;&#2480;&#2509;&#2478;&#2460;&#2509;&#2462;&#2494;&#2472;&#2453;&#2503; &#2474;&#2480;&#2495;&#2474;&#2497;&#2487;&#2509;&#2463; &#2453;&#2480;&#2494;&#2480; &#2453;&#2494;&#2460;&#2503; &#2488;&#2470;&#2494; &#2476;&#2509;&#2544;&#2468;&#2496; &#2447;&#2439; &#2474;&#2509;&#2480;&#2468;&#2495;&#2487;&#2509;&#2464;&#2494;&#2472;&#2404; &#2447;&#2454;&#2494;&#2472;&#2503; &#2470;&#2496;&#2453;&#2509;&#2487;&#2494;&#2480;&#2509;&#2469;&#2496;&#2455;&#2467;&#2503;&#2480; &#2474;&#2509;&#2480;&#2453;&#2499;&#2468;&#2495;&#2455;&#2468; &#2439;&#2487;&#2509;&#2463;&#2472;&#2495;&#2480;&#2509;&#2476;&#2494;&#2458;&#2472; &#2451; &#2478;&#2472;&#2509;&#2468;&#2509;&#2480;&#2479;&#2507;&#2455;&#2503; &#2488;&#2494;&#2471;&#2472; &#2437;&#2472;&#2497;&#2486;&#2496;&#2482;&#2472;&#2503;&#2480; &#2470;&#2509;&#2476;&#2494;&#2480;&#2494; &#2488;&#2494;&#2471;&#2472;&#2503; &#2441;&#2472;&#2509;&#2472;&#2468;&#2495;&#2480; &#2474;&#2469;&#2503; &#2447;&#2455;&#2495;&#2479;&#2492;&#2503; &#2472;&#2495;&#2479;&#2492;&#2503; &#2479;&#2494;&#2451;&#2479;&#2492;&#2494;&#2480; &#2488;&#2489;&#2494;&#2479;&#2492;&#2468;&#2494; &#2453;&#2480;&#2494; &#2489;&#2479;&#2492;&#2404; &#2447;&#2459;&#2494;&#2465;&#2492;&#2494; &#2488;&#2494;&#2480;&#2494; &#2476;&#2459;&#2480; &#2476;&#2509;&#2479;&#2494;&#2474;&#2496; &#2476;&#2503;&#2486; &#2453;&#2495;&#2459;&#2497; &#2441;&#2472;&#2509;&#2472;&#2479;&#2492;&#2472; &#2478;&#2498;&#2482;&#2453; &#2453;&#2480;&#2509;&#2478;&#2453;&#2494;&#2472;&#2509;&#2465;&#2503;&#2480; &#2488;&#2457;&#2509;&#2455;&#2503; &#2479;&#2497;&#2453;&#2509;&#2468;&#2404; &#2489;&#2495;&#2472;&#2509;&#2470;&#2497; &#2471;&#2480;&#2509;&#2478; &#2476;&#2495;&#2486;&#2509;&#2476;&#2494;&#2488;&#2496; &#2488;&#2494;&#2478;&#2494;&#2460;&#2495;&#2453; &#2451; &#2438;&#2471;&#2509;&#2479;&#2494;&#2468;&#2509;&#2478;&#2495;&#2453; &#2478;&#2495;&#2482;&#2472; &#2453;&#2509;&#2487;&#2503;&#2468;&#2509;&#2480;&#2503;&#2480; &#2438;&#2480; &#2447;&#2453; &#2472;&#2494;&#2478; &#2486;&#2509;&#2480;&#2496;&#2480;&#2494;&#2478;&#2453;&#2499;&#2487;&#2509;&#2467; &#2471;&#2480;&#2509;&#2478;&#2458;&#2453;&#2509;&#2480;&#2404;</span>\"
    \"<span class=sf-dump-key>parampara_text</span>\" => \"<span class=sf-dump-str title=\"681 characters\">&lt;p&gt;&lt;strong&gt;&quot; &#2451;&#2433; &#2472;&#2478;&#2507; &#2476;&#2509;&#2480;&#2489;&#2509;&#2478;&#2494;&#2470;&#2495;&#2477;&#2509;&#2479;&#2507; &#2476;&#2509;&#2480;&#2489;&#2509;&#2478;&#2476;&#2495;&#2470;&#2509;&#2479;&#2494; &#2488;&#2478;&#2509;&#2474;&#2509;&#2480;&#2470;&#2494;&#2479;&#2492; &#2453;&#2468;&#2499;&#2477;&#2509;&#2479;&#2507; &#2476;&#2434;&#2486;&#2443;&#2487;&#2495;&#2477;&#2509;&#2479;&#2507; &#2478;&#2489;&#2470;&#2509;&#2477;&#2509;&#2479;&#2507; &#2472;&#2478;&#2507; &#2455;&#2497;&#2480;&#2497;&#2477;&#2509;&#2479;&#2507;&#2435;&#2404; &quot;&lt;/strong&gt;&lt;br /&gt;&lt;em&gt;&#2476;&#2509;&#2480;&#2489;&#2509;&#2478;&#2476;&#2495;&#2470;&#2509;&#2479;&#2494; &#2488;&#2478;&#2509;&#2474;&#2509;&#2480;&#2470;&#2494;&#2479;&#2492;&#2503;&#2480; &#2438;&#2470;&#2495;&#2455;&#2497;&#2480;&#2497; &#2477;&#2455;&#2476;&#2494;&#2472; &#2472;&#2494;&#2480;&#2494;&#2479;&#2492;&#2467; &#2476;&#2509;&#2480;&#2489;&#2509;&#2478;&#2494;&#2460;&#2495;&#2453;&#2503; &#2488;&#2480;&#2509;&#2476; &#2474;&#2509;&#2480;&#2469;&#2478; &#2447;&#2439; &#2476;&#2509;&#2480;&#2489;&#2509;&#2478;&#2476;&#2495;&#2470;&#2509;&#2479;&#2494;&#2480; &#2441;&#2474;&#2470;&#2503;&#2486; &#2453;&#2480;&#2503;&#2459;&#2495;&#2482;&#2503;&#2472;&#2404; &#2488;&#2497;&#2468;&#2480;&#2494;&#2434; &#2468;&#2495;&#2472;&#2495; &#2447;&#2439; &#2476;&#2509;&#2480;&#2489;&#2509;&#2478;&#2476;&#2495;&#2470;&#2509;&#2479;&#2494; &#2488;&#2478;&#2509;&#2474;&#2509;&#2480;&#2470;&#2494;&#2479;&#2492;&#2503; &#2470;&#2509;&#2476;&#2495;&#2468;&#2496;&#2479;&#2492; &#2455;&#2497;&#2480;&#2497; &#2468;&#2494;&#2480;&#2474;&#2480; &#2476;&#2509;&#2480;&#2489;&#2509;&#2478;&#2494;&#2480; &#2535;&#2538; &#2460;&#2472; &#2478;&#2494;&#2472;&#2488;&#2474;&#2497;&#2468;&#2509;&#2480;&#2503;&#2480; &#2478;&#2471;&#2509;&#2479;&#2503; &#2476;&#2486;&#2495;&#2487;&#2509;&#2464;&#2494;&#2470;&#2495;&#2443;&#2487;&#2495;&#2455;&#2467; &#2438;&#2459;&#2503;&#2472;&#2404;&#160;&lt;/em&gt;&lt;br /&gt;&lt;strong&gt;&quot; &#2453;&#2499;&#2468;&#2503; &#2476;&#2495;&#2486;&#2509;&#2476;&#2455;&#2497;&#2480;&#2497;&#2476;&#2509;&#2480;&#2489;&#2509;&#2478;&#2494; &#2468;&#2509;&#2480;&#2503;&#2468;&#2494;&#2479;&#2492;&#2494; &#2443;&#2487;&#2495;&#2488;&#2468;&#2509;&#2468;&#2478;&#2435; (&#2476;&#2486;&#2495;&#2487;&#2509;&#2464;)&lt;/strong&gt;&lt;br /&gt;&lt;strong&gt;&#2470;&#2509;&#2476;&#2494;&#2474;&#2480;&#2503; &#2476;&#2509;&#2479;&#2494;&#2488;&#2447;&#2476;&#2488;&#2509;&#2479;&#2494;&#2453;&#2482;&#2494;&#2476;&#2468;&#2509;&#2480; &#2477;&#2476;&#2494;&#2478;&#2509;&#2479;&#2489;&#2478; &#2551;&#2551; &quot;&lt;/strong&gt;&lt;br /&gt;&lt;em&gt;&#2437;&#2480;&#2509;&#2469;&#2494;&#2510; &#2488;&#2468;&#2509;&#2479;&#2479;&#2497;&#2455;&#2503; &#2476;&#2509;&#2480;&#2489;&#2509;&#2478;&#2494; &#2459;&#2495;&#2482;&#2503;&#2472; &#2460;&#2455;&#2470;&#2455;&#2497;&#2480;&#2497; ; &#2468;&#2509;&#2480;&#2503;&#2468;&#2494;&#2468;&#2503; &#2443;&#2487;&#2495; &#2476;&#2486;&#2495;&#2487;&#2509;&#2464; ; &#2470;&#2509;&#2476;&#2494;&#2474;&#2480;&#2503; &#2453;&#2499;&#2487;&#2509;&#2467; &#2470;&#2509;&#2476;&#2504;&#2474;&#2494;&#2479;&#2492;&#2472;&#2503; &#2476;&#2509;&#2479;&#2494;&#2488; &#2447;&#2476;&#2434; &#2453;&#2482;&#2495;&#2468;&#2503; &#2438;&#2470;&#2495; &#2486;&#2457;&#2509;&#2453;&#2480;&#2494;&#2458;&#2494;&#2480;&#2509;&#2479;&#2509;&#2479; &#2460;&#2455;&#2470;&#2455;&#2497;&#2480;&#2497; &#2480;&#2497;&#2474;&#2503; &#2459;&#2495;&#2482;&#2503;&#2472;&#2404; &#2447;&#2439; &#2488;&#2472;&#2494;&#2468;&#2472; &#2474;&#2480;&#2478;&#2509;&#2474;&#2480;&#2494;&#2439; &#2438;&#2478;&#2494;&#2470;&#2503;&#2480; &#2455;&#2497;&#2480;&#2497; &#2474;&#2480;&#2478;&#2509;&#2474;&#2480;&#2494;&#2404;&#160;&lt;/em&gt;&lt;/p&gt;</span>\"
    \"<span class=sf-dump-key>description_english</span>\" => \"\"\"
      <span class=sf-dump-str title=\"1749 characters\">&lt;p&gt;Sri Ramakrishna Dharmachakra is a brilliant star in the spiritual heritage of India. This religious institution was established in the month of February in the year 1955 through the sincere efforts of Brahmalin Swami Jagadishwarananda Maharaj.&lt;br /&gt;After Swami Jagadishwarananda Maharaj&#8217;s passing, his disciple, Prabrajika Mahagouri Saraswati, took over as the head of the Institution and enhanced its reach further among disciples and devotees through her spiritual work and effective administration. After Prabrajika Mahagouri Saraswati his nominee and Gurubhai Swami Bisuddhananda Saraswatiji, has taken over as the principal monk ( Addhakshya )&#160; of the organization.&lt;br /&gt;The first Kalki Temple was established in Eastern India in the year 1955 at the Sri Ramakrishna Dharmachakra Ashram. It is said that Swami Jagadishwarananda Saraswati received spiritual guidance to create this temple from Sri Kalki Dev, the last incarnation of Lord Vishnu, and he spread the message and grace of the deity all over India.&lt;br /&gt;Swami Jagadishwarananda Maharaj was a great spiritual author and has over 100 books authored by him. It is through these books that spirituality is nurtured and disseminated to his devotees all over India. Here the practitioners and devotees are helped to move forward in their spiritual pursuits through meditation and mantras.&lt;br /&gt;In addition, several developmental activities are also taken up around the year, by the Ashram, to alleviate the problems of the Society and the environment, in addition to many religious festivals where all are invited irrespective of religion, caste or creed. The institution stands out as a true torchbearer of the Sanatan Dharma for the social and spiritual union of people.&lt;/p&gt;<span class=\"sf-dump-default sf-dump-ns\">\\r\\n</span></span>
      <span class=sf-dump-str title=\"1749 characters\">&lt;p&gt;&#160;&lt;/p&gt;</span>
      \"\"\"
    \"<span class=sf-dump-key>donate_description_english</span>\" => \"\"\"
      <span class=sf-dump-str title=\"1313 characters\">The founder of Sri Ramakrishna Dharmachakra, Brahmalin Swami JagadishwaraNanda Maharaj was an all-powerful monk. He established this organization with the financial support of a very few kind devotees. Following the principles and ideology of the Guru Maharaj, the monks of this ashram do not conduct any rituals in exchange of money. It was strictly against the principles of Guru Maharaj to conduct any ritual specifically for gains and the essence of the teachings to all has been to lead a simple and honest life which would lead to mental resilience and faith, so as to be able to overcome hurdles and hardships in life. <span class=\"sf-dump-default sf-dump-ns\">\\r\\n</span></span>
      <span class=sf-dump-str title=\"1313 characters\"><span class=\"sf-dump-default sf-dump-ns\">\\r\\n</span></span>
      <span class=sf-dump-str title=\"1313 characters\">However, the operations of the Ashram needs finances to be able to conduct the daily Pujas and also for the livelihood of the monks. Many of the devotees have been donating towards this cause. The publishing and book selling feeds each other since most of the books being sold are very inexpensive so as to cover costs only and is the major route of spiritual preaching for the Ashram.<span class=\"sf-dump-default sf-dump-ns\">\\r\\n</span></span>
      <span class=sf-dump-str title=\"1313 characters\"><span class=\"sf-dump-default sf-dump-ns\">\\r\\n</span></span>
      <span class=sf-dump-str title=\"1313 characters\">Therefore, it&#039;s a request to all to donate freely and voluntarily, to promote this institution and the cause of the monastery. <span class=\"sf-dump-default sf-dump-ns\">\\r\\n</span></span>
      <span class=sf-dump-str title=\"1313 characters\">You can make payments to the following account :  &lt;/br&gt;<span class=\"sf-dump-default sf-dump-ns\">\\r\\n</span></span>
      <span class=sf-dump-str title=\"1313 characters\">&lt;b&gt;Sri Ramkrishna Dharma Chakra&lt;/b&gt;&lt;/br&gt;<span class=\"sf-dump-default sf-dump-ns\">\\r\\n</span></span>
      <span class=sf-dump-str title=\"1313 characters\">&lt;b&gt;SBI A/C - 11310916735 &lt;/b&gt;&lt;/br&gt;<span class=\"sf-dump-default sf-dump-ns\">\\r\\n</span></span>
      <span class=sf-dump-str title=\"1313 characters\">&lt;b&gt;SBIN0004640 (IFSC)&lt;/b&gt;&lt;/br&gt;</span>
      \"\"\"
    \"<span class=sf-dump-key>welcome_heading_english</span>\" => \"<span class=sf-dump-str title=\"36 characters\">Welcome Sri Ramakrishna DharmaChakra</span>\"
    \"<span class=sf-dump-key>welcome_description_english</span>\" => \"<span class=sf-dump-str title=\"1477 characters\">&lt;strong&gt;211A, Girish Ghosh Road&#160;&lt;/strong&gt;&lt;strong&gt;Po: Belurmath, Howrah, Pin-711202 Phone-9830043596&lt;br /&gt;&lt;/strong&gt;&lt;br /&gt;Sri Ramakrishna Dharma Chakra is a bright star in the spiritual sky of India.&#160;This religious institution was established in the month of Falgun in 1955 AD (1362 AD) by the dedicated efforts of Brahmin Swami Jagadiswarananda Maharaj.&lt;br /&gt;&lt;br /&gt;After the passing away of Swami Jagadiswarananda Maharaj, his opportune disciple Prabrajika Mahagauri Saraswati carried all the responsibilities of this institution with skillful hands.&#160;After Prabrajika Mahagauri Saraswati&#039;s demise, her designated Gurubhai Swami Visudhananda Saraswatiji Maharaj took over as Acharya of the institution.&lt;br /&gt;&lt;br /&gt;The first Kalki temple in East India was established in 1961 AD at Sri Ramakrishna Dharmachakra Ashram.&#160;The message of the arrival of Lord Vishnu&#039;s last incarnation, Kalki Dev, was first announced by divine guidance.&#160;A huge collection of about 100 scriptures translated by Swami Jagadiswarananda Maharaj.&#160;This institution is always engaged in the work of strengthening the religious consciousness of religious women through this book.&#160;Here the initiates are helped to progress on the path of improvement in Sadhana through the practice of Sadhana through natural selection and mantra yoga.&#160;Besides, it is associated with several developmental activities throughout the year.&#160;Sri Ramakrishna Dharmachakra is another name for social and spiritual gathering of Hindus.</span>\"
    \"<span class=sf-dump-key>parampara_text_english</span>\" => \"<span class=sf-dump-str title=\"701 characters\">&lt;p&gt;&lt;strong&gt;&quot;O namobrahmadivyo brahmavidya sampada katribhyo vansho rishibhyo mahadhav namo gurubho&quot;&lt;/strong&gt;&lt;br /&gt;Lord Narayana first gave Brahmaji the knowledge of Brahmavidya, So Narayana is the founder of the Brahmavidya sect, Brahmaji is the second Guru in this Brahmavidya sect and among his 14 Manas-putras of there was Vasishtya.&lt;br /&gt;&lt;strong&gt;&quot;Kritya GuruBrahma Tretaya Rishisattam (Vasishtha) Dvapare vyasaabsaaklavatra bhamyaham &quot;&lt;/strong&gt;&lt;br /&gt;That is, Brahma was the Jagadguru in the Satya Yuga; Sage Vasishta in Treta Juga; In the Dapar Juga it was Krishna , Vyasa in Dvaipaya and Adi Shankaracharya the Jagadguru in this Kali Juga. This tradition and succession is our guru parampara.&lt;/p&gt;</span>\"
    \"<span class=sf-dump-key>footer_text_english</span>\" => \"\"
    \"<span class=sf-dump-key>created_at</span>\" => <span class=sf-dump-const>null</span>
    \"<span class=sf-dump-key>updated_at</span>\" => \"<span class=sf-dump-str title=\"19 characters\">2023-07-20 15:10:54</span>\"
    \"<span class=sf-dump-key>footer_text</span>\" => \"<span class=sf-dump-str title=\"445 characters\">&#2472;&#2494;&#2480;&#2494;&#2527;&#2467;&#2434; &#2474;&#2470;&#2509;&#2478;&#2477;&#2476;&#2434; &#2476;&#2486;&#2495;&#2487;&#2509;&#2464; &#2486;&#2453;&#2509;&#2468;&#2495;&#2462;&#2509;&#2458; &#2468;&#2510;&#2474;&#2497;&#2468;&#2509;&#2480; &#2474;&#2480;&#2494;&#2486;&#2480;&#2462;&#2509;&#2458;&#160;&#2476;&#2509;&#2479;&#2494;&#2488;&#2434; &#2486;&#2497;&#2453;&#2434; &#2455;&#2508;&#2480; &#2474;&#2494;&#2470;&#2434; &#2478;&#2489;&#2494;&#2472;&#2509;&#2468;&#2434; &#2455;&#2507;&#2476;&#2495;&#2472;&#2509;&#2470; &#2479;&#2507;&#2455;&#2495;&#2470;&#2509;&#2480;&#2478;&#2469;&#2494;&#2488;&#2509;&#2479; &#2486;&#2495;&#2487;&#2509;&#2479;&#2478;&#2509; &#2486;&#2509;&#2480;&#2496; &#2486;&#2457;&#2509;&#2453;&#2480;&#2494;&#2458;&#2494;&#2480;&#2509;&#2479;&#2509;&#2479; &#2478;&#2469;&#2494;&#2488;&#2509;&#2479; &#2474;&#2470;&#2509;&#2478;&#2474;&#2494;&#2470;&#2462;&#2509;&#2458; &#2489;&#2488;&#2509;&#2468;&#2494;&#2478;&#2482;&#2453;&#2434; &#2458; &#2486;&#2495;&#2487;&#2509;&#2479;&#2478;&#2509;&#2404;&#160;&#2468;&#2472;&#2509;&#2470;&#2509;&#2480;&#2507;&#2463;&#2453;&#2434; &#2476;&#2494;&#2480;&#2509;&#2468;&#2495;&#2453;&#2453;&#2494;&#2480;&#2478;&#2472;&#2509;&#2479;&#2494;&#2472; &#2437;&#2488;&#2509;&#2478;&#2470; &#2455;&#2497;&#2480;&#2497;&#2472; &#2488;&#2472;&#2509;&#2468;&#2468; &#2478;&#2494;&#2468;&#2507;&#2489;&#2488;&#2509;&#2478;&#2495;&#2404;&#160;&#2486;&#2509;&#2480;&#2497;&#2468;&#2495; &#2488;&#2509;&#2478;&#2499;&#2468;&#2495;&#2474;&#2497;&#2480;&#2494;&#2467;&#2494;&#2472;&#2494;&#2478;&#2494;&#2482;&#2527;&#2434; &#2453;&#2480;&#2497;&#2467;&#2494;&#2482;&#2527;&#2434;&#2404;&#2472;&#2478;&#2494;&#2478;&#2495; &#2477;&#2455;&#2476;&#2510;&#2474;&#2494;&#2470;&#2434; &#2486;&#2457;&#2509;&#2453;&#2480;&#2434; &#2482;&#2507;&#2453;&#2486;&#2457;&#2509;&#2453;&#2480;&#2478;&#2509;&#2404;&#160;&#2488;&#2498;&#2468;&#2509;&#2480;&#2477;&#2494;&#2488;&#2509;&#2479;&#2453;&#2499;&#2468;&#2508; &#2476;&#2472;&#2509;&#2470;&#2503; &#2477;&#2455;&#2476;&#2472;&#2509;&#2468;&#2508; &#2474;&#2497;&#2472;&#2435; &#2474;&#2497;&#2472;&#2435; &#2440;&#2486;&#2509;&#2476;&#2480;&#2507; &#2455;&#2497;&#2480;&#2497;&#2480;&#2494;&#2468;&#2509;&#2478;&#2503;&#2468;&#2495; &#2478;&#2498;&#2480;&#2509;&#2468;&#2509;&#2468;&#2495;&#2477;&#2503;&#2470;&#2494; &#2476;&#2495;&#2477;&#2494;&#2455;&#2495;&#2472;&#2503; &#2476;&#2509;&#2479;&#2507;&#2478;&#2476;&#2510; &#2476;&#2509;&#2479;&#2494;&#2474;&#2509;&#2468; &#2470;&#2503;&#2489;&#2494;&#2527; &#2470;&#2453;&#2509;&#2487;&#2495;&#2467;&#2494;&#2478;&#2498;&#2480;&#2509;&#2468;&#2527;&#2503; &#2472;&#2478;&#2435;&#2404;&#160; &#2439;&#2468;&#2495; &#2455;&#2497;&#2480;&#2497;&#2474;&#2480;&#2478;&#2509;&#2474;&#2480;&#2494; &#2488;&#2509;&#2468;&#2509;&#2480;&#2507;&#2468;&#2509;&#2480;&#2478;&#2509;&#2404;</span>\"
    \"<span class=sf-dump-key>facebook_link</span>\" => \"<span class=sf-dump-str title=\"25 characters\">https://www.facebook.com/</span>\"
    \"<span class=sf-dump-key>youtube_link</span>\" => \"<span class=sf-dump-str title=\"24 characters\">https://www.youtube.com/</span>\"
    \"<span class=sf-dump-key>twitter_link</span>\" => <span class=sf-dump-const>null</span>
    \"<span class=sf-dump-key>address</span>\" => \"<span class=sf-dump-str title=\"113 characters\">&lt;strong&gt;&#2486;&#2509;&#2480;&#2496; &#2480;&#2494;&#2478;&#2453;&#2499;&#2487;&#2509;&#2467; &#2471;&#2480;&#2509;&#2478; &#2458;&#2453;&#2509;&#2480;&lt;/strong&gt;&lt;br /&gt;&#2536;&#2535;&#2535; &#2447;, &#2455;&#2495;&#2480;&#2495;&#2486; &#2456;&#2507;&#2487; &#2480;&#2507;&#2465;, &#2476;&#2503;&#2482;&#2497;&#2524;&lt;br /&gt;&#2474;&#2495;&#2451;- &#2476;&#2503;&#2482;&#2497;&#2524;&#2478;&#2464;,&lt;br /&gt;&#2489;&#2494;&#2451;&#2465;&#2492;&#2494; -&#2541;&#2535;&#2535;&#2535;&#2536;0&#2536;</span>\"
    \"<span class=sf-dump-key>address_english</span>\" => \"<span class=sf-dump-str title=\"109 characters\">Sri Ramakrishna Dharmachakra&lt;br /&gt;211 A, Girish Ghosh Road,&lt;br /&gt;Belur, P.O.- Belurmath,&lt;br /&gt;Howrah -7111202</span>\"
    \"<span class=sf-dump-key>email</span>\" => \"<span class=sf-dump-str title=\"32 characters\">ramkrishnadharmachakra@gmail.com</span>\"
    \"<span class=sf-dump-key>phone_one</span>\" => \"<span class=sf-dump-str title=\"13 characters\">+913326548075</span>\"
    \"<span class=sf-dump-key>phone_two</span>\" => \"<span class=sf-dump-str title=\"13 characters\">+919830043596</span>\"
    \"<span class=sf-dump-key>phone_three</span>\" => \"<span class=sf-dump-str title=\"13 characters\">+919804473647</span>\"
    \"<span class=sf-dump-key>phone_one_bengali</span>\" => \"<span class=sf-dump-str title=\"13 characters\">+&#2543;&#2535;&#2537;&#2537;&#2536;&#2540;&#2539;&#2538;&#2542;0&#2541;&#2539;</span>\"
    \"<span class=sf-dump-key>phone_two_bengali</span>\" => \"<span class=sf-dump-str title=\"13 characters\">+&#2543;&#2535;&#2543;&#2542;&#2537;00&#2538;&#2537;&#2539;&#2543;&#2540;</span>\"
    \"<span class=sf-dump-key>phone_three_bengali</span>\" => \"<span class=sf-dump-str title=\"14 characters\">+&#2543;&#2535;&#2543;&#2542;0&#2538;&#2538;&#2541;&#2537;&#2540;&#2538;&#2541;,</span>\"
    \"<span class=sf-dump-key>instagram_link</span>\" => <span class=sf-dump-const>null</span>
  </samp>]
  #<span class=sf-dump-protected title=\"Protected property\">changes</span>: []
  #<span class=sf-dump-protected title=\"Protected property\">casts</span>: []
  #<span class=sf-dump-protected title=\"Protected property\">classCastCache</span>: []
  #<span class=sf-dump-protected title=\"Protected property\">attributeCastCache</span>: []
  #<span class=sf-dump-protected title=\"Protected property\">dates</span>: []
  #<span class=sf-dump-protected title=\"Protected property\">dateFormat</span>: <span class=sf-dump-const>null</span>
  #<span class=sf-dump-protected title=\"Protected property\">appends</span>: []
  #<span class=sf-dump-protected title=\"Protected property\">dispatchesEvents</span>: []
  #<span class=sf-dump-protected title=\"Protected property\">observables</span>: []
  #<span class=sf-dump-protected title=\"Protected property\">relations</span>: []
  #<span class=sf-dump-protected title=\"Protected property\">touches</span>: []
  +<span class=sf-dump-public title=\"Public property\">timestamps</span>: <span class=sf-dump-const>true</span>
  #<span class=sf-dump-protected title=\"Protected property\">hidden</span>: []
  #<span class=sf-dump-protected title=\"Protected property\">visible</span>: []
  #<span class=sf-dump-protected title=\"Protected property\">fillable</span>: []
</samp>}
</pre><script>Sfdump(\"sf-dump-1337738941\", {\"maxDepth\":3,\"maxStringLength\":160})</script>
"}},"exception":"[object] (Facade\\Ignition\\Exceptions\\ViewException(code: 0): Attempt to read property \"image\" on null (View: /var/www/beas.in/public_html/ramkrishna_dharma_chakra/resources/views/admin/includes/header.blade.php) at /var/www/beas.in/public_html/ramkrishna_dharma_chakra/resources/views/admin/includes/header.blade.php:31)
[stacktrace]
#0 /var/www/beas.in/public_html/ramkrishna_dharma_chakra/resources/views/admin/includes/header.blade.php(31): Illuminate\\Foundation\\Bootstrap\\HandleExceptions->handleError(2, 'Attempt to read...', '/var/www/beas.i...', 31)
#1 /var/www/beas.in/public_html/ramkrishna_dharma_chakra/vendor/laravel/framework/src/Illuminate/Filesystem/Filesystem.php(107): require('/var/www/beas.i...')
#2 /var/www/beas.in/public_html/ramkrishna_dharma_chakra/vendor/laravel/framework/src/Illuminate/Filesystem/Filesystem.php(108): Illuminate\\Filesystem\\Filesystem::Illuminate\\Filesystem\\{closure}()
#3 /var/www/beas.in/public_html/ramkrishna_dharma_chakra/vendor/laravel/framework/src/Illuminate/View/Engines/PhpEngine.php(58): Illuminate\\Filesystem\\Filesystem->getRequire('/var/www/beas.i...', Array)
#4 /var/www/beas.in/public_html/ramkrishna_dharma_chakra/vendor/laravel/framework/src/Illuminate/View/Engines/CompilerEngine.php(61): Illuminate\\View\\Engines\\PhpEngine->evaluatePath('/var/www/beas.i...', Array)
#5 /var/www/beas.in/public_html/ramkrishna_dharma_chakra/vendor/facade/ignition/src/Views/Engines/CompilerEngine.php(37): Illuminate\\View\\Engines\\CompilerEngine->get('/var/www/beas.i...', Array)
#6 /var/www/beas.in/public_html/ramkrishna_dharma_chakra/vendor/laravel/framework/src/Illuminate/View/View.php(139): Facade\\Ignition\\Views\\Engines\\CompilerEngine->get('/var/www/beas.i...', Array)
#7 /var/www/beas.in/public_html/ramkrishna_dharma_chakra/vendor/laravel/framework/src/Illuminate/View/View.php(122): Illuminate\\View\\View->getContents()
#8 /var/www/beas.in/public_html/ramkrishna_dharma_chakra/vendor/laravel/framework/src/Illuminate/View/View.php(91): Illuminate\\View\\View->renderContents()
#9 /var/www/beas.in/public_html/ramkrishna_dharma_chakra/resources/views/admin/footer/index.blade.php(14): Illuminate\\View\\View->render()
#10 /var/www/beas.in/public_html/ramkrishna_dharma_chakra/vendor/laravel/framework/src/Illuminate/Filesystem/Filesystem.php(107): require('/var/www/beas.i...')
#11 /var/www/beas.in/public_html/ramkrishna_dharma_chakra/vendor/laravel/framework/src/Illuminate/Filesystem/Filesystem.php(108): Illuminate\\Filesystem\\Filesystem::Illuminate\\Filesystem\\{closure}()
#12 /var/www/beas.in/public_html/ramkrishna_dharma_chakra/vendor/laravel/framework/src/Illuminate/View/Engines/PhpEngine.php(58): Illuminate\\Filesystem\\Filesystem->getRequire('/var/www/beas.i...', Array)
#13 /var/www/beas.in/public_html/ramkrishna_dharma_chakra/vendor/laravel/framework/src/Illuminate/View/Engines/CompilerEngine.php(61): Illuminate\\View\\Engines\\PhpEngine->evaluatePath('/var/www/beas.i...', Array)
#14 /var/www/beas.in/public_html/ramkrishna_dharma_chakra/vendor/facade/ignition/src/Views/Engines/CompilerEngine.php(37): Illuminate\\View\\Engines\\CompilerEngine->get('/var/www/beas.i...', Array)
#15 /var/www/beas.in/public_html/ramkrishna_dharma_chakra/vendor/laravel/framework/src/Illuminate/View/View.php(139): Facade\\Ignition\\Views\\Engines\\CompilerEngine->get('/var/www/beas.i...', Array)
#16 /var/www/beas.in/public_html/ramkrishna_dharma_chakra/vendor/laravel/framework/src/Illuminate/View/View.php(122): Illuminate\\View\\View->getContents()
#17 /var/www/beas.in/public_html/ramkrishna_dharma_chakra/vendor/laravel/framework/src/Illuminate/View/View.php(91): Illuminate\\View\\View->renderContents()
#18 /var/www/beas.in/public_html/ramkrishna_dharma_chakra/vendor/laravel/framework/src/Illuminate/Http/Response.php(69): Illuminate\\View\\View->render()
#19 /var/www/beas.in/public_html/ramkrishna_dharma_chakra/vendor/laravel/framework/src/Illuminate/Http/Response.php(35): Illuminate\\Http\\Response->setContent(Object(Illuminate\\View\\View))
#20 /var/www/beas.in/public_html/ramkrishna_dharma_chakra/vendor/laravel/framework/src/Illuminate/Routing/Router.php(820): Illuminate\\Http\\Response->__construct(Object(Illuminate\\View\\View), 200, Array)
#21 /var/www/beas.in/public_html/ramkrishna_dharma_chakra/vendor/laravel/framework/src/Illuminate/Routing/Router.php(789): Illuminate\\Routing\\Router::toResponse(Object(Illuminate\\Http\\Request), Object(Illuminate\\View\\View))
#22 /var/www/beas.in/public_html/ramkrishna_dharma_chakra/vendor/laravel/framework/src/Illuminate/Routing/Router.php(721): Illuminate\\Routing\\Router->prepareResponse(Object(Illuminate\\Http\\Request), Object(Illuminate\\View\\View))
#23 /var/www/beas.in/public_html/ramkrishna_dharma_chakra/vendor/laravel/framework/src/Illuminate/Pipeline/Pipeline.php(128): Illuminate\\Routing\\Router->Illuminate\\Routing\\{closure}(Object(Illuminate\\Http\\Request))
#24 /var/www/beas.in/public_html/ramkrishna_dharma_chakra/vendor/laravel/framework/src/Illuminate/Routing/Middleware/SubstituteBindings.php(50): Illuminate\\Pipeline\\Pipeline->Illuminate\\Pipeline\\{closure}(Object(Illuminate\\Http\\Request))
#25 /var/www/beas.in/public_html/ramkrishna_dharma_chakra/vendor/laravel/framework/src/Illuminate/Pipeline/Pipeline.php(167): Illuminate\\Routing\\Middleware\\SubstituteBindings->handle(Object(Illuminate\\Http\\Request), Object(Closure))
#26 /var/www/beas.in/public_html/ramkrishna_dharma_chakra/vendor/laravel/framework/src/Illuminate/Foundation/Http/Middleware/VerifyCsrfToken.php(78): Illuminate\\Pipeline\\Pipeline->Illuminate\\Pipeline\\{closure}(Object(Illuminate\\Http\\Request))
#27 /var/www/beas.in/public_html/ramkrishna_dharma_chakra/vendor/laravel/framework/src/Illuminate/Pipeline/Pipeline.php(167): Illuminate\\Foundation\\Http\\Middleware\\VerifyCsrfToken->handle(Object(Illuminate\\Http\\Request), Object(Closure))
#28 /var/www/beas.in/public_html/ramkrishna_dharma_chakra/vendor/laravel/framework/src/Illuminate/View/Middleware/ShareErrorsFromSession.php(49): Illuminate\\Pipeline\\Pipeline->Illuminate\\Pipeline\\{closure}(Object(Illuminate\\Http\\Request))
#29 /var/www/beas.in/public_html/ramkrishna_dharma_chakra/vendor/laravel/framework/src/Illuminate/Pipeline/Pipeline.php(167): Illuminate\\View\\Middleware\\ShareErrorsFromSession->handle(Object(Illuminate\\Http\\Request), Object(Closure))
#30 /var/www/beas.in/public_html/ramkrishna_dharma_chakra/vendor/laravel/framework/src/Illuminate/Session/Middleware/StartSession.php(121): Illuminate\\Pipeline\\Pipeline->Illuminate\\Pipeline\\{closure}(Object(Illuminate\\Http\\Request))
#31 /var/www/beas.in/public_html/ramkrishna_dharma_chakra/vendor/laravel/framework/src/Illuminate/Session/Middleware/StartSession.php(64): Illuminate\\Session\\Middleware\\StartSession->handleStatefulRequest(Object(Illuminate\\Http\\Request), Object(Illuminate\\Session\\Store), Object(Closure))
#32 /var/www/beas.in/public_html/ramkrishna_dharma_chakra/vendor/laravel/framework/src/Illuminate/Pipeline/Pipeline.php(167): Illuminate\\Session\\Middleware\\StartSession->handle(Object(Illuminate\\Http\\Request), Object(Closure))
#33 /var/www/beas.in/public_html/ramkrishna_dharma_chakra/vendor/laravel/framework/src/Illuminate/Cookie/Middleware/AddQueuedCookiesToResponse.php(37): Illuminate\\Pipeline\\Pipeline->Illuminate\\Pipeline\\{closure}(Object(Illuminate\\Http\\Request))
#34 /var/www/beas.in/public_html/ramkrishna_dharma_chakra/vendor/laravel/framework/src/Illuminate/Pipeline/Pipeline.php(167): Illuminate\\Cookie\\Middleware\\AddQueuedCookiesToResponse->handle(Object(Illuminate\\Http\\Request), Object(Closure))
#35 /var/www/beas.in/public_html/ramkrishna_dharma_chakra/vendor/laravel/framework/src/Illuminate/Cookie/Middleware/EncryptCookies.php(67): Illuminate\\Pipeline\\Pipeline->Illuminate\\Pipeline\\{closure}(Object(Illuminate\\Http\\Request))
#36 /var/www/beas.in/public_html/ramkrishna_dharma_chakra/vendor/laravel/framework/src/Illuminate/Pipeline/Pipeline.php(167): Illuminate\\Cookie\\Middleware\\EncryptCookies->handle(Object(Illuminate\\Http\\Request), Object(Closure))
#37 /var/www/beas.in/public_html/ramkrishna_dharma_chakra/vendor/laravel/framework/src/Illuminate/Pipeline/Pipeline.php(103): Illuminate\\Pipeline\\Pipeline->Illuminate\\Pipeline\\{closure}(Object(Illuminate\\Http\\Request))
#38 /var/www/beas.in/public_html/ramkrishna_dharma_chakra/vendor/laravel/framework/src/Illuminate/Routing/Router.php(723): Illuminate\\Pipeline\\Pipeline->then(Object(Closure))
#39 /var/www/beas.in/public_html/ramkrishna_dharma_chakra/vendor/laravel/framework/src/Illuminate/Routing/Router.php(698): Illuminate\\Routing\\Router->runRouteWithinStack(Object(Illuminate\\Routing\\Route), Object(Illuminate\\Http\\Request))
#40 /var/www/beas.in/public_html/ramkrishna_dharma_chakra/vendor/laravel/framework/src/Illuminate/Routing/Router.php(662): Illuminate\\Routing\\Router->runRoute(Object(Illuminate\\Http\\Request), Object(Illuminate\\Routing\\Route))
#41 /var/www/beas.in/public_html/ramkrishna_dharma_chakra/vendor/laravel/framework/src/Illuminate/Routing/Router.php(651): Illuminate\\Routing\\Router->dispatchToRoute(Object(Illuminate\\Http\\Request))
#42 /var/www/beas.in/public_html/ramkrishna_dharma_chakra/vendor/laravel/framework/src/Illuminate/Foundation/Http/Kernel.php(167): Illuminate\\Routing\\Router->dispatch(Object(Illuminate\\Http\\Request))
#43 /var/www/beas.in/public_html/ramkrishna_dharma_chakra/vendor/laravel/framework/src/Illuminate/Pipeline/Pipeline.php(128): Illuminate\\Foundation\\Http\\Kernel->Illuminate\\Foundation\\Http\\{closure}(Object(Illuminate\\Http\\Request))
#44 /var/www/beas.in/public_html/ramkrishna_dharma_chakra/vendor/laravel/framework/src/Illuminate/Foundation/Http/Middleware/TransformsRequest.php(21): Illuminate\\Pipeline\\Pipeline->Illuminate\\Pipeline\\{closure}(Object(Illuminate\\Http\\Request))
#45 /var/www/beas.in/public_html/ramkrishna_dharma_chakra/vendor/laravel/framework/src/Illuminate/Foundation/Http/Middleware/ConvertEmptyStringsToNull.php(31): Illuminate\\Foundation\\Http\\Middleware\\TransformsRequest->handle(Object(Illuminate\\Http\\Request), Object(Closure))
#46 /var/www/beas.in/public_html/ramkrishna_dharma_chakra/vendor/laravel/framework/src/Illuminate/Pipeline/Pipeline.php(167): Illuminate\\Foundation\\Http\\Middleware\\ConvertEmptyStringsToNull->handle(Object(Illuminate\\Http\\Request), Object(Closure))
#47 /var/www/beas.in/public_html/ramkrishna_dharma_chakra/vendor/laravel/framework/src/Illuminate/Foundation/Http/Middleware/TransformsRequest.php(21): Illuminate\\Pipeline\\Pipeline->Illuminate\\Pipeline\\{closure}(Object(Illuminate\\Http\\Request))
#48 /var/www/beas.in/public_html/ramkrishna_dharma_chakra/vendor/laravel/framework/src/Illuminate/Foundation/Http/Middleware/TrimStrings.php(40): Illuminate\\Foundation\\Http\\Middleware\\TransformsRequest->handle(Object(Illuminate\\Http\\Request), Object(Closure))
#49 /var/www/beas.in/public_html/ramkrishna_dharma_chakra/vendor/laravel/framework/src/Illuminate/Pipeline/Pipeline.php(167): Illuminate\\Foundation\\Http\\Middleware\\TrimStrings->handle(Object(Illuminate\\Http\\Request), Object(Closure))
#50 /var/www/beas.in/public_html/ramkrishna_dharma_chakra/vendor/laravel/framework/src/Illuminate/Foundation/Http/Middleware/ValidatePostSize.php(27): Illuminate\\Pipeline\\Pipeline->Illuminate\\Pipeline\\{closure}(Object(Illuminate\\Http\\Request))
#51 /var/www/beas.in/public_html/ramkrishna_dharma_chakra/vendor/laravel/framework/src/Illuminate/Pipeline/Pipeline.php(167): Illuminate\\Foundation\\Http\\Middleware\\ValidatePostSize->handle(Object(Illuminate\\Http\\Request), Object(Closure))
#52 /var/www/beas.in/public_html/ramkrishna_dharma_chakra/vendor/laravel/framework/src/Illuminate/Foundation/Http/Middleware/PreventRequestsDuringMaintenance.php(86): Illuminate\\Pipeline\\Pipeline->Illuminate\\Pipeline\\{closure}(Object(Illuminate\\Http\\Request))
#53 /var/www/beas.in/public_html/ramkrishna_dharma_chakra/vendor/laravel/framework/src/Illuminate/Pipeline/Pipeline.php(167): Illuminate\\Foundation\\Http\\Middleware\\PreventRequestsDuringMaintenance->handle(Object(Illuminate\\Http\\Request), Object(Closure))
#54 /var/www/beas.in/public_html/ramkrishna_dharma_chakra/vendor/fideloper/proxy/src/TrustProxies.php(57): Illuminate\\Pipeline\\Pipeline->Illuminate\\Pipeline\\{closure}(Object(Illuminate\\Http\\Request))
#55 /var/www/beas.in/public_html/ramkrishna_dharma_chakra/vendor/laravel/framework/src/Illuminate/Pipeline/Pipeline.php(167): Fideloper\\Proxy\\TrustProxies->handle(Object(Illuminate\\Http\\Request), Object(Closure))
#56 /var/www/beas.in/public_html/ramkrishna_dharma_chakra/vendor/laravel/framework/src/Illuminate/Pipeline/Pipeline.php(103): Illuminate\\Pipeline\\Pipeline->Illuminate\\Pipeline\\{closure}(Object(Illuminate\\Http\\Request))
#57 /var/www/beas.in/public_html/ramkrishna_dharma_chakra/vendor/laravel/framework/src/Illuminate/Foundation/Http/Kernel.php(142): Illuminate\\Pipeline\\Pipeline->then(Object(Closure))
#58 /var/www/beas.in/public_html/ramkrishna_dharma_chakra/vendor/laravel/framework/src/Illuminate/Foundation/Http/Kernel.php(111): Illuminate\\Foundation\\Http\\Kernel->sendRequestThroughRouter(Object(Illuminate\\Http\\Request))
#59 /var/www/beas.in/public_html/ramkrishna_dharma_chakra/index.php(54): Illuminate\\Foundation\\Http\\Kernel->handle(Object(Illuminate\\Http\\Request))
#60 {main}

[previous exception] [object] (ErrorException(code: 0): Attempt to read property \"image\" on null at /var/www/beas.in/public_html/ramkrishna_dharma_chakra/storage/framework/views/f682938668588d27255d7a0c60c88caa0abe8a1e.php:31)
[stacktrace]
#0 /var/www/beas.in/public_html/ramkrishna_dharma_chakra/storage/framework/views/f682938668588d27255d7a0c60c88caa0abe8a1e.php(31): Illuminate\\Foundation\\Bootstrap\\HandleExceptions->handleError(2, 'Attempt to read...', '/var/www/beas.i...', 31)
#1 /var/www/beas.in/public_html/ramkrishna_dharma_chakra/vendor/laravel/framework/src/Illuminate/Filesystem/Filesystem.php(107): require('/var/www/beas.i...')
#2 /var/www/beas.in/public_html/ramkrishna_dharma_chakra/vendor/laravel/framework/src/Illuminate/Filesystem/Filesystem.php(108): Illuminate\\Filesystem\\Filesystem::Illuminate\\Filesystem\\{closure}()
#3 /var/www/beas.in/public_html/ramkrishna_dharma_chakra/vendor/laravel/framework/src/Illuminate/View/Engines/PhpEngine.php(58): Illuminate\\Filesystem\\Filesystem->getRequire('/var/www/beas.i...', Array)
#4 /var/www/beas.in/public_html/ramkrishna_dharma_chakra/vendor/laravel/framework/src/Illuminate/View/Engines/CompilerEngine.php(61): Illuminate\\View\\Engines\\PhpEngine->evaluatePath('/var/www/beas.i...', Array)
#5 /var/www/beas.in/public_html/ramkrishna_dharma_chakra/vendor/facade/ignition/src/Views/Engines/CompilerEngine.php(37): Illuminate\\View\\Engines\\CompilerEngine->get('/var/www/beas.i...', Array)
#6 /var/www/beas.in/public_html/ramkrishna_dharma_chakra/vendor/laravel/framework/src/Illuminate/View/View.php(139): Facade\\Ignition\\Views\\Engines\\CompilerEngine->get('/var/www/beas.i...', Array)
#7 /var/www/beas.in/public_html/ramkrishna_dharma_chakra/vendor/laravel/framework/src/Illuminate/View/View.php(122): Illuminate\\View\\View->getContents()
#8 /var/www/beas.in/public_html/ramkrishna_dharma_chakra/vendor/laravel/framework/src/Illuminate/View/View.php(91): Illuminate\\View\\View->renderContents()
#9 /var/www/beas.in/public_html/ramkrishna_dharma_chakra/storage/framework/views/55712e4afe55f8389385732f3e701ea4e754ee3d.php(14): Illuminate\\View\\View->render()
#10 /var/www/beas.in/public_html/ramkrishna_dharma_chakra/vendor/laravel/framework/src/Illuminate/Filesystem/Filesystem.php(107): require('/var/www/beas.i...')
#11 /var/www/beas.in/public_html/ramkrishna_dharma_chakra/vendor/laravel/framework/src/Illuminate/Filesystem/Filesystem.php(108): Illuminate\\Filesystem\\Filesystem::Illuminate\\Filesystem\\{closure}()
#12 /var/www/beas.in/public_html/ramkrishna_dharma_chakra/vendor/laravel/framework/src/Illuminate/View/Engines/PhpEngine.php(58): Illuminate\\Filesystem\\Filesystem->getRequire('/var/www/beas.i...', Array)
#13 /var/www/beas.in/public_html/ramkrishna_dharma_chakra/vendor/laravel/framework/src/Illuminate/View/Engines/CompilerEngine.php(61): Illuminate\\View\\Engines\\PhpEngine->evaluatePath('/var/www/beas.i...', Array)
#14 /var/www/beas.in/public_html/ramkrishna_dharma_chakra/vendor/facade/ignition/src/Views/Engines/CompilerEngine.php(37): Illuminate\\View\\Engines\\CompilerEngine->get('/var/www/beas.i...', Array)
#15 /var/www/beas.in/public_html/ramkrishna_dharma_chakra/vendor/laravel/framework/src/Illuminate/View/View.php(139): Facade\\Ignition\\Views\\Engines\\CompilerEngine->get('/var/www/beas.i...', Array)
#16 /var/www/beas.in/public_html/ramkrishna_dharma_chakra/vendor/laravel/framework/src/Illuminate/View/View.php(122): Illuminate\\View\\View->getContents()
#17 /var/www/beas.in/public_html/ramkrishna_dharma_chakra/vendor/laravel/framework/src/Illuminate/View/View.php(91): Illuminate\\View\\View->renderContents()
#18 /var/www/beas.in/public_html/ramkrishna_dharma_chakra/vendor/laravel/framework/src/Illuminate/Http/Response.php(69): Illuminate\\View\\View->render()
#19 /var/www/beas.in/public_html/ramkrishna_dharma_chakra/vendor/laravel/framework/src/Illuminate/Http/Response.php(35): Illuminate\\Http\\Response->setContent(Object(Illuminate\\View\\View))
#20 /var/www/beas.in/public_html/ramkrishna_dharma_chakra/vendor/laravel/framework/src/Illuminate/Routing/Router.php(820): Illuminate\\Http\\Response->__construct(Object(Illuminate\\View\\View), 200, Array)
#21 /var/www/beas.in/public_html/ramkrishna_dharma_chakra/vendor/laravel/framework/src/Illuminate/Routing/Router.php(789): Illuminate\\Routing\\Router::toResponse(Object(Illuminate\\Http\\Request), Object(Illuminate\\View\\View))
#22 /var/www/beas.in/public_html/ramkrishna_dharma_chakra/vendor/laravel/framework/src/Illuminate/Routing/Router.php(721): Illuminate\\Routing\\Router->prepareResponse(Object(Illuminate\\Http\\Request), Object(Illuminate\\View\\View))
#23 /var/www/beas.in/public_html/ramkrishna_dharma_chakra/vendor/laravel/framework/src/Illuminate/Pipeline/Pipeline.php(128): Illuminate\\Routing\\Router->Illuminate\\Routing\\{closure}(Object(Illuminate\\Http\\Request))
#24 /var/www/beas.in/public_html/ramkrishna_dharma_chakra/vendor/laravel/framework/src/Illuminate/Routing/Middleware/SubstituteBindings.php(50): Illuminate\\Pipeline\\Pipeline->Illuminate\\Pipeline\\{closure}(Object(Illuminate\\Http\\Request))
#25 /var/www/beas.in/public_html/ramkrishna_dharma_chakra/vendor/laravel/framework/src/Illuminate/Pipeline/Pipeline.php(167): Illuminate\\Routing\\Middleware\\SubstituteBindings->handle(Object(Illuminate\\Http\\Request), Object(Closure))
#26 /var/www/beas.in/public_html/ramkrishna_dharma_chakra/vendor/laravel/framework/src/Illuminate/Foundation/Http/Middleware/VerifyCsrfToken.php(78): Illuminate\\Pipeline\\Pipeline->Illuminate\\Pipeline\\{closure}(Object(Illuminate\\Http\\Request))
#27 /var/www/beas.in/public_html/ramkrishna_dharma_chakra/vendor/laravel/framework/src/Illuminate/Pipeline/Pipeline.php(167): Illuminate\\Foundation\\Http\\Middleware\\VerifyCsrfToken->handle(Object(Illuminate\\Http\\Request), Object(Closure))
#28 /var/www/beas.in/public_html/ramkrishna_dharma_chakra/vendor/laravel/framework/src/Illuminate/View/Middleware/ShareErrorsFromSession.php(49): Illuminate\\Pipeline\\Pipeline->Illuminate\\Pipeline\\{closure}(Object(Illuminate\\Http\\Request))
#29 /var/www/beas.in/public_html/ramkrishna_dharma_chakra/vendor/laravel/framework/src/Illuminate/Pipeline/Pipeline.php(167): Illuminate\\View\\Middleware\\ShareErrorsFromSession->handle(Object(Illuminate\\Http\\Request), Object(Closure))
#30 /var/www/beas.in/public_html/ramkrishna_dharma_chakra/vendor/laravel/framework/src/Illuminate/Session/Middleware/StartSession.php(121): Illuminate\\Pipeline\\Pipeline->Illuminate\\Pipeline\\{closure}(Object(Illuminate\\Http\\Request))
#31 /var/www/beas.in/public_html/ramkrishna_dharma_chakra/vendor/laravel/framework/src/Illuminate/Session/Middleware/StartSession.php(64): Illuminate\\Session\\Middleware\\StartSession->handleStatefulRequest(Object(Illuminate\\Http\\Request), Object(Illuminate\\Session\\Store), Object(Closure))
#32 /var/www/beas.in/public_html/ramkrishna_dharma_chakra/vendor/laravel/framework/src/Illuminate/Pipeline/Pipeline.php(167): Illuminate\\Session\\Middleware\\StartSession->handle(Object(Illuminate\\Http\\Request), Object(Closure))
#33 /var/www/beas.in/public_html/ramkrishna_dharma_chakra/vendor/laravel/framework/src/Illuminate/Cookie/Middleware/AddQueuedCookiesToResponse.php(37): Illuminate\\Pipeline\\Pipeline->Illuminate\\Pipeline\\{closure}(Object(Illuminate\\Http\\Request))
#34 /var/www/beas.in/public_html/ramkrishna_dharma_chakra/vendor/laravel/framework/src/Illuminate/Pipeline/Pipeline.php(167): Illuminate\\Cookie\\Middleware\\AddQueuedCookiesToResponse->handle(Object(Illuminate\\Http\\Request), Object(Closure))
#35 /var/www/beas.in/public_html/ramkrishna_dharma_chakra/vendor/laravel/framework/src/Illuminate/Cookie/Middleware/EncryptCookies.php(67): Illuminate\\Pipeline\\Pipeline->Illuminate\\Pipeline\\{closure}(Object(Illuminate\\Http\\Request))
#36 /var/www/beas.in/public_html/ramkrishna_dharma_chakra/vendor/laravel/framework/src/Illuminate/Pipeline/Pipeline.php(167): Illuminate\\Cookie\\Middleware\\EncryptCookies->handle(Object(Illuminate\\Http\\Request), Object(Closure))
#37 /var/www/beas.in/public_html/ramkrishna_dharma_chakra/vendor/laravel/framework/src/Illuminate/Pipeline/Pipeline.php(103): Illuminate\\Pipeline\\Pipeline->Illuminate\\Pipeline\\{closure}(Object(Illuminate\\Http\\Request))
#38 /var/www/beas.in/public_html/ramkrishna_dharma_chakra/vendor/laravel/framework/src/Illuminate/Routing/Router.php(723): Illuminate\\Pipeline\\Pipeline->then(Object(Closure))
#39 /var/www/beas.in/public_html/ramkrishna_dharma_chakra/vendor/laravel/framework/src/Illuminate/Routing/Router.php(698): Illuminate\\Routing\\Router->runRouteWithinStack(Object(Illuminate\\Routing\\Route), Object(Illuminate\\Http\\Request))
#40 /var/www/beas.in/public_html/ramkrishna_dharma_chakra/vendor/laravel/framework/src/Illuminate/Routing/Router.php(662): Illuminate\\Routing\\Router->runRoute(Object(Illuminate\\Http\\Request), Object(Illuminate\\Routing\\Route))
#41 /var/www/beas.in/public_html/ramkrishna_dharma_chakra/vendor/laravel/framework/src/Illuminate/Routing/Router.php(651): Illuminate\\Routing\\Router->dispatchToRoute(Object(Illuminate\\Http\\Request))
#42 /var/www/beas.in/public_html/ramkrishna_dharma_chakra/vendor/laravel/framework/src/Illuminate/Foundation/Http/Kernel.php(167): Illuminate\\Routing\\Router->dispatch(Object(Illuminate\\Http\\Request))
#43 /var/www/beas.in/public_html/ramkrishna_dharma_chakra/vendor/laravel/framework/src/Illuminate/Pipeline/Pipeline.php(128): Illuminate\\Foundation\\Http\\Kernel->Illuminate\\Foundation\\Http\\{closure}(Object(Illuminate\\Http\\Request))
#44 /var/www/beas.in/public_html/ramkrishna_dharma_chakra/vendor/laravel/framework/src/Illuminate/Foundation/Http/Middleware/TransformsRequest.php(21): Illuminate\\Pipeline\\Pipeline->Illuminate\\Pipeline\\{closure}(Object(Illuminate\\Http\\Request))
#45 /var/www/beas.in/public_html/ramkrishna_dharma_chakra/vendor/laravel/framework/src/Illuminate/Foundation/Http/Middleware/ConvertEmptyStringsToNull.php(31): Illuminate\\Foundation\\Http\\Middleware\\TransformsRequest->handle(Object(Illuminate\\Http\\Request), Object(Closure))
#46 /var/www/beas.in/public_html/ramkrishna_dharma_chakra/vendor/laravel/framework/src/Illuminate/Pipeline/Pipeline.php(167): Illuminate\\Foundation\\Http\\Middleware\\ConvertEmptyStringsToNull->handle(Object(Illuminate\\Http\\Request), Object(Closure))
#47 /var/www/beas.in/public_html/ramkrishna_dharma_chakra/vendor/laravel/framework/src/Illuminate/Foundation/Http/Middleware/TransformsRequest.php(21): Illuminate\\Pipeline\\Pipeline->Illuminate\\Pipeline\\{closure}(Object(Illuminate\\Http\\Request))
#48 /var/www/beas.in/public_html/ramkrishna_dharma_chakra/vendor/laravel/framework/src/Illuminate/Foundation/Http/Middleware/TrimStrings.php(40): Illuminate\\Foundation\\Http\\Middleware\\TransformsRequest->handle(Object(Illuminate\\Http\\Request), Object(Closure))
#49 /var/www/beas.in/public_html/ramkrishna_dharma_chakra/vendor/laravel/framework/src/Illuminate/Pipeline/Pipeline.php(167): Illuminate\\Foundation\\Http\\Middleware\\TrimStrings->handle(Object(Illuminate\\Http\\Request), Object(Closure))
#50 /var/www/beas.in/public_html/ramkrishna_dharma_chakra/vendor/laravel/framework/src/Illuminate/Foundation/Http/Middleware/ValidatePostSize.php(27): Illuminate\\Pipeline\\Pipeline->Illuminate\\Pipeline\\{closure}(Object(Illuminate\\Http\\Request))
#51 /var/www/beas.in/public_html/ramkrishna_dharma_chakra/vendor/laravel/framework/src/Illuminate/Pipeline/Pipeline.php(167): Illuminate\\Foundation\\Http\\Middleware\\ValidatePostSize->handle(Object(Illuminate\\Http\\Request), Object(Closure))
#52 /var/www/beas.in/public_html/ramkrishna_dharma_chakra/vendor/laravel/framework/src/Illuminate/Foundation/Http/Middleware/PreventRequestsDuringMaintenance.php(86): Illuminate\\Pipeline\\Pipeline->Illuminate\\Pipeline\\{closure}(Object(Illuminate\\Http\\Request))
#53 /var/www/beas.in/public_html/ramkrishna_dharma_chakra/vendor/laravel/framework/src/Illuminate/Pipeline/Pipeline.php(167): Illuminate\\Foundation\\Http\\Middleware\\PreventRequestsDuringMaintenance->handle(Object(Illuminate\\Http\\Request), Object(Closure))
#54 /var/www/beas.in/public_html/ramkrishna_dharma_chakra/vendor/fideloper/proxy/src/TrustProxies.php(57): Illuminate\\Pipeline\\Pipeline->Illuminate\\Pipeline\\{closure}(Object(Illuminate\\Http\\Request))
#55 /var/www/beas.in/public_html/ramkrishna_dharma_chakra/vendor/laravel/framework/src/Illuminate/Pipeline/Pipeline.php(167): Fideloper\\Proxy\\TrustProxies->handle(Object(Illuminate\\Http\\Request), Object(Closure))
#56 /var/www/beas.in/public_html/ramkrishna_dharma_chakra/vendor/laravel/framework/src/Illuminate/Pipeline/Pipeline.php(103): Illuminate\\Pipeline\\Pipeline->Illuminate\\Pipeline\\{closure}(Object(Illuminate\\Http\\Request))
#57 /var/www/beas.in/public_html/ramkrishna_dharma_chakra/vendor/laravel/framework/src/Illuminate/Foundation/Http/Kernel.php(142): Illuminate\\Pipeline\\Pipeline->then(Object(Closure))
#58 /var/www/beas.in/public_html/ramkrishna_dharma_chakra/vendor/laravel/framework/src/Illuminate/Foundation/Http/Kernel.php(111): Illuminate\\Foundation\\Http\\Kernel->sendRequestThroughRouter(Object(Illuminate\\Http\\Request))
#59 /var/www/beas.in/public_html/ramkrishna_dharma_chakra/index.php(54): Illuminate\\Foundation\\Http\\Kernel->handle(Object(Illuminate\\Http\\Request))
#60 {main}
"} 
