[2023-08-09 12:47:31] local.ERROR: Attempt to read property "image" on null (View: /var/www/beas.in/public_html/ramkrishna_dharma_chakra/resources/views/admin/includes/header.blade.php) {"view":{"view":"/var/www/beas.in/public_html/ramkrishna_dharma_chakra/resources/views/admin/includes/header.blade.php","data":{"errors":"<pre class=sf-dump id=sf-dump-100799582 data-indent-pad=\"  \"><span class=sf-dump-note>Illuminate\\Support\\ViewErrorBag</span> {<a class=sf-dump-ref>#441</a><samp data-depth=1 class=sf-dump-expanded>
  #<span class=sf-dump-protected title=\"Protected property\">bags</span>: []
</samp>}
</pre><script>Sfdump(\"sf-dump-100799582\", {\"maxDepth\":3,\"maxStringLength\":160})</script>
","data":"<pre class=sf-dump id=sf-dump-1436709616 data-indent-pad=\"  \"><span class=sf-dump-note>Illuminate\\Pagination\\LengthAwarePaginator</span> {<a class=sf-dump-ref>#459</a><samp data-depth=1 class=sf-dump-expanded>
  #<span class=sf-dump-protected title=\"Protected property\">total</span>: <span class=sf-dump-num>36</span>
  #<span class=sf-dump-protected title=\"Protected property\">lastPage</span>: <span class=sf-dump-num>4</span>
  #<span class=sf-dump-protected title=\"Protected property\">items</span>: <span class=sf-dump-note title=\"Illuminate\\Database\\Eloquent\\Collection
\"><span class=\"sf-dump-ellipsis sf-dump-ellipsis-note\">Illuminate\\Database\\Eloquent</span><span class=\"sf-dump-ellipsis sf-dump-ellipsis-note\">\\</span>Collection</span> {<a class=sf-dump-ref>#468</a><samp data-depth=2 class=sf-dump-compact>
    #<span class=sf-dump-protected title=\"Protected property\">items</span>: <span class=sf-dump-note>array:10</span> [<samp data-depth=3 class=sf-dump-compact>
      <span class=sf-dump-index>0</span> => <span class=sf-dump-note title=\"App\\Models\\Publication
\"><span class=\"sf-dump-ellipsis sf-dump-ellipsis-note\">App\\Models</span><span class=\"sf-dump-ellipsis sf-dump-ellipsis-note\">\\</span>Publication</span> {<a class=sf-dump-ref>#469</a> &#8230;30}
      <span class=sf-dump-index>1</span> => <span class=sf-dump-note title=\"App\\Models\\Publication
\"><span class=\"sf-dump-ellipsis sf-dump-ellipsis-note\">App\\Models</span><span class=\"sf-dump-ellipsis sf-dump-ellipsis-note\">\\</span>Publication</span> {<a class=sf-dump-ref>#470</a> &#8230;30}
      <span class=sf-dump-index>2</span> => <span class=sf-dump-note title=\"App\\Models\\Publication
\"><span class=\"sf-dump-ellipsis sf-dump-ellipsis-note\">App\\Models</span><span class=\"sf-dump-ellipsis sf-dump-ellipsis-note\">\\</span>Publication</span> {<a class=sf-dump-ref>#471</a> &#8230;30}
      <span class=sf-dump-index>3</span> => <span class=sf-dump-note title=\"App\\Models\\Publication
\"><span class=\"sf-dump-ellipsis sf-dump-ellipsis-note\">App\\Models</span><span class=\"sf-dump-ellipsis sf-dump-ellipsis-note\">\\</span>Publication</span> {<a class=sf-dump-ref>#472</a> &#8230;30}
      <span class=sf-dump-index>4</span> => <span class=sf-dump-note title=\"App\\Models\\Publication
\"><span class=\"sf-dump-ellipsis sf-dump-ellipsis-note\">App\\Models</span><span class=\"sf-dump-ellipsis sf-dump-ellipsis-note\">\\</span>Publication</span> {<a class=sf-dump-ref>#473</a> &#8230;30}
      <span class=sf-dump-index>5</span> => <span class=sf-dump-note title=\"App\\Models\\Publication
\"><span class=\"sf-dump-ellipsis sf-dump-ellipsis-note\">App\\Models</span><span class=\"sf-dump-ellipsis sf-dump-ellipsis-note\">\\</span>Publication</span> {<a class=sf-dump-ref>#474</a> &#8230;30}
      <span class=sf-dump-index>6</span> => <span class=sf-dump-note title=\"App\\Models\\Publication
\"><span class=\"sf-dump-ellipsis sf-dump-ellipsis-note\">App\\Models</span><span class=\"sf-dump-ellipsis sf-dump-ellipsis-note\">\\</span>Publication</span> {<a class=sf-dump-ref>#475</a> &#8230;30}
      <span class=sf-dump-index>7</span> => <span class=sf-dump-note title=\"App\\Models\\Publication
\"><span class=\"sf-dump-ellipsis sf-dump-ellipsis-note\">App\\Models</span><span class=\"sf-dump-ellipsis sf-dump-ellipsis-note\">\\</span>Publication</span> {<a class=sf-dump-ref>#476</a> &#8230;30}
      <span class=sf-dump-index>8</span> => <span class=sf-dump-note title=\"App\\Models\\Publication
\"><span class=\"sf-dump-ellipsis sf-dump-ellipsis-note\">App\\Models</span><span class=\"sf-dump-ellipsis sf-dump-ellipsis-note\">\\</span>Publication</span> {<a class=sf-dump-ref>#477</a> &#8230;30}
      <span class=sf-dump-index>9</span> => <span class=sf-dump-note title=\"App\\Models\\Publication
\"><span class=\"sf-dump-ellipsis sf-dump-ellipsis-note\">App\\Models</span><span class=\"sf-dump-ellipsis sf-dump-ellipsis-note\">\\</span>Publication</span> {<a class=sf-dump-ref>#478</a> &#8230;30}
    </samp>]
    #<span class=sf-dump-protected title=\"Protected property\">escapeWhenCastingToString</span>: <span class=sf-dump-const>false</span>
  </samp>}
  #<span class=sf-dump-protected title=\"Protected property\">perPage</span>: <span class=sf-dump-num>10</span>
  #<span class=sf-dump-protected title=\"Protected property\">currentPage</span>: <span class=sf-dump-num>2</span>
  #<span class=sf-dump-protected title=\"Protected property\">path</span>: \"<span class=sf-dump-str title=\"58 characters\">https://beas.in/ramkrishna_dharma_chakra/admin/publication</span>\"
  #<span class=sf-dump-protected title=\"Protected property\">query</span>: []
  #<span class=sf-dump-protected title=\"Protected property\">fragment</span>: <span class=sf-dump-const>null</span>
  #<span class=sf-dump-protected title=\"Protected property\">pageName</span>: \"<span class=sf-dump-str title=\"4 characters\">page</span>\"
  +<span class=sf-dump-public title=\"Public property\">onEachSide</span>: <span class=sf-dump-num>3</span>
  #<span class=sf-dump-protected title=\"Protected property\">options</span>: <span class=sf-dump-note>array:2</span> [<samp data-depth=2 class=sf-dump-compact>
    \"<span class=sf-dump-key>path</span>\" => \"<span class=sf-dump-str title=\"58 characters\">https://beas.in/ramkrishna_dharma_chakra/admin/publication</span>\"
    \"<span class=sf-dump-key>pageName</span>\" => \"<span class=sf-dump-str title=\"4 characters\">page</span>\"
  </samp>]
</samp>}
</pre><script>Sfdump(\"sf-dump-1436709616\", {\"maxDepth\":3,\"maxStringLength\":160})</script>
"}},"exception":"[object] (Facade\\Ignition\\Exceptions\\ViewException(code: 0): Attempt to read property \"image\" on null (View: /var/www/beas.in/public_html/ramkrishna_dharma_chakra/resources/views/admin/includes/header.blade.php) at /var/www/beas.in/public_html/ramkrishna_dharma_chakra/resources/views/admin/includes/header.blade.php:31)
[stacktrace]
#0 /var/www/beas.in/public_html/ramkrishna_dharma_chakra/resources/views/admin/includes/header.blade.php(31): Illuminate\\Foundation\\Bootstrap\\HandleExceptions->handleError(2, 'Attempt to read...', '/var/www/beas.i...', 31)
#1 /var/www/beas.in/public_html/ramkrishna_dharma_chakra/vendor/laravel/framework/src/Illuminate/Filesystem/Filesystem.php(107): require('/var/www/beas.i...')
#2 /var/www/beas.in/public_html/ramkrishna_dharma_chakra/vendor/laravel/framework/src/Illuminate/Filesystem/Filesystem.php(108): Illuminate\\Filesystem\\Filesystem::Illuminate\\Filesystem\\{closure}()
#3 /var/www/beas.in/public_html/ramkrishna_dharma_chakra/vendor/laravel/framework/src/Illuminate/View/Engines/PhpEngine.php(58): Illuminate\\Filesystem\\Filesystem->getRequire('/var/www/beas.i...', Array)
#4 /var/www/beas.in/public_html/ramkrishna_dharma_chakra/vendor/laravel/framework/src/Illuminate/View/Engines/CompilerEngine.php(61): Illuminate\\View\\Engines\\PhpEngine->evaluatePath('/var/www/beas.i...', Array)
#5 /var/www/beas.in/public_html/ramkrishna_dharma_chakra/vendor/facade/ignition/src/Views/Engines/CompilerEngine.php(37): Illuminate\\View\\Engines\\CompilerEngine->get('/var/www/beas.i...', Array)
#6 /var/www/beas.in/public_html/ramkrishna_dharma_chakra/vendor/laravel/framework/src/Illuminate/View/View.php(139): Facade\\Ignition\\Views\\Engines\\CompilerEngine->get('/var/www/beas.i...', Array)
#7 /var/www/beas.in/public_html/ramkrishna_dharma_chakra/vendor/laravel/framework/src/Illuminate/View/View.php(122): Illuminate\\View\\View->getContents()
#8 /var/www/beas.in/public_html/ramkrishna_dharma_chakra/vendor/laravel/framework/src/Illuminate/View/View.php(91): Illuminate\\View\\View->renderContents()
#9 /var/www/beas.in/public_html/ramkrishna_dharma_chakra/resources/views/admin/publication/index.blade.php(14): Illuminate\\View\\View->render()
#10 /var/www/beas.in/public_html/ramkrishna_dharma_chakra/vendor/laravel/framework/src/Illuminate/Filesystem/Filesystem.php(107): require('/var/www/beas.i...')
#11 /var/www/beas.in/public_html/ramkrishna_dharma_chakra/vendor/laravel/framework/src/Illuminate/Filesystem/Filesystem.php(108): Illuminate\\Filesystem\\Filesystem::Illuminate\\Filesystem\\{closure}()
#12 /var/www/beas.in/public_html/ramkrishna_dharma_chakra/vendor/laravel/framework/src/Illuminate/View/Engines/PhpEngine.php(58): Illuminate\\Filesystem\\Filesystem->getRequire('/var/www/beas.i...', Array)
#13 /var/www/beas.in/public_html/ramkrishna_dharma_chakra/vendor/laravel/framework/src/Illuminate/View/Engines/CompilerEngine.php(61): Illuminate\\View\\Engines\\PhpEngine->evaluatePath('/var/www/beas.i...', Array)
#14 /var/www/beas.in/public_html/ramkrishna_dharma_chakra/vendor/facade/ignition/src/Views/Engines/CompilerEngine.php(37): Illuminate\\View\\Engines\\CompilerEngine->get('/var/www/beas.i...', Array)
#15 /var/www/beas.in/public_html/ramkrishna_dharma_chakra/vendor/laravel/framework/src/Illuminate/View/View.php(139): Facade\\Ignition\\Views\\Engines\\CompilerEngine->get('/var/www/beas.i...', Array)
#16 /var/www/beas.in/public_html/ramkrishna_dharma_chakra/vendor/laravel/framework/src/Illuminate/View/View.php(122): Illuminate\\View\\View->getContents()
#17 /var/www/beas.in/public_html/ramkrishna_dharma_chakra/vendor/laravel/framework/src/Illuminate/View/View.php(91): Illuminate\\View\\View->renderContents()
#18 /var/www/beas.in/public_html/ramkrishna_dharma_chakra/vendor/laravel/framework/src/Illuminate/Http/Response.php(69): Illuminate\\View\\View->render()
#19 /var/www/beas.in/public_html/ramkrishna_dharma_chakra/vendor/laravel/framework/src/Illuminate/Http/Response.php(35): Illuminate\\Http\\Response->setContent(Object(Illuminate\\View\\View))
#20 /var/www/beas.in/public_html/ramkrishna_dharma_chakra/vendor/laravel/framework/src/Illuminate/Routing/Router.php(820): Illuminate\\Http\\Response->__construct(Object(Illuminate\\View\\View), 200, Array)
#21 /var/www/beas.in/public_html/ramkrishna_dharma_chakra/vendor/laravel/framework/src/Illuminate/Routing/Router.php(789): Illuminate\\Routing\\Router::toResponse(Object(Illuminate\\Http\\Request), Object(Illuminate\\View\\View))
#22 /var/www/beas.in/public_html/ramkrishna_dharma_chakra/vendor/laravel/framework/src/Illuminate/Routing/Router.php(721): Illuminate\\Routing\\Router->prepareResponse(Object(Illuminate\\Http\\Request), Object(Illuminate\\View\\View))
#23 /var/www/beas.in/public_html/ramkrishna_dharma_chakra/vendor/laravel/framework/src/Illuminate/Pipeline/Pipeline.php(128): Illuminate\\Routing\\Router->Illuminate\\Routing\\{closure}(Object(Illuminate\\Http\\Request))
#24 /var/www/beas.in/public_html/ramkrishna_dharma_chakra/vendor/laravel/framework/src/Illuminate/Routing/Middleware/SubstituteBindings.php(50): Illuminate\\Pipeline\\Pipeline->Illuminate\\Pipeline\\{closure}(Object(Illuminate\\Http\\Request))
#25 /var/www/beas.in/public_html/ramkrishna_dharma_chakra/vendor/laravel/framework/src/Illuminate/Pipeline/Pipeline.php(167): Illuminate\\Routing\\Middleware\\SubstituteBindings->handle(Object(Illuminate\\Http\\Request), Object(Closure))
#26 /var/www/beas.in/public_html/ramkrishna_dharma_chakra/vendor/laravel/framework/src/Illuminate/Foundation/Http/Middleware/VerifyCsrfToken.php(78): Illuminate\\Pipeline\\Pipeline->Illuminate\\Pipeline\\{closure}(Object(Illuminate\\Http\\Request))
#27 /var/www/beas.in/public_html/ramkrishna_dharma_chakra/vendor/laravel/framework/src/Illuminate/Pipeline/Pipeline.php(167): Illuminate\\Foundation\\Http\\Middleware\\VerifyCsrfToken->handle(Object(Illuminate\\Http\\Request), Object(Closure))
#28 /var/www/beas.in/public_html/ramkrishna_dharma_chakra/vendor/laravel/framework/src/Illuminate/View/Middleware/ShareErrorsFromSession.php(49): Illuminate\\Pipeline\\Pipeline->Illuminate\\Pipeline\\{closure}(Object(Illuminate\\Http\\Request))
#29 /var/www/beas.in/public_html/ramkrishna_dharma_chakra/vendor/laravel/framework/src/Illuminate/Pipeline/Pipeline.php(167): Illuminate\\View\\Middleware\\ShareErrorsFromSession->handle(Object(Illuminate\\Http\\Request), Object(Closure))
#30 /var/www/beas.in/public_html/ramkrishna_dharma_chakra/vendor/laravel/framework/src/Illuminate/Session/Middleware/StartSession.php(121): Illuminate\\Pipeline\\Pipeline->Illuminate\\Pipeline\\{closure}(Object(Illuminate\\Http\\Request))
#31 /var/www/beas.in/public_html/ramkrishna_dharma_chakra/vendor/laravel/framework/src/Illuminate/Session/Middleware/StartSession.php(64): Illuminate\\Session\\Middleware\\StartSession->handleStatefulRequest(Object(Illuminate\\Http\\Request), Object(Illuminate\\Session\\Store), Object(Closure))
#32 /var/www/beas.in/public_html/ramkrishna_dharma_chakra/vendor/laravel/framework/src/Illuminate/Pipeline/Pipeline.php(167): Illuminate\\Session\\Middleware\\StartSession->handle(Object(Illuminate\\Http\\Request), Object(Closure))
#33 /var/www/beas.in/public_html/ramkrishna_dharma_chakra/vendor/laravel/framework/src/Illuminate/Cookie/Middleware/AddQueuedCookiesToResponse.php(37): Illuminate\\Pipeline\\Pipeline->Illuminate\\Pipeline\\{closure}(Object(Illuminate\\Http\\Request))
#34 /var/www/beas.in/public_html/ramkrishna_dharma_chakra/vendor/laravel/framework/src/Illuminate/Pipeline/Pipeline.php(167): Illuminate\\Cookie\\Middleware\\AddQueuedCookiesToResponse->handle(Object(Illuminate\\Http\\Request), Object(Closure))
#35 /var/www/beas.in/public_html/ramkrishna_dharma_chakra/vendor/laravel/framework/src/Illuminate/Cookie/Middleware/EncryptCookies.php(67): Illuminate\\Pipeline\\Pipeline->Illuminate\\Pipeline\\{closure}(Object(Illuminate\\Http\\Request))
#36 /var/www/beas.in/public_html/ramkrishna_dharma_chakra/vendor/laravel/framework/src/Illuminate/Pipeline/Pipeline.php(167): Illuminate\\Cookie\\Middleware\\EncryptCookies->handle(Object(Illuminate\\Http\\Request), Object(Closure))
#37 /var/www/beas.in/public_html/ramkrishna_dharma_chakra/vendor/laravel/framework/src/Illuminate/Pipeline/Pipeline.php(103): Illuminate\\Pipeline\\Pipeline->Illuminate\\Pipeline\\{closure}(Object(Illuminate\\Http\\Request))
#38 /var/www/beas.in/public_html/ramkrishna_dharma_chakra/vendor/laravel/framework/src/Illuminate/Routing/Router.php(723): Illuminate\\Pipeline\\Pipeline->then(Object(Closure))
#39 /var/www/beas.in/public_html/ramkrishna_dharma_chakra/vendor/laravel/framework/src/Illuminate/Routing/Router.php(698): Illuminate\\Routing\\Router->runRouteWithinStack(Object(Illuminate\\Routing\\Route), Object(Illuminate\\Http\\Request))
#40 /var/www/beas.in/public_html/ramkrishna_dharma_chakra/vendor/laravel/framework/src/Illuminate/Routing/Router.php(662): Illuminate\\Routing\\Router->runRoute(Object(Illuminate\\Http\\Request), Object(Illuminate\\Routing\\Route))
#41 /var/www/beas.in/public_html/ramkrishna_dharma_chakra/vendor/laravel/framework/src/Illuminate/Routing/Router.php(651): Illuminate\\Routing\\Router->dispatchToRoute(Object(Illuminate\\Http\\Request))
#42 /var/www/beas.in/public_html/ramkrishna_dharma_chakra/vendor/laravel/framework/src/Illuminate/Foundation/Http/Kernel.php(167): Illuminate\\Routing\\Router->dispatch(Object(Illuminate\\Http\\Request))
#43 /var/www/beas.in/public_html/ramkrishna_dharma_chakra/vendor/laravel/framework/src/Illuminate/Pipeline/Pipeline.php(128): Illuminate\\Foundation\\Http\\Kernel->Illuminate\\Foundation\\Http\\{closure}(Object(Illuminate\\Http\\Request))
#44 /var/www/beas.in/public_html/ramkrishna_dharma_chakra/vendor/laravel/framework/src/Illuminate/Foundation/Http/Middleware/TransformsRequest.php(21): Illuminate\\Pipeline\\Pipeline->Illuminate\\Pipeline\\{closure}(Object(Illuminate\\Http\\Request))
#45 /var/www/beas.in/public_html/ramkrishna_dharma_chakra/vendor/laravel/framework/src/Illuminate/Foundation/Http/Middleware/ConvertEmptyStringsToNull.php(31): Illuminate\\Foundation\\Http\\Middleware\\TransformsRequest->handle(Object(Illuminate\\Http\\Request), Object(Closure))
#46 /var/www/beas.in/public_html/ramkrishna_dharma_chakra/vendor/laravel/framework/src/Illuminate/Pipeline/Pipeline.php(167): Illuminate\\Foundation\\Http\\Middleware\\ConvertEmptyStringsToNull->handle(Object(Illuminate\\Http\\Request), Object(Closure))
#47 /var/www/beas.in/public_html/ramkrishna_dharma_chakra/vendor/laravel/framework/src/Illuminate/Foundation/Http/Middleware/TransformsRequest.php(21): Illuminate\\Pipeline\\Pipeline->Illuminate\\Pipeline\\{closure}(Object(Illuminate\\Http\\Request))
#48 /var/www/beas.in/public_html/ramkrishna_dharma_chakra/vendor/laravel/framework/src/Illuminate/Foundation/Http/Middleware/TrimStrings.php(40): Illuminate\\Foundation\\Http\\Middleware\\TransformsRequest->handle(Object(Illuminate\\Http\\Request), Object(Closure))
#49 /var/www/beas.in/public_html/ramkrishna_dharma_chakra/vendor/laravel/framework/src/Illuminate/Pipeline/Pipeline.php(167): Illuminate\\Foundation\\Http\\Middleware\\TrimStrings->handle(Object(Illuminate\\Http\\Request), Object(Closure))
#50 /var/www/beas.in/public_html/ramkrishna_dharma_chakra/vendor/laravel/framework/src/Illuminate/Foundation/Http/Middleware/ValidatePostSize.php(27): Illuminate\\Pipeline\\Pipeline->Illuminate\\Pipeline\\{closure}(Object(Illuminate\\Http\\Request))
#51 /var/www/beas.in/public_html/ramkrishna_dharma_chakra/vendor/laravel/framework/src/Illuminate/Pipeline/Pipeline.php(167): Illuminate\\Foundation\\Http\\Middleware\\ValidatePostSize->handle(Object(Illuminate\\Http\\Request), Object(Closure))
#52 /var/www/beas.in/public_html/ramkrishna_dharma_chakra/vendor/laravel/framework/src/Illuminate/Foundation/Http/Middleware/PreventRequestsDuringMaintenance.php(86): Illuminate\\Pipeline\\Pipeline->Illuminate\\Pipeline\\{closure}(Object(Illuminate\\Http\\Request))
#53 /var/www/beas.in/public_html/ramkrishna_dharma_chakra/vendor/laravel/framework/src/Illuminate/Pipeline/Pipeline.php(167): Illuminate\\Foundation\\Http\\Middleware\\PreventRequestsDuringMaintenance->handle(Object(Illuminate\\Http\\Request), Object(Closure))
#54 /var/www/beas.in/public_html/ramkrishna_dharma_chakra/vendor/fideloper/proxy/src/TrustProxies.php(57): Illuminate\\Pipeline\\Pipeline->Illuminate\\Pipeline\\{closure}(Object(Illuminate\\Http\\Request))
#55 /var/www/beas.in/public_html/ramkrishna_dharma_chakra/vendor/laravel/framework/src/Illuminate/Pipeline/Pipeline.php(167): Fideloper\\Proxy\\TrustProxies->handle(Object(Illuminate\\Http\\Request), Object(Closure))
#56 /var/www/beas.in/public_html/ramkrishna_dharma_chakra/vendor/laravel/framework/src/Illuminate/Pipeline/Pipeline.php(103): Illuminate\\Pipeline\\Pipeline->Illuminate\\Pipeline\\{closure}(Object(Illuminate\\Http\\Request))
#57 /var/www/beas.in/public_html/ramkrishna_dharma_chakra/vendor/laravel/framework/src/Illuminate/Foundation/Http/Kernel.php(142): Illuminate\\Pipeline\\Pipeline->then(Object(Closure))
#58 /var/www/beas.in/public_html/ramkrishna_dharma_chakra/vendor/laravel/framework/src/Illuminate/Foundation/Http/Kernel.php(111): Illuminate\\Foundation\\Http\\Kernel->sendRequestThroughRouter(Object(Illuminate\\Http\\Request))
#59 /var/www/beas.in/public_html/ramkrishna_dharma_chakra/index.php(54): Illuminate\\Foundation\\Http\\Kernel->handle(Object(Illuminate\\Http\\Request))
#60 {main}

[previous exception] [object] (ErrorException(code: 0): Attempt to read property \"image\" on null at /var/www/beas.in/public_html/ramkrishna_dharma_chakra/storage/framework/views/f682938668588d27255d7a0c60c88caa0abe8a1e.php:31)
[stacktrace]
#0 /var/www/beas.in/public_html/ramkrishna_dharma_chakra/storage/framework/views/f682938668588d27255d7a0c60c88caa0abe8a1e.php(31): Illuminate\\Foundation\\Bootstrap\\HandleExceptions->handleError(2, 'Attempt to read...', '/var/www/beas.i...', 31)
#1 /var/www/beas.in/public_html/ramkrishna_dharma_chakra/vendor/laravel/framework/src/Illuminate/Filesystem/Filesystem.php(107): require('/var/www/beas.i...')
#2 /var/www/beas.in/public_html/ramkrishna_dharma_chakra/vendor/laravel/framework/src/Illuminate/Filesystem/Filesystem.php(108): Illuminate\\Filesystem\\Filesystem::Illuminate\\Filesystem\\{closure}()
#3 /var/www/beas.in/public_html/ramkrishna_dharma_chakra/vendor/laravel/framework/src/Illuminate/View/Engines/PhpEngine.php(58): Illuminate\\Filesystem\\Filesystem->getRequire('/var/www/beas.i...', Array)
#4 /var/www/beas.in/public_html/ramkrishna_dharma_chakra/vendor/laravel/framework/src/Illuminate/View/Engines/CompilerEngine.php(61): Illuminate\\View\\Engines\\PhpEngine->evaluatePath('/var/www/beas.i...', Array)
#5 /var/www/beas.in/public_html/ramkrishna_dharma_chakra/vendor/facade/ignition/src/Views/Engines/CompilerEngine.php(37): Illuminate\\View\\Engines\\CompilerEngine->get('/var/www/beas.i...', Array)
#6 /var/www/beas.in/public_html/ramkrishna_dharma_chakra/vendor/laravel/framework/src/Illuminate/View/View.php(139): Facade\\Ignition\\Views\\Engines\\CompilerEngine->get('/var/www/beas.i...', Array)
#7 /var/www/beas.in/public_html/ramkrishna_dharma_chakra/vendor/laravel/framework/src/Illuminate/View/View.php(122): Illuminate\\View\\View->getContents()
#8 /var/www/beas.in/public_html/ramkrishna_dharma_chakra/vendor/laravel/framework/src/Illuminate/View/View.php(91): Illuminate\\View\\View->renderContents()
#9 /var/www/beas.in/public_html/ramkrishna_dharma_chakra/storage/framework/views/30455897725e1d83f0b06f5c78404514485125e4.php(14): Illuminate\\View\\View->render()
#10 /var/www/beas.in/public_html/ramkrishna_dharma_chakra/vendor/laravel/framework/src/Illuminate/Filesystem/Filesystem.php(107): require('/var/www/beas.i...')
#11 /var/www/beas.in/public_html/ramkrishna_dharma_chakra/vendor/laravel/framework/src/Illuminate/Filesystem/Filesystem.php(108): Illuminate\\Filesystem\\Filesystem::Illuminate\\Filesystem\\{closure}()
#12 /var/www/beas.in/public_html/ramkrishna_dharma_chakra/vendor/laravel/framework/src/Illuminate/View/Engines/PhpEngine.php(58): Illuminate\\Filesystem\\Filesystem->getRequire('/var/www/beas.i...', Array)
#13 /var/www/beas.in/public_html/ramkrishna_dharma_chakra/vendor/laravel/framework/src/Illuminate/View/Engines/CompilerEngine.php(61): Illuminate\\View\\Engines\\PhpEngine->evaluatePath('/var/www/beas.i...', Array)
#14 /var/www/beas.in/public_html/ramkrishna_dharma_chakra/vendor/facade/ignition/src/Views/Engines/CompilerEngine.php(37): Illuminate\\View\\Engines\\CompilerEngine->get('/var/www/beas.i...', Array)
#15 /var/www/beas.in/public_html/ramkrishna_dharma_chakra/vendor/laravel/framework/src/Illuminate/View/View.php(139): Facade\\Ignition\\Views\\Engines\\CompilerEngine->get('/var/www/beas.i...', Array)
#16 /var/www/beas.in/public_html/ramkrishna_dharma_chakra/vendor/laravel/framework/src/Illuminate/View/View.php(122): Illuminate\\View\\View->getContents()
#17 /var/www/beas.in/public_html/ramkrishna_dharma_chakra/vendor/laravel/framework/src/Illuminate/View/View.php(91): Illuminate\\View\\View->renderContents()
#18 /var/www/beas.in/public_html/ramkrishna_dharma_chakra/vendor/laravel/framework/src/Illuminate/Http/Response.php(69): Illuminate\\View\\View->render()
#19 /var/www/beas.in/public_html/ramkrishna_dharma_chakra/vendor/laravel/framework/src/Illuminate/Http/Response.php(35): Illuminate\\Http\\Response->setContent(Object(Illuminate\\View\\View))
#20 /var/www/beas.in/public_html/ramkrishna_dharma_chakra/vendor/laravel/framework/src/Illuminate/Routing/Router.php(820): Illuminate\\Http\\Response->__construct(Object(Illuminate\\View\\View), 200, Array)
#21 /var/www/beas.in/public_html/ramkrishna_dharma_chakra/vendor/laravel/framework/src/Illuminate/Routing/Router.php(789): Illuminate\\Routing\\Router::toResponse(Object(Illuminate\\Http\\Request), Object(Illuminate\\View\\View))
#22 /var/www/beas.in/public_html/ramkrishna_dharma_chakra/vendor/laravel/framework/src/Illuminate/Routing/Router.php(721): Illuminate\\Routing\\Router->prepareResponse(Object(Illuminate\\Http\\Request), Object(Illuminate\\View\\View))
#23 /var/www/beas.in/public_html/ramkrishna_dharma_chakra/vendor/laravel/framework/src/Illuminate/Pipeline/Pipeline.php(128): Illuminate\\Routing\\Router->Illuminate\\Routing\\{closure}(Object(Illuminate\\Http\\Request))
#24 /var/www/beas.in/public_html/ramkrishna_dharma_chakra/vendor/laravel/framework/src/Illuminate/Routing/Middleware/SubstituteBindings.php(50): Illuminate\\Pipeline\\Pipeline->Illuminate\\Pipeline\\{closure}(Object(Illuminate\\Http\\Request))
#25 /var/www/beas.in/public_html/ramkrishna_dharma_chakra/vendor/laravel/framework/src/Illuminate/Pipeline/Pipeline.php(167): Illuminate\\Routing\\Middleware\\SubstituteBindings->handle(Object(Illuminate\\Http\\Request), Object(Closure))
#26 /var/www/beas.in/public_html/ramkrishna_dharma_chakra/vendor/laravel/framework/src/Illuminate/Foundation/Http/Middleware/VerifyCsrfToken.php(78): Illuminate\\Pipeline\\Pipeline->Illuminate\\Pipeline\\{closure}(Object(Illuminate\\Http\\Request))
#27 /var/www/beas.in/public_html/ramkrishna_dharma_chakra/vendor/laravel/framework/src/Illuminate/Pipeline/Pipeline.php(167): Illuminate\\Foundation\\Http\\Middleware\\VerifyCsrfToken->handle(Object(Illuminate\\Http\\Request), Object(Closure))
#28 /var/www/beas.in/public_html/ramkrishna_dharma_chakra/vendor/laravel/framework/src/Illuminate/View/Middleware/ShareErrorsFromSession.php(49): Illuminate\\Pipeline\\Pipeline->Illuminate\\Pipeline\\{closure}(Object(Illuminate\\Http\\Request))
#29 /var/www/beas.in/public_html/ramkrishna_dharma_chakra/vendor/laravel/framework/src/Illuminate/Pipeline/Pipeline.php(167): Illuminate\\View\\Middleware\\ShareErrorsFromSession->handle(Object(Illuminate\\Http\\Request), Object(Closure))
#30 /var/www/beas.in/public_html/ramkrishna_dharma_chakra/vendor/laravel/framework/src/Illuminate/Session/Middleware/StartSession.php(121): Illuminate\\Pipeline\\Pipeline->Illuminate\\Pipeline\\{closure}(Object(Illuminate\\Http\\Request))
#31 /var/www/beas.in/public_html/ramkrishna_dharma_chakra/vendor/laravel/framework/src/Illuminate/Session/Middleware/StartSession.php(64): Illuminate\\Session\\Middleware\\StartSession->handleStatefulRequest(Object(Illuminate\\Http\\Request), Object(Illuminate\\Session\\Store), Object(Closure))
#32 /var/www/beas.in/public_html/ramkrishna_dharma_chakra/vendor/laravel/framework/src/Illuminate/Pipeline/Pipeline.php(167): Illuminate\\Session\\Middleware\\StartSession->handle(Object(Illuminate\\Http\\Request), Object(Closure))
#33 /var/www/beas.in/public_html/ramkrishna_dharma_chakra/vendor/laravel/framework/src/Illuminate/Cookie/Middleware/AddQueuedCookiesToResponse.php(37): Illuminate\\Pipeline\\Pipeline->Illuminate\\Pipeline\\{closure}(Object(Illuminate\\Http\\Request))
#34 /var/www/beas.in/public_html/ramkrishna_dharma_chakra/vendor/laravel/framework/src/Illuminate/Pipeline/Pipeline.php(167): Illuminate\\Cookie\\Middleware\\AddQueuedCookiesToResponse->handle(Object(Illuminate\\Http\\Request), Object(Closure))
#35 /var/www/beas.in/public_html/ramkrishna_dharma_chakra/vendor/laravel/framework/src/Illuminate/Cookie/Middleware/EncryptCookies.php(67): Illuminate\\Pipeline\\Pipeline->Illuminate\\Pipeline\\{closure}(Object(Illuminate\\Http\\Request))
#36 /var/www/beas.in/public_html/ramkrishna_dharma_chakra/vendor/laravel/framework/src/Illuminate/Pipeline/Pipeline.php(167): Illuminate\\Cookie\\Middleware\\EncryptCookies->handle(Object(Illuminate\\Http\\Request), Object(Closure))
#37 /var/www/beas.in/public_html/ramkrishna_dharma_chakra/vendor/laravel/framework/src/Illuminate/Pipeline/Pipeline.php(103): Illuminate\\Pipeline\\Pipeline->Illuminate\\Pipeline\\{closure}(Object(Illuminate\\Http\\Request))
#38 /var/www/beas.in/public_html/ramkrishna_dharma_chakra/vendor/laravel/framework/src/Illuminate/Routing/Router.php(723): Illuminate\\Pipeline\\Pipeline->then(Object(Closure))
#39 /var/www/beas.in/public_html/ramkrishna_dharma_chakra/vendor/laravel/framework/src/Illuminate/Routing/Router.php(698): Illuminate\\Routing\\Router->runRouteWithinStack(Object(Illuminate\\Routing\\Route), Object(Illuminate\\Http\\Request))
#40 /var/www/beas.in/public_html/ramkrishna_dharma_chakra/vendor/laravel/framework/src/Illuminate/Routing/Router.php(662): Illuminate\\Routing\\Router->runRoute(Object(Illuminate\\Http\\Request), Object(Illuminate\\Routing\\Route))
#41 /var/www/beas.in/public_html/ramkrishna_dharma_chakra/vendor/laravel/framework/src/Illuminate/Routing/Router.php(651): Illuminate\\Routing\\Router->dispatchToRoute(Object(Illuminate\\Http\\Request))
#42 /var/www/beas.in/public_html/ramkrishna_dharma_chakra/vendor/laravel/framework/src/Illuminate/Foundation/Http/Kernel.php(167): Illuminate\\Routing\\Router->dispatch(Object(Illuminate\\Http\\Request))
#43 /var/www/beas.in/public_html/ramkrishna_dharma_chakra/vendor/laravel/framework/src/Illuminate/Pipeline/Pipeline.php(128): Illuminate\\Foundation\\Http\\Kernel->Illuminate\\Foundation\\Http\\{closure}(Object(Illuminate\\Http\\Request))
#44 /var/www/beas.in/public_html/ramkrishna_dharma_chakra/vendor/laravel/framework/src/Illuminate/Foundation/Http/Middleware/TransformsRequest.php(21): Illuminate\\Pipeline\\Pipeline->Illuminate\\Pipeline\\{closure}(Object(Illuminate\\Http\\Request))
#45 /var/www/beas.in/public_html/ramkrishna_dharma_chakra/vendor/laravel/framework/src/Illuminate/Foundation/Http/Middleware/ConvertEmptyStringsToNull.php(31): Illuminate\\Foundation\\Http\\Middleware\\TransformsRequest->handle(Object(Illuminate\\Http\\Request), Object(Closure))
#46 /var/www/beas.in/public_html/ramkrishna_dharma_chakra/vendor/laravel/framework/src/Illuminate/Pipeline/Pipeline.php(167): Illuminate\\Foundation\\Http\\Middleware\\ConvertEmptyStringsToNull->handle(Object(Illuminate\\Http\\Request), Object(Closure))
#47 /var/www/beas.in/public_html/ramkrishna_dharma_chakra/vendor/laravel/framework/src/Illuminate/Foundation/Http/Middleware/TransformsRequest.php(21): Illuminate\\Pipeline\\Pipeline->Illuminate\\Pipeline\\{closure}(Object(Illuminate\\Http\\Request))
#48 /var/www/beas.in/public_html/ramkrishna_dharma_chakra/vendor/laravel/framework/src/Illuminate/Foundation/Http/Middleware/TrimStrings.php(40): Illuminate\\Foundation\\Http\\Middleware\\TransformsRequest->handle(Object(Illuminate\\Http\\Request), Object(Closure))
#49 /var/www/beas.in/public_html/ramkrishna_dharma_chakra/vendor/laravel/framework/src/Illuminate/Pipeline/Pipeline.php(167): Illuminate\\Foundation\\Http\\Middleware\\TrimStrings->handle(Object(Illuminate\\Http\\Request), Object(Closure))
#50 /var/www/beas.in/public_html/ramkrishna_dharma_chakra/vendor/laravel/framework/src/Illuminate/Foundation/Http/Middleware/ValidatePostSize.php(27): Illuminate\\Pipeline\\Pipeline->Illuminate\\Pipeline\\{closure}(Object(Illuminate\\Http\\Request))
#51 /var/www/beas.in/public_html/ramkrishna_dharma_chakra/vendor/laravel/framework/src/Illuminate/Pipeline/Pipeline.php(167): Illuminate\\Foundation\\Http\\Middleware\\ValidatePostSize->handle(Object(Illuminate\\Http\\Request), Object(Closure))
#52 /var/www/beas.in/public_html/ramkrishna_dharma_chakra/vendor/laravel/framework/src/Illuminate/Foundation/Http/Middleware/PreventRequestsDuringMaintenance.php(86): Illuminate\\Pipeline\\Pipeline->Illuminate\\Pipeline\\{closure}(Object(Illuminate\\Http\\Request))
#53 /var/www/beas.in/public_html/ramkrishna_dharma_chakra/vendor/laravel/framework/src/Illuminate/Pipeline/Pipeline.php(167): Illuminate\\Foundation\\Http\\Middleware\\PreventRequestsDuringMaintenance->handle(Object(Illuminate\\Http\\Request), Object(Closure))
#54 /var/www/beas.in/public_html/ramkrishna_dharma_chakra/vendor/fideloper/proxy/src/TrustProxies.php(57): Illuminate\\Pipeline\\Pipeline->Illuminate\\Pipeline\\{closure}(Object(Illuminate\\Http\\Request))
#55 /var/www/beas.in/public_html/ramkrishna_dharma_chakra/vendor/laravel/framework/src/Illuminate/Pipeline/Pipeline.php(167): Fideloper\\Proxy\\TrustProxies->handle(Object(Illuminate\\Http\\Request), Object(Closure))
#56 /var/www/beas.in/public_html/ramkrishna_dharma_chakra/vendor/laravel/framework/src/Illuminate/Pipeline/Pipeline.php(103): Illuminate\\Pipeline\\Pipeline->Illuminate\\Pipeline\\{closure}(Object(Illuminate\\Http\\Request))
#57 /var/www/beas.in/public_html/ramkrishna_dharma_chakra/vendor/laravel/framework/src/Illuminate/Foundation/Http/Kernel.php(142): Illuminate\\Pipeline\\Pipeline->then(Object(Closure))
#58 /var/www/beas.in/public_html/ramkrishna_dharma_chakra/vendor/laravel/framework/src/Illuminate/Foundation/Http/Kernel.php(111): Illuminate\\Foundation\\Http\\Kernel->sendRequestThroughRouter(Object(Illuminate\\Http\\Request))
#59 /var/www/beas.in/public_html/ramkrishna_dharma_chakra/index.php(54): Illuminate\\Foundation\\Http\\Kernel->handle(Object(Illuminate\\Http\\Request))
#60 {main}
"} 
[2023-08-09 16:54:50] local.ERROR: Attempt to read property "image" on null (View: /var/www/beas.in/public_html/ramkrishna_dharma_chakra/resources/views/admin/includes/header.blade.php) {"view":{"view":"/var/www/beas.in/public_html/ramkrishna_dharma_chakra/resources/views/admin/includes/header.blade.php","data":{"errors":"<pre class=sf-dump id=sf-dump-1439927360 data-indent-pad=\"  \"><span class=sf-dump-note>Illuminate\\Support\\ViewErrorBag</span> {<a class=sf-dump-ref>#459</a><samp data-depth=1 class=sf-dump-expanded>
  #<span class=sf-dump-protected title=\"Protected property\">bags</span>: []
</samp>}
</pre><script>Sfdump(\"sf-dump-1439927360\", {\"maxDepth\":3,\"maxStringLength\":160})</script>
","data":"<pre class=sf-dump id=sf-dump-1093630751 data-indent-pad=\"  \"><span class=sf-dump-note>App\\About</span> {<a class=sf-dump-ref>#477</a><samp data-depth=1 class=sf-dump-expanded>
  #<span class=sf-dump-protected title=\"Protected property\">table</span>: \"<span class=sf-dump-str title=\"5 characters\">about</span>\"
  #<span class=sf-dump-protected title=\"Protected property\">guarded</span>: []
  #<span class=sf-dump-protected title=\"Protected property\">connection</span>: \"<span class=sf-dump-str title=\"5 characters\">mysql</span>\"
  #<span class=sf-dump-protected title=\"Protected property\">primaryKey</span>: \"<span class=sf-dump-str title=\"2 characters\">id</span>\"
  #<span class=sf-dump-protected title=\"Protected property\">keyType</span>: \"<span class=sf-dump-str title=\"3 characters\">int</span>\"
  +<span class=sf-dump-public title=\"Public property\">incrementing</span>: <span class=sf-dump-const>true</span>
  #<span class=sf-dump-protected title=\"Protected property\">with</span>: []
  #<span class=sf-dump-protected title=\"Protected property\">withCount</span>: []
  +<span class=sf-dump-public title=\"Public property\">preventsLazyLoading</span>: <span class=sf-dump-const>false</span>
  #<span class=sf-dump-protected title=\"Protected property\">perPage</span>: <span class=sf-dump-num>15</span>
  +<span class=sf-dump-public title=\"Public property\">exists</span>: <span class=sf-dump-const>true</span>
  +<span class=sf-dump-public title=\"Public property\">wasRecentlyCreated</span>: <span class=sf-dump-const>false</span>
  #<span class=sf-dump-protected title=\"Protected property\">escapeWhenCastingToString</span>: <span class=sf-dump-const>false</span>
  #<span class=sf-dump-protected title=\"Protected property\">attributes</span>: <span class=sf-dump-note>array:30</span> [<samp data-depth=2 class=sf-dump-compact>
    \"<span class=sf-dump-key>id</span>\" => <span class=sf-dump-num>1</span>
    \"<span class=sf-dump-key>image</span>\" => \"<span class=sf-dump-str title=\"19 characters\">1685509782-1603.jpg</span>\"
    \"<span class=sf-dump-key>description</span>\" => \"<span class=sf-dump-str title=\"1178 characters\">&#2486;&#2509;&#2480;&#2496;&#2480;&#2494;&#2478;&#2453;&#2499;&#2487;&#2509;&#2467; &#2471;&#2480;&#2509;&#2478;&#2458;&#2453;&#2509;&#2480; &#2477;&#2494;&#2480;&#2468;&#2476;&#2480;&#2509;&#2487;&#2503;&#2480; &#2438;&#2471;&#2509;&#2479;&#2494;&#2468;&#2509;&#2478;&#2495;&#2453; &#2438;&#2453;&#2494;&#2486;&#2503; &#2447;&#2453; &#2441;&#2460;&#2509;&#2460;&#2509;&#2476;&#2482; &#2472;&#2453;&#2509;&#2487;&#2468;&#2509;&#2480;&#2404; &#2447;&#2439; &#2471;&#2480;&#2509;&#2478; &#2474;&#2509;&#2480;&#2468;&#2495;&#2487;&#2509;&#2464;&#2494;&#2472; &#2476;&#2509;&#2480;&#2489;&#2509;&#2478;&#2482;&#2496;&#2472; &#2488;&#2509;&#2476;&#2494;&#2478;&#2496; &#2460;&#2455;&#2470;&#2496;&#2486;&#2509;&#2476;&#2480;&#2494;&#2472;&#2472;&#2509;&#2470; &#2478;&#2489;&#2494;&#2480;&#2494;&#2460;&#2503;&#2480; &#2448;&#2453;&#2494;&#2472;&#2509;&#2468;&#2495;&#2453; &#2474;&#2509;&#2480;&#2458;&#2503;&#2487;&#2509;&#2463;&#2494;&#2479;&#2492; &#2535;&#2543;&#2539;&#2539; &#2454;&#2499;&#2487;&#2509;&#2463;&#2494;&#2476;&#2509;&#2470;(&#2535;&#2537;&#2540;&#2536; &#2488;&#2494;&#2482;&#2503;&#2480;) &#2475;&#2494;&#2482;&#2509;&#2455;&#2497;&#2472; &#2478;&#2494;&#2488;&#2503; &#2474;&#2509;&#2480;&#2468;&#2495;&#2487;&#2509;&#2464;&#2494; &#2489;&#2479;&#2492;&#2404;&lt;br /&gt;&#2488;&#2509;&#2476;&#2494;&#2478;&#2496; &#2460;&#2455;&#2470;&#2496;&#2486;&#2509;&#2476;&#2480;&#2494;&#2472;&#2472;&#2509;&#2470; &#2478;&#2489;&#2494;&#2480;&#2494;&#2460;&#2503;&#2480; &#2478;&#2489;&#2494;&#2474;&#2509;&#2480;&#2479;&#2492;&#2494;&#2467;&#2503;&#2480; &#2474;&#2480; &#2468;&#2494;&#2433;&#2480; &#2488;&#2497;&#2479;&#2507;&#2455;&#2509;&#2479;&#2494; &#2486;&#2495;&#2487;&#2509;&#2479;&#2494; &#2474;&#2509;&#2480;&#2476;&#2509;&#2480;&#2494;&#2460;&#2495;&#2453;&#2494; &#2478;&#2489;&#2494;&#2455;&#2508;&#2480;&#2496; &#2488;&#2480;&#2488;&#2509;&#2476;&#2468;&#2496; &#2470;&#2453;&#2509;&#2487; &#2489;&#2494;&#2468;&#2503; &#2447;&#2439; &#2474;&#2509;&#2480;&#2468;&#2495;&#2487;&#2509;&#2464;&#2494;&#2472;&#2503;&#2480; &#2488;&#2478;&#2488;&#2509;&#2468; &#2455;&#2497;&#2480;&#2497;&#2477;&#2494;&#2480; &#2476;&#2489;&#2472; &#2453;&#2480;&#2503;&#2472;&#2404; &#2474;&#2509;&#2480;&#2476;&#2509;&#2480;&#2494;&#2460;&#2495;&#2453;&#2494; &#2478;&#2489;&#2494;&#2455;&#2508;&#2480;&#2496; &#2488;&#2480;&#2488;&#2509;&#2476;&#2468;&#2496;&#2480; &#2478;&#2489;&#2494;&#2474;&#2509;&#2480;&#2479;&#2492;&#2494;&#2467;&#2503;&#2480; &#2474;&#2480; &#2468;&#2494;&#2433;&#2480; &#2478;&#2472;&#2507;&#2472;&#2496;&#2468; &#2455;&#2497;&#2480;&#2497;&#2477;&#2494;&#2439; &#2488;&#2509;&#2476;&#2494;&#2478;&#2496; &#2476;&#2495;&#2486;&#2497;&#2470;&#2509;&#2471;&#2494;&#2472;&#2472;&#2509;&#2470; &#2488;&#2480;&#2488;&#2509;&#2476;&#2468;&#2496;&#2460;&#2496; &#2478;&#2489;&#2494;&#2480;&#2494;&#2460; &#2474;&#2509;&#2480;&#2468;&#2495;&#2487;&#2509;&#2464;&#2494;&#2472;&#2503;&#2480; &#2438;&#2458;&#2494;&#2480;&#2509;&#2479;&#2509;&#2479; &#2480;&#2498;&#2474;&#2503; &#2455;&#2497;&#2480;&#2497; &#2477;&#2494;&#2480; &#2455;&#2509;&#2480;&#2489;&#2467; &#2453;&#2480;&#2503;&#2472;&#2404; &lt;br /&gt;&lt;br /&gt;&#2486;&#2509;&#2480;&#2496;&#2480;&#2494;&#2478;&#2453;&#2499;&#2487;&#2509;&#2467; &#2471;&#2480;&#2509;&#2478;&#2458;&#2453;&#2509;&#2480; &#2438;&#2486;&#2509;&#2480;&#2478;&#2503; &#2535;&#2543;&#2540;&#2535; &#2454;&#2499;&#2487;&#2509;&#2463;&#2494;&#2476;&#2509;&#2470;&#2503; &#2474;&#2498;&#2480;&#2509;&#2476;&#2477;&#2494;&#2480;&#2468;&#2503; &#2474;&#2509;&#2480;&#2469;&#2478; &#2453;&#2482;&#2509;&#2453;&#2495; &#2478;&#2472;&#2509;&#2470;&#2495;&#2480; &#2474;&#2509;&#2480;&#2468;&#2495;&#2487;&#2509;&#2464;&#2494; &#2489;&#2479;&#2492;&#2404; &#2470;&#2504;&#2476;&#2472;&#2495;&#2480;&#2509;&#2470;&#2503;&#2486;&#2503; &#2488;&#2480;&#2509;&#2476;&#2474;&#2509;&#2480;&#2469;&#2478; &#2477;&#2455;&#2476;&#2494;&#2472; &#2476;&#2495;&#2487;&#2509;&#2467;&#2497;&#2480; &#2486;&#2503;&#2487; &#2437;&#2476;&#2468;&#2494;&#2480; &#2453;&#2482;&#2509;&#2453;&#2495; &#2470;&#2503;&#2476;&#2503;&#2480; &#2438;&#2455;&#2478;&#2472; &#2476;&#2494;&#2480;&#2509;&#2468;&#2494; &#2474;&#2509;&#2480;&#2458;&#2494;&#2480;&#2495;&#2468; &#2489;&#2479;&#2492;&#2404; &#2488;&#2509;&#2476;&#2494;&#2478;&#2496; &#2460;&#2455;&#2470;&#2496;&#2486;&#2509;&#2476;&#2480;&#2494;&#2472;&#2472;&#2509;&#2470; &#2478;&#2489;&#2494;&#2480;&#2494;&#2460; &#2470;&#2509;&#2476;&#2494;&#2480;&#2494; &#2437;&#2472;&#2498;&#2470;&#2495;&#2468; &#2474;&#2509;&#2480;&#2494;&#2479;&#2492; &#2535;&#2534;&#2534;&#2454;&#2494;&#2472;&#2494; &#2471;&#2480;&#2509;&#2478;&#2455;&#2509;&#2480;&#2472;&#2509;&#2469;&#2503;&#2480; &#2476;&#2495;&#2474;&#2497;&#2482; &#2488;&#2478;&#2509;&#2477;&#2494;&#2480;&#2404; &#2447;&#2439; &#2455;&#2509;&#2480;&#2472;&#2509;&#2469; &#2470;&#2509;&#2476;&#2494;&#2480;&#2494; &#2471;&#2480;&#2509;&#2478;&#2474;&#2509;&#2480;&#2494;&#2467; &#2472;&#2480;&#2472;&#2494;&#2480;&#2496;&#2455;&#2467;&#2503;&#2480; &#2471;&#2480;&#2509;&#2478;&#2458;&#2503;&#2468;&#2472;&#2494;&#2460;&#2494;&#2455;&#2480;&#2467; &#2471;&#2480;&#2509;&#2478;&#2460;&#2509;&#2462;&#2494;&#2472;&#2453;&#2503; &#2474;&#2480;&#2495;&#2474;&#2497;&#2487;&#2509;&#2463; &#2453;&#2480;&#2494;&#2480; &#2453;&#2494;&#2460;&#2503; &#2488;&#2470;&#2494; &#2476;&#2509;&#2544;&#2468;&#2496; &#2447;&#2439; &#2474;&#2509;&#2480;&#2468;&#2495;&#2487;&#2509;&#2464;&#2494;&#2472;&#2404; &#2447;&#2454;&#2494;&#2472;&#2503; &#2470;&#2496;&#2453;&#2509;&#2487;&#2494;&#2480;&#2509;&#2469;&#2496;&#2455;&#2467;&#2503;&#2480; &#2474;&#2509;&#2480;&#2453;&#2499;&#2468;&#2495;&#2455;&#2468; &#2439;&#2487;&#2509;&#2463;&#2472;&#2495;&#2480;&#2509;&#2476;&#2494;&#2458;&#2472; &#2451; &#2478;&#2472;&#2509;&#2468;&#2509;&#2480;&#2479;&#2507;&#2455;&#2503; &#2488;&#2494;&#2471;&#2472; &#2437;&#2472;&#2497;&#2486;&#2496;&#2482;&#2472;&#2503;&#2480; &#2470;&#2509;&#2476;&#2494;&#2480;&#2494; &#2488;&#2494;&#2471;&#2472;&#2503; &#2441;&#2472;&#2509;&#2472;&#2468;&#2495;&#2480; &#2474;&#2469;&#2503; &#2447;&#2455;&#2495;&#2479;&#2492;&#2503; &#2472;&#2495;&#2479;&#2492;&#2503; &#2479;&#2494;&#2451;&#2479;&#2492;&#2494;&#2480; &#2488;&#2489;&#2494;&#2479;&#2492;&#2468;&#2494; &#2453;&#2480;&#2494; &#2489;&#2479;&#2492;&#2404; &#2447;&#2459;&#2494;&#2465;&#2492;&#2494; &#2488;&#2494;&#2480;&#2494; &#2476;&#2459;&#2480; &#2476;&#2509;&#2479;&#2494;&#2474;&#2496; &#2476;&#2503;&#2486; &#2453;&#2495;&#2459;&#2497; &#2441;&#2472;&#2509;&#2472;&#2479;&#2492;&#2472; &#2478;&#2498;&#2482;&#2453; &#2453;&#2480;&#2509;&#2478;&#2453;&#2494;&#2472;&#2509;&#2465;&#2503;&#2480; &#2488;&#2457;&#2509;&#2455;&#2503; &#2479;&#2497;&#2453;&#2509;&#2468;&#2404; &#2489;&#2495;&#2472;&#2509;&#2470;&#2497; &#2471;&#2480;&#2509;&#2478; &#2476;&#2495;&#2486;&#2509;&#2476;&#2494;&#2488;&#2496; &#2488;&#2494;&#2478;&#2494;&#2460;&#2495;&#2453; &#2451; &#2438;&#2471;&#2509;&#2479;&#2494;&#2468;&#2509;&#2478;&#2495;&#2453; &#2478;&#2495;&#2482;&#2472; &#2453;&#2509;&#2487;&#2503;&#2468;&#2509;&#2480;&#2503;&#2480; &#2438;&#2480; &#2447;&#2453; &#2472;&#2494;&#2478; &#2486;&#2509;&#2480;&#2496;&#2480;&#2494;&#2478;&#2453;&#2499;&#2487;&#2509;&#2467; &#2471;&#2480;&#2509;&#2478;&#2458;&#2453;&#2509;&#2480;&#2404;</span>\"
    \"<span class=sf-dump-key>donate_description</span>\" => \"\"\"
      <span class=sf-dump-str title=\"1430 characters\">&#2486;&#2509;&#2480;&#2496;&#2480;&#2494;&#2478;&#2453;&#2499;&#2487;&#2509;&#2467; &#2471;&#2480;&#2509;&#2478;&#2458;&#2453;&#2509;&#2480;&#2503;&#2480; &#2474;&#2509;&#2480;&#2468;&#2495;&#2487;&#2509;&#2464;&#2494;&#2468;&#2494; &#2476;&#2509;&#2480;&#2489;&#2509;&#2478;&#2482;&#2496;&#2472; &#2488;&#2509;&#2476;&#2494;&#2478;&#2496; &#2460;&#2455;&#2470;&#2496;&#2486;&#2509;&#2476;&#2480;&#2494;&#2472;&#2472;&#2509;&#2470; &#2478;&#2489;&#2494;&#2480;&#2494;&#2460; &#2459;&#2495;&#2482;&#2503;&#2472; &#2447;&#2453;&#2460;&#2472; &#2488;&#2480;&#2509;&#2476;&#2468;&#2509;&#2479;&#2494;&#2455;&#2496; &#2488;&#2472;&#2509;&#2472;&#2509;&#2479;&#2494;&#2488;&#2496;&#2404; &#2489;&#2495;&#2472;&#2509;&#2470;&#2497;&#2471;&#2480;&#2509;&#2478;&#2503;&#2480; &#2476;&#2509;&#2479;&#2453;&#2509;&#2468;&#2495;, &#2476;&#2504;&#2470;&#2495;&#2453; &#2488;&#2494;&#2471;&#2472; &#2451; &#2438;&#2458;&#2494;&#2480;&#2476;&#2495;&#2471;&#2495; &#2451; &#2486;&#2509;&#2480;&#2496;&#2480;&#2494;&#2478;&#2453;&#2499;&#2487;&#2509;&#2467; &#2474;&#2480;&#2478;&#2489;&#2434;&#2488;&#2503;&#2480; &#2474;&#2480;&#2478;&#2509;&#2474;&#2480;&#2494; &#2451; &#2471;&#2480;&#2509;&#2478;&#2494;&#2458;&#2494;&#2480;&#2467;&#2503;&#2480; &#2474;&#2509;&#2480;&#2488;&#2494;&#2480; &#2456;&#2463;&#2494;&#2472;&#2507;&#2480; &#2460;&#2472;&#2509;&#2479; &#2453;&#2495;&#2459;&#2497; &#2488;&#2489;&#2499;&#2470;&#2479;&#2492; &#2477;&#2453;&#2509;&#2468;&#2503;&#2480; &#2438;&#2480;&#2509;&#2469;&#2495;&#2453; &#2488;&#2494;&#2489;&#2494;&#2479;&#2509;&#2479;, &#2453;&#2494;&#2479;&#2492;&#2495;&#2453; &#2486;&#2509;&#2480;&#2478; &#2451; &#2437;&#2472;&#2497;&#2474;&#2509;&#2480;&#2503;&#2480;&#2467;&#2494;&#2479;&#2492; &#2437;&#2468;&#2495; &#2453;&#2487;&#2509;&#2463;&#2503; &#2468;&#2495;&#2472;&#2495; &#2455;&#2465;&#2492;&#2503; &#2468;&#2497;&#2482;&#2503;&#2459;&#2495;&#2482;&#2503;&#2472; &#2447;&#2439; &#2474;&#2509;&#2480;&#2468;&#2495;&#2487;&#2509;&#2464;&#2494;&#2472;&#2404; &#2455;&#2497;&#2480;&#2497; &#2478;&#2489;&#2494;&#2480;&#2494;&#2460;&#2503;&#2480; &#2472;&#2496;&#2468;&#2495; &#2451; &#2477;&#2494;&#2476;&#2471;&#2494;&#2480;&#2494; &#2437;&#2472;&#2497;&#2488;&#2480;&#2467; &#2453;&#2480;&#2503; &#2474;&#2480;&#2476;&#2480;&#2509;&#2468;&#2496;&#2453;&#2494;&#2482;&#2503; &#2468;&#2494;&#2433;&#2480; &#2470;&#2496;&#2453;&#2509;&#2487;&#2495;&#2468; &#2438;&#2486;&#2509;&#2480;&#2478;&#2476;&#2494;&#2488;&#2496; &#2488;&#2472;&#2509;&#2472;&#2509;&#2479;&#2494;&#2488;&#2496; &#2451; &#2488;&#2472;&#2509;&#2472;&#2509;&#2479;&#2494;&#2488;&#2495;&#2472;&#2496;&#2480;&#2494; &#2453;&#2464;&#2507;&#2480; &#2488;&#2472;&#2509;&#2472;&#2509;&#2479;&#2494;&#2488;&#2476;&#2509;&#2480;&#2468; &#2474;&#2494;&#2482;&#2472; &#2453;&#2480;&#2503; &#2458;&#2482;&#2503;&#2459;&#2503;&#2472;&#2404; &#2476;&#2489;&#2497; &#2468;&#2469;&#2494;&#2453;&#2469;&#2495;&#2468; &#2471;&#2480;&#2509;&#2478;&#2474;&#2509;&#2480;&#2468;&#2495;&#2487;&#2509;&#2464;&#2494;&#2472;&#2503;&#2480; &#2478;&#2468; &#2447;&#2454;&#2494;&#2472;&#2503; &#2471;&#2480;&#2509;&#2478;&#2503;&#2480; &#2476;&#2495;&#2472;&#2495;&#2478;&#2479;&#2492;&#2503; &#2437;&#2480;&#2509;&#2469; &#2441;&#2474;&#2494;&#2480;&#2509;&#2460;&#2472; &#2453;&#2480;&#2494; &#2489;&#2479;&#2492; &#2472;&#2494;&#2404; &#2447;&#2463;&#2495; &#2453;&#2464;&#2507;&#2480;&#2477;&#2494;&#2476;&#2503; &#2455;&#2497;&#2480;&#2497; &#2478;&#2489;&#2494;&#2480;&#2494;&#2460;&#2503;&#2480; &#2472;&#2496;&#2468;&#2495;&#2476;&#2495;&#2480;&#2497;&#2470;&#2509;&#2471; &#2459;&#2495;&#2482;&#2404; &#2453;&#2495;&#2472;&#2509;&#2468;&#2497; &#2476;&#2494;&#2488;&#2509;&#2468;&#2476; &#2447;&#2463;&#2494;&#2439; &#2479;&#2503; &#2476;&#2480;&#2509;&#2468;&#2478;&#2494;&#2472; &#2478;&#2498;&#2482;&#2509;&#2479;&#2476;&#2499;&#2470;&#2509;&#2471;&#2495; &#2451; &#2476;&#2509;&#2479;&#2494;&#2479;&#2492;&#2476;&#2494;&#2489;&#2497;&#2482;&#2509;&#2479;&#2503;&#2480; &#2453;&#2494;&#2480;&#2467;&#2503; &#2438;&#2486;&#2509;&#2480;&#2478;&#2476;&#2494;&#2488;&#2496;&#2470;&#2503;&#2480; &#2460;&#2496;&#2476;&#2472;&#2479;&#2494;&#2474;&#2472;, &#2474;&#2509;&#2480;&#2468;&#2495;&#2487;&#2509;&#2464;&#2495;&#2468; &#2488;&#2453;&#2482; &#2470;&#2503;&#2476;&#2470;&#2503;&#2476;&#2496;&#2470;&#2503;&#2480; &#2472;&#2495;&#2468;&#2509;&#2479;&#2488;&#2503;&#2476;&#2494; &#2451; &#2438;&#2486;&#2509;&#2480;&#2478; &#2480;&#2453;&#2509;&#2487;&#2467;&#2494;&#2476;&#2503;&#2453;&#2509;&#2487;&#2467;&#2503;&#2480; &#2460;&#2472;&#2509;&#2479; &#2472;&#2509;&#2479;&#2497;&#2472;&#2468;&#2478; &#2437;&#2480;&#2509;&#2469;&#2503;&#2480; &#2479;&#2503; &#2474;&#2509;&#2480;&#2479;&#2492;&#2507;&#2460;&#2472;&#2496;&#2479;&#2492;&#2468;&#2494; &#2438;&#2459;&#2503; &#2468;&#2494; &#2437;&#2472;&#2488;&#2509;&#2476;&#2496;&#2453;&#2494;&#2480;&#2509;&#2479;&#2404;<span class=\"sf-dump-default sf-dump-ns\">\\r\\n</span></span>
      <span class=sf-dump-str title=\"1430 characters\">&#2474;&#2497;&#2480;&#2494;&#2467;&#2494;&#2470;&#2495; &#2486;&#2494;&#2488;&#2509;&#2468;&#2509;&#2480;&#2503; &#2441;&#2482;&#2509;&#2482;&#2503;&#2454; &#2438;&#2459;&#2503; &#039;&#2470;&#2494;&#2472;&#039; &#2471;&#2480;&#2509;&#2478;&#2494;&#2458;&#2494;&#2480;&#2467;&#2503;&#2480; &#2447;&#2453;&#2463;&#2495; &#2437;&#2457;&#2509;&#2455;, &#2468;&#2494;&#2439; &#2486;&#2509;&#2480;&#2496;&#2480;&#2494;&#2478;&#2453;&#2499;&#2487;&#2509;&#2467; &#2471;&#2480;&#2509;&#2478;&#2458;&#2453;&#2509;&#2480;&#2503;&#2480; &#2478;&#2497;&#2487;&#2509;&#2463;&#2495;&#2478;&#2503;&#2479;&#2492; &#2453;&#2495;&#2459;&#2497; &#2470;&#2496;&#2453;&#2509;&#2487;&#2495;&#2468; &#2488;&#2472;&#2509;&#2468;&#2494;&#2472; &#2447;&#2476;&#2434; &#2437;&#2472;&#2509;&#2479;&#2494;&#2472;&#2509;&#2479; &#2471;&#2480;&#2509;&#2478;&#2474;&#2495;&#2474;&#2494;&#2488;&#2497; &#2477;&#2453;&#2509;&#2468;&#2455;&#2467;&#2503;&#2480; &#2441;&#2474;&#2480; &#2470;&#2494;&#2479;&#2492;&#2495;&#2468;&#2509;&#2476; &#2476;&#2480;&#2509;&#2468;&#2494;&#2479;&#2492; -- &#2472;&#2509;&#2479;&#2497;&#2472;&#2468;&#2478;, &#2488;&#2509;&#2476;&#2504;&#2458;&#2509;&#2459;&#2495;&#2453; &#2437;&#2480;&#2509;&#2469;&#2470;&#2494;&#2472;&#2503;&#2480; &#2478;&#2494;&#2471;&#2509;&#2479;&#2478;&#2503; &#2489;&#2495;&#2472;&#2509;&#2470;&#2497;&#2471;&#2480;&#2509;&#2478;&#2503;&#2480; &#2471;&#2509;&#2476;&#2460;&#2494;&#2471;&#2494;&#2480;&#2496; &#2447;&#2439; &#2474;&#2509;&#2480;&#2468;&#2495;&#2487;&#2509;&#2464;&#2494;&#2472;&#2503;&#2480; &#2437;&#2488;&#2509;&#2468;&#2495;&#2468;&#2509;&#2476; &#2480;&#2453;&#2509;&#2487;&#2494; &#2453;&#2480;&#2494;&#2480;&#2404; &#2468;&#2494;&#2439; &#2488;&#2453;&#2482;&#2503;&#2480; &#2453;&#2494;&#2459;&#2503; &#2437;&#2472;&#2497;&#2480;&#2507;&#2471; &#2447;&#2439; &#2479;&#2503;, &#2438;&#2474;&#2472;&#2494;&#2480;&#2494; &#2472;&#2495;&#2480;&#2509;&#2470;&#2509;&#2476;&#2495;&#2471;&#2494;&#2479;&#2492; &#2451; &#2488;&#2509;&#2476;&#2503;&#2458;&#2509;&#2459;&#2494;&#2479;&#2492; &#2438;&#2474;&#2472;&#2494;&#2470;&#2503;&#2480; &#2488;&#2494;&#2478;&#2480;&#2509;&#2469;&#2509;&#2479; &#2437;&#2472;&#2497;&#2479;&#2494;&#2479;&#2492;&#2496; &#2447;&#2439; &#2474;&#2509;&#2480;&#2468;&#2495;&#2487;&#2509;&#2464;&#2494;&#2472;&#2503;&#2480; &#2441;&#2472;&#2509;&#2472;&#2468;&#2495;&#2453;&#2482;&#2509;&#2474;&#2503; &#2451; &#2438;&#2486;&#2509;&#2480;&#2478;&#2476;&#2494;&#2488;&#2496;&#2470;&#2503;&#2480; &#2460;&#2496;&#2476;&#2472;&#2471;&#2494;&#2480;&#2467;&#2503;&#2480; &#2460;&#2472;&#2509;&#2479; &#2474;&#2509;&#2480;&#2479;&#2492;&#2507;&#2460;&#2472;&#2496;&#2479;&#2492; &#2438;&#2480;&#2509;&#2469;&#2495;&#2453; &#2437;&#2472;&#2497;&#2470;&#2494;&#2472; &#2453;&#2480;&#2497;&#2472;&#2404; &#2438;&#2474;&#2472;&#2494;&#2480;&#2494; Money Transfer &#2447;&#2480; &#2478;&#2494;&#2471;&#2509;&#2479;&#2478;&#2503; &#2472;&#2495;&#2478;&#2509;&#2472;&#2507;&#2453;&#2509;&#2468; &#2476;&#2495;&#2476;&#2480;&#2467; &#2437;&#2472;&#2497;&#2479;&#2494;&#2479;&#2492;&#2496; &#2437;&#2480;&#2509;&#2469;&#2470;&#2494;&#2472; &#2453;&#2480;&#2468;&#2503; &#2474;&#2494;&#2480;&#2503;&#2472;.&lt;/br&gt;<span class=\"sf-dump-default sf-dump-ns\">\\r\\n</span></span>
      <span class=sf-dump-str title=\"1430 characters\">&lt;b&gt;Sri Ramkrishna Dharma Chakra&lt;/b&gt;&lt;/br&gt;<span class=\"sf-dump-default sf-dump-ns\">\\r\\n</span></span>
      <span class=sf-dump-str title=\"1430 characters\">&lt;b&gt;SBI A/C - 11310916735 &lt;/b&gt;&lt;/br&gt;<span class=\"sf-dump-default sf-dump-ns\">\\r\\n</span></span>
      <span class=sf-dump-str title=\"1430 characters\">&lt;b&gt;SBIN0004640 (IFSC)&lt;/b&gt;&lt;/br&gt;</span>
      \"\"\"
    \"<span class=sf-dump-key>donate_image</span>\" => \"<span class=sf-dump-str title=\"19 characters\">1690794217-7773.png</span>\"
    \"<span class=sf-dump-key>welcome_heading</span>\" => \"<span class=sf-dump-str title=\"32 characters\">&#2488;&#2497;&#2488;&#2509;&#2476;&#2494;&#2455;&#2468;&#2478;&#2509; &#2486;&#2509;&#2480;&#2496;&#2480;&#2494;&#2478;&#2453;&#2499;&#2487;&#2509;&#2467; &#2471;&#2480;&#2509;&#2478;&#2458;&#2453;&#2509;&#2480;</span>\"
    \"<span class=sf-dump-key>welcome_description</span>\" => \"<span class=sf-dump-str title=\"1297 characters\">&lt;strong&gt;&#2536;&#2535;&#2535;&#2447;, &#2455;&#2495;&#2480;&#2495;&#2486; &#2456;&#2507;&#2487; &#2480;&#2507;&#2465;&#160;&lt;/strong&gt;&lt;strong&gt;&#2474;&#2507; : &#2476;&#2503;&#2482;&#2497;&#2465;&#2492;&#2478;&#2464;, &#2489;&#2494;&#2451;&#2465;&#2492;&#2494;, &#2474;&#2495;&#2472;-&#2541;&#2535;&#2535;&#2536;&#2534;&#2536; &#2475;&#2507;&#2472;-&#2543;&#2542;&#2537;&#2534;&#2534;&#2538;&#2537;&#2539;&#2543;&#2540;&lt;br /&gt;&lt;/strong&gt;&lt;br /&gt;&#2486;&#2509;&#2480;&#2496;&#2480;&#2494;&#2478;&#2453;&#2499;&#2487;&#2509;&#2467; &#2471;&#2480;&#2509;&#2478;&#2458;&#2453;&#2509;&#2480; &#2477;&#2494;&#2480;&#2468;&#2476;&#2480;&#2509;&#2487;&#2503;&#2480; &#2438;&#2471;&#2509;&#2479;&#2494;&#2468;&#2509;&#2478;&#2495;&#2453; &#2438;&#2453;&#2494;&#2486;&#2503; &#2447;&#2453; &#2441;&#2460;&#2509;&#2460;&#2509;&#2476;&#2482; &#2472;&#2453;&#2509;&#2487;&#2468;&#2509;&#2480;&#2404; &#2447;&#2439; &#2471;&#2480;&#2509;&#2478; &#2474;&#2509;&#2480;&#2468;&#2495;&#2487;&#2509;&#2464;&#2494;&#2472; &#2476;&#2509;&#2480;&#2489;&#2509;&#2478;&#2482;&#2496;&#2472; &#2488;&#2509;&#2476;&#2494;&#2478;&#2496; &#2460;&#2455;&#2470;&#2496;&#2486;&#2509;&#2476;&#2480;&#2494;&#2472;&#2472;&#2509;&#2470; &#2478;&#2489;&#2494;&#2480;&#2494;&#2460;&#2503;&#2480; &#2448;&#2453;&#2494;&#2472;&#2509;&#2468;&#2495;&#2453; &#2474;&#2509;&#2480;&#2458;&#2503;&#2487;&#2509;&#2463;&#2494;&#2479;&#2492; &#2535;&#2543;&#2539;&#2539; &#2454;&#2499;&#2487;&#2509;&#2463;&#2494;&#2476;&#2509;&#2470;(&#2535;&#2537;&#2540;&#2536; &#2488;&#2494;&#2482;&#2503;&#2480;) &#2475;&#2494;&#2482;&#2509;&#2455;&#2497;&#2472; &#2478;&#2494;&#2488;&#2503; &#2474;&#2509;&#2480;&#2468;&#2495;&#2487;&#2509;&#2464;&#2494; &#2489;&#2479;&#2492;&#2404;&lt;br /&gt;&lt;br /&gt;&#2488;&#2509;&#2476;&#2494;&#2478;&#2496; &#2460;&#2455;&#2470;&#2496;&#2486;&#2509;&#2476;&#2480;&#2494;&#2472;&#2472;&#2509;&#2470; &#2478;&#2489;&#2494;&#2480;&#2494;&#2460;&#2503;&#2480; &#2478;&#2489;&#2494;&#2474;&#2509;&#2480;&#2479;&#2492;&#2494;&#2467;&#2503;&#2480; &#2474;&#2480; &#2468;&#2494;&#2433;&#2480; &#2488;&#2497;&#2479;&#2507;&#2455;&#2509;&#2479;&#2494; &#2486;&#2495;&#2487;&#2509;&#2479;&#2494; &#2474;&#2509;&#2480;&#2476;&#2509;&#2480;&#2494;&#2460;&#2495;&#2453;&#2494; &#2478;&#2489;&#2494;&#2455;&#2508;&#2480;&#2496; &#2488;&#2480;&#2488;&#2509;&#2476;&#2468;&#2496; &#2470;&#2453;&#2509;&#2487; &#2489;&#2494;&#2468;&#2503; &#2447;&#2439; &#2474;&#2509;&#2480;&#2468;&#2495;&#2487;&#2509;&#2464;&#2494;&#2472;&#2503;&#2480; &#2488;&#2478;&#2488;&#2509;&#2468; &#2455;&#2497;&#2480;&#2497;&#2477;&#2494;&#2476; &#2476;&#2489;&#2472; &#2453;&#2480;&#2503;&#2472;&#2404; &#2474;&#2509;&#2480;&#2476;&#2509;&#2480;&#2494;&#2460;&#2495;&#2453;&#2494; &#2478;&#2489;&#2494;&#2455;&#2508;&#2480;&#2496; &#2488;&#2480;&#2488;&#2509;&#2476;&#2468;&#2496;&#2480; &#2478;&#2489;&#2494;&#2474;&#2509;&#2480;&#2479;&#2492;&#2494;&#2467;&#2503;&#2480; &#2474;&#2480; &#2468;&#2494;&#2433;&#2480; &#2478;&#2472;&#2507;&#2472;&#2496;&#2468; &#2455;&#2497;&#2480;&#2497;&#2477;&#2494;&#2439; &#2488;&#2509;&#2476;&#2494;&#2478;&#2496; &#2476;&#2495;&#2486;&#2497;&#2470;&#2509;&#2471;&#2494;&#2472;&#2472;&#2509;&#2470; &#2488;&#2480;&#2488;&#2509;&#2476;&#2468;&#2496;&#2460;&#2496; &#2478;&#2489;&#2494;&#2480;&#2494;&#2460; &#2474;&#2509;&#2480;&#2468;&#2495;&#2487;&#2509;&#2464;&#2494;&#2472;&#2503;&#2480; &#2438;&#2458;&#2494;&#2480;&#2509;&#2479;&#2509;&#2479; &#2480;&#2498;&#2474;&#2503; &#2455;&#2497;&#2480;&#2497; &#2477;&#2494;&#2480; &#2455;&#2509;&#2480;&#2489;&#2467; &#2453;&#2480;&#2503;&#2472;&#2404;&lt;br /&gt;&lt;br /&gt;&#2486;&#2509;&#2480;&#2496;&#2480;&#2494;&#2478;&#2453;&#2499;&#2487;&#2509;&#2467; &#2471;&#2480;&#2509;&#2478;&#2458;&#2453;&#2509;&#2480; &#2438;&#2486;&#2509;&#2480;&#2478;&#2503; &#2535;&#2543;&#2540;&#2535; &#2454;&#2499;&#2487;&#2509;&#2463;&#2494;&#2476;&#2509;&#2470;&#2503; &#2474;&#2498;&#2480;&#2509;&#2476;&#2477;&#2494;&#2480;&#2468;&#2503; &#2474;&#2509;&#2480;&#2469;&#2478; &#2453;&#2482;&#2509;&#2453;&#2495; &#2478;&#2472;&#2509;&#2470;&#2495;&#2480; &#2474;&#2509;&#2480;&#2468;&#2495;&#2487;&#2509;&#2464;&#2494; &#2489;&#2479;&#2492;&#2404; &#2470;&#2504;&#2476;&#2472;&#2495;&#2480;&#2509;&#2470;&#2503;&#2486;&#2503; &#2488;&#2480;&#2509;&#2476;&#2474;&#2509;&#2480;&#2469;&#2478; &#2477;&#2455;&#2476;&#2494;&#2472; &#2476;&#2495;&#2487;&#2509;&#2467;&#2497;&#2480; &#2486;&#2503;&#2487; &#2437;&#2476;&#2468;&#2494;&#2480; &#2453;&#2482;&#2509;&#2453;&#2495; &#2470;&#2503;&#2476;&#2503;&#2480; &#2438;&#2455;&#2478;&#2472; &#2476;&#2494;&#2480;&#2509;&#2468;&#2494; &#2474;&#2509;&#2480;&#2458;&#2494;&#2480;&#2495;&#2468; &#2489;&#2479;&#2492;&#2404; &#2488;&#2509;&#2476;&#2494;&#2478;&#2496; &#2460;&#2455;&#2470;&#2496;&#2486;&#2509;&#2476;&#2480;&#2494;&#2472;&#2472;&#2509;&#2470; &#2478;&#2489;&#2494;&#2480;&#2494;&#2460; &#2470;&#2509;&#2476;&#2494;&#2480;&#2494; &#2437;&#2472;&#2498;&#2470;&#2495;&#2468; &#2474;&#2509;&#2480;&#2494;&#2479;&#2492; &#2535;&#2534;&#2534;&#2454;&#2494;&#2472;&#2494; &#2471;&#2480;&#2509;&#2478;&#2455;&#2509;&#2480;&#2472;&#2509;&#2469;&#2503;&#2480; &#2476;&#2495;&#2474;&#2497;&#2482; &#2488;&#2478;&#2509;&#2477;&#2494;&#2480;&#2404; &#2447;&#2439; &#2455;&#2509;&#2480;&#2472;&#2509;&#2469; &#2470;&#2509;&#2476;&#2494;&#2480;&#2494; &#2471;&#2480;&#2509;&#2478;&#2474;&#2509;&#2480;&#2494;&#2467; &#2472;&#2480;&#2472;&#2494;&#2480;&#2496;&#2455;&#2467;&#2503;&#2480; &#2471;&#2480;&#2509;&#2478;&#2458;&#2503;&#2468;&#2472;&#2494;&#2460;&#2494;&#2455;&#2480;&#2467; &#2471;&#2480;&#2509;&#2478;&#2460;&#2509;&#2462;&#2494;&#2472;&#2453;&#2503; &#2474;&#2480;&#2495;&#2474;&#2497;&#2487;&#2509;&#2463; &#2453;&#2480;&#2494;&#2480; &#2453;&#2494;&#2460;&#2503; &#2488;&#2470;&#2494; &#2476;&#2509;&#2544;&#2468;&#2496; &#2447;&#2439; &#2474;&#2509;&#2480;&#2468;&#2495;&#2487;&#2509;&#2464;&#2494;&#2472;&#2404; &#2447;&#2454;&#2494;&#2472;&#2503; &#2470;&#2496;&#2453;&#2509;&#2487;&#2494;&#2480;&#2509;&#2469;&#2496;&#2455;&#2467;&#2503;&#2480; &#2474;&#2509;&#2480;&#2453;&#2499;&#2468;&#2495;&#2455;&#2468; &#2439;&#2487;&#2509;&#2463;&#2472;&#2495;&#2480;&#2509;&#2476;&#2494;&#2458;&#2472; &#2451; &#2478;&#2472;&#2509;&#2468;&#2509;&#2480;&#2479;&#2507;&#2455;&#2503; &#2488;&#2494;&#2471;&#2472; &#2437;&#2472;&#2497;&#2486;&#2496;&#2482;&#2472;&#2503;&#2480; &#2470;&#2509;&#2476;&#2494;&#2480;&#2494; &#2488;&#2494;&#2471;&#2472;&#2503; &#2441;&#2472;&#2509;&#2472;&#2468;&#2495;&#2480; &#2474;&#2469;&#2503; &#2447;&#2455;&#2495;&#2479;&#2492;&#2503; &#2472;&#2495;&#2479;&#2492;&#2503; &#2479;&#2494;&#2451;&#2479;&#2492;&#2494;&#2480; &#2488;&#2489;&#2494;&#2479;&#2492;&#2468;&#2494; &#2453;&#2480;&#2494; &#2489;&#2479;&#2492;&#2404; &#2447;&#2459;&#2494;&#2465;&#2492;&#2494; &#2488;&#2494;&#2480;&#2494; &#2476;&#2459;&#2480; &#2476;&#2509;&#2479;&#2494;&#2474;&#2496; &#2476;&#2503;&#2486; &#2453;&#2495;&#2459;&#2497; &#2441;&#2472;&#2509;&#2472;&#2479;&#2492;&#2472; &#2478;&#2498;&#2482;&#2453; &#2453;&#2480;&#2509;&#2478;&#2453;&#2494;&#2472;&#2509;&#2465;&#2503;&#2480; &#2488;&#2457;&#2509;&#2455;&#2503; &#2479;&#2497;&#2453;&#2509;&#2468;&#2404; &#2489;&#2495;&#2472;&#2509;&#2470;&#2497; &#2471;&#2480;&#2509;&#2478; &#2476;&#2495;&#2486;&#2509;&#2476;&#2494;&#2488;&#2496; &#2488;&#2494;&#2478;&#2494;&#2460;&#2495;&#2453; &#2451; &#2438;&#2471;&#2509;&#2479;&#2494;&#2468;&#2509;&#2478;&#2495;&#2453; &#2478;&#2495;&#2482;&#2472; &#2453;&#2509;&#2487;&#2503;&#2468;&#2509;&#2480;&#2503;&#2480; &#2438;&#2480; &#2447;&#2453; &#2472;&#2494;&#2478; &#2486;&#2509;&#2480;&#2496;&#2480;&#2494;&#2478;&#2453;&#2499;&#2487;&#2509;&#2467; &#2471;&#2480;&#2509;&#2478;&#2458;&#2453;&#2509;&#2480;&#2404;</span>\"
    \"<span class=sf-dump-key>parampara_text</span>\" => \"<span class=sf-dump-str title=\"681 characters\">&lt;p&gt;&lt;strong&gt;&quot; &#2451;&#2433; &#2472;&#2478;&#2507; &#2476;&#2509;&#2480;&#2489;&#2509;&#2478;&#2494;&#2470;&#2495;&#2477;&#2509;&#2479;&#2507; &#2476;&#2509;&#2480;&#2489;&#2509;&#2478;&#2476;&#2495;&#2470;&#2509;&#2479;&#2494; &#2488;&#2478;&#2509;&#2474;&#2509;&#2480;&#2470;&#2494;&#2479;&#2492; &#2453;&#2468;&#2499;&#2477;&#2509;&#2479;&#2507; &#2476;&#2434;&#2486;&#2443;&#2487;&#2495;&#2477;&#2509;&#2479;&#2507; &#2478;&#2489;&#2470;&#2509;&#2477;&#2509;&#2479;&#2507; &#2472;&#2478;&#2507; &#2455;&#2497;&#2480;&#2497;&#2477;&#2509;&#2479;&#2507;&#2435;&#2404; &quot;&lt;/strong&gt;&lt;br /&gt;&lt;em&gt;&#2476;&#2509;&#2480;&#2489;&#2509;&#2478;&#2476;&#2495;&#2470;&#2509;&#2479;&#2494; &#2488;&#2478;&#2509;&#2474;&#2509;&#2480;&#2470;&#2494;&#2479;&#2492;&#2503;&#2480; &#2438;&#2470;&#2495;&#2455;&#2497;&#2480;&#2497; &#2477;&#2455;&#2476;&#2494;&#2472; &#2472;&#2494;&#2480;&#2494;&#2479;&#2492;&#2467; &#2476;&#2509;&#2480;&#2489;&#2509;&#2478;&#2494;&#2460;&#2495;&#2453;&#2503; &#2488;&#2480;&#2509;&#2476; &#2474;&#2509;&#2480;&#2469;&#2478; &#2447;&#2439; &#2476;&#2509;&#2480;&#2489;&#2509;&#2478;&#2476;&#2495;&#2470;&#2509;&#2479;&#2494;&#2480; &#2441;&#2474;&#2470;&#2503;&#2486; &#2453;&#2480;&#2503;&#2459;&#2495;&#2482;&#2503;&#2472;&#2404; &#2488;&#2497;&#2468;&#2480;&#2494;&#2434; &#2468;&#2495;&#2472;&#2495; &#2447;&#2439; &#2476;&#2509;&#2480;&#2489;&#2509;&#2478;&#2476;&#2495;&#2470;&#2509;&#2479;&#2494; &#2488;&#2478;&#2509;&#2474;&#2509;&#2480;&#2470;&#2494;&#2479;&#2492;&#2503; &#2470;&#2509;&#2476;&#2495;&#2468;&#2496;&#2479;&#2492; &#2455;&#2497;&#2480;&#2497; &#2468;&#2494;&#2480;&#2474;&#2480; &#2476;&#2509;&#2480;&#2489;&#2509;&#2478;&#2494;&#2480; &#2535;&#2538; &#2460;&#2472; &#2478;&#2494;&#2472;&#2488;&#2474;&#2497;&#2468;&#2509;&#2480;&#2503;&#2480; &#2478;&#2471;&#2509;&#2479;&#2503; &#2476;&#2486;&#2495;&#2487;&#2509;&#2464;&#2494;&#2470;&#2495;&#2443;&#2487;&#2495;&#2455;&#2467; &#2438;&#2459;&#2503;&#2472;&#2404;&#160;&lt;/em&gt;&lt;br /&gt;&lt;strong&gt;&quot; &#2453;&#2499;&#2468;&#2503; &#2476;&#2495;&#2486;&#2509;&#2476;&#2455;&#2497;&#2480;&#2497;&#2476;&#2509;&#2480;&#2489;&#2509;&#2478;&#2494; &#2468;&#2509;&#2480;&#2503;&#2468;&#2494;&#2479;&#2492;&#2494; &#2443;&#2487;&#2495;&#2488;&#2468;&#2509;&#2468;&#2478;&#2435; (&#2476;&#2486;&#2495;&#2487;&#2509;&#2464;)&lt;/strong&gt;&lt;br /&gt;&lt;strong&gt;&#2470;&#2509;&#2476;&#2494;&#2474;&#2480;&#2503; &#2476;&#2509;&#2479;&#2494;&#2488;&#2447;&#2476;&#2488;&#2509;&#2479;&#2494;&#2453;&#2482;&#2494;&#2476;&#2468;&#2509;&#2480; &#2477;&#2476;&#2494;&#2478;&#2509;&#2479;&#2489;&#2478; &#2551;&#2551; &quot;&lt;/strong&gt;&lt;br /&gt;&lt;em&gt;&#2437;&#2480;&#2509;&#2469;&#2494;&#2510; &#2488;&#2468;&#2509;&#2479;&#2479;&#2497;&#2455;&#2503; &#2476;&#2509;&#2480;&#2489;&#2509;&#2478;&#2494; &#2459;&#2495;&#2482;&#2503;&#2472; &#2460;&#2455;&#2470;&#2455;&#2497;&#2480;&#2497; ; &#2468;&#2509;&#2480;&#2503;&#2468;&#2494;&#2468;&#2503; &#2443;&#2487;&#2495; &#2476;&#2486;&#2495;&#2487;&#2509;&#2464; ; &#2470;&#2509;&#2476;&#2494;&#2474;&#2480;&#2503; &#2453;&#2499;&#2487;&#2509;&#2467; &#2470;&#2509;&#2476;&#2504;&#2474;&#2494;&#2479;&#2492;&#2472;&#2503; &#2476;&#2509;&#2479;&#2494;&#2488; &#2447;&#2476;&#2434; &#2453;&#2482;&#2495;&#2468;&#2503; &#2438;&#2470;&#2495; &#2486;&#2457;&#2509;&#2453;&#2480;&#2494;&#2458;&#2494;&#2480;&#2509;&#2479;&#2509;&#2479; &#2460;&#2455;&#2470;&#2455;&#2497;&#2480;&#2497; &#2480;&#2497;&#2474;&#2503; &#2459;&#2495;&#2482;&#2503;&#2472;&#2404; &#2447;&#2439; &#2488;&#2472;&#2494;&#2468;&#2472; &#2474;&#2480;&#2478;&#2509;&#2474;&#2480;&#2494;&#2439; &#2438;&#2478;&#2494;&#2470;&#2503;&#2480; &#2455;&#2497;&#2480;&#2497; &#2474;&#2480;&#2478;&#2509;&#2474;&#2480;&#2494;&#2404;&#160;&lt;/em&gt;&lt;/p&gt;</span>\"
    \"<span class=sf-dump-key>description_english</span>\" => \"\"\"
      <span class=sf-dump-str title=\"1749 characters\">&lt;p&gt;Sri Ramakrishna Dharmachakra is a brilliant star in the spiritual heritage of India. This religious institution was established in the month of February in the year 1955 through the sincere efforts of Brahmalin Swami Jagadishwarananda Maharaj.&lt;br /&gt;After Swami Jagadishwarananda Maharaj&#8217;s passing, his disciple, Prabrajika Mahagouri Saraswati, took over as the head of the Institution and enhanced its reach further among disciples and devotees through her spiritual work and effective administration. After Prabrajika Mahagouri Saraswati his nominee and Gurubhai Swami Bisuddhananda Saraswatiji, has taken over as the principal monk ( Addhakshya )&#160; of the organization.&lt;br /&gt;The first Kalki Temple was established in Eastern India in the year 1955 at the Sri Ramakrishna Dharmachakra Ashram. It is said that Swami Jagadishwarananda Saraswati received spiritual guidance to create this temple from Sri Kalki Dev, the last incarnation of Lord Vishnu, and he spread the message and grace of the deity all over India.&lt;br /&gt;Swami Jagadishwarananda Maharaj was a great spiritual author and has over 100 books authored by him. It is through these books that spirituality is nurtured and disseminated to his devotees all over India. Here the practitioners and devotees are helped to move forward in their spiritual pursuits through meditation and mantras.&lt;br /&gt;In addition, several developmental activities are also taken up around the year, by the Ashram, to alleviate the problems of the Society and the environment, in addition to many religious festivals where all are invited irrespective of religion, caste or creed. The institution stands out as a true torchbearer of the Sanatan Dharma for the social and spiritual union of people.&lt;/p&gt;<span class=\"sf-dump-default sf-dump-ns\">\\r\\n</span></span>
      <span class=sf-dump-str title=\"1749 characters\">&lt;p&gt;&#160;&lt;/p&gt;</span>
      \"\"\"
    \"<span class=sf-dump-key>donate_description_english</span>\" => \"\"\"
      <span class=sf-dump-str title=\"1324 characters\">The founder of Sri Ramakrishna Dharmachakra, Brahmalin Swami JagadishwaraNanda Maharaj was an all-powerful monk. He established this organization with the financial support of a very few kind devotees. Following the principles and ideology of the Guru Maharaj, the monks of this ashram do not conduct any rituals in exchange of money. It was strictly against the principles of Guru Maharaj to conduct any ritual specifically for gains and the essence of the teachings to all has been to lead a simple and honest life which would lead to mental resilience and faith, so as to be able to overcome hurdles and hardships in life. <span class=\"sf-dump-default sf-dump-ns\">\\r\\n</span></span>
      <span class=sf-dump-str title=\"1324 characters\">&lt;/br&gt;<span class=\"sf-dump-default sf-dump-ns\">\\r\\n</span></span>
      <span class=sf-dump-str title=\"1324 characters\"><span class=\"sf-dump-default sf-dump-ns\">\\r\\n</span></span>
      <span class=sf-dump-str title=\"1324 characters\">However the operations of the Ashram needs finances to be able to conduct the daily Pujas and also for the livelihood of the monks. Many of the devotees have been donating towards this cause. The publishing and book selling feeds each other since most of the books being sold are very inexpensive so as to cover costs only and is the major route of spiritual preaching for the Ashram.<span class=\"sf-dump-default sf-dump-ns\">\\r\\n</span></span>
      <span class=sf-dump-str title=\"1324 characters\">&lt;/br&gt;<span class=\"sf-dump-default sf-dump-ns\">\\r\\n</span></span>
      <span class=sf-dump-str title=\"1324 characters\">Therefore, it&#039;s a request to all to donate freely and voluntarily, to promote this institution and the cause of the monastery. <span class=\"sf-dump-default sf-dump-ns\">\\r\\n</span></span>
      <span class=sf-dump-str title=\"1324 characters\">You can make payments to the following account :  &lt;/br&gt;<span class=\"sf-dump-default sf-dump-ns\">\\r\\n</span></span>
      <span class=sf-dump-str title=\"1324 characters\">&lt;b&gt;Sri Ramkrishna Dharma Chakra&lt;/b&gt;&lt;/br&gt;<span class=\"sf-dump-default sf-dump-ns\">\\r\\n</span></span>
      <span class=sf-dump-str title=\"1324 characters\">&lt;b&gt;SBI A/C - 11310916735 &lt;/b&gt;&lt;/br&gt;<span class=\"sf-dump-default sf-dump-ns\">\\r\\n</span></span>
      <span class=sf-dump-str title=\"1324 characters\">&lt;b&gt;SBIN0004640 (IFSC)&lt;/b&gt;&lt;/br&gt;</span>
      \"\"\"
    \"<span class=sf-dump-key>welcome_heading_english</span>\" => \"<span class=sf-dump-str title=\"36 characters\">Welcome Sri Ramakrishna DharmaChakra</span>\"
    \"<span class=sf-dump-key>welcome_description_english</span>\" => \"\"\"
      <span class=sf-dump-str title=\"2446 characters\">&lt;strong&gt;211A, Girish Ghosh Road&#160;&lt;/strong&gt;&lt;strong&gt;Po: Belurmath, Howrah, Pin-711202 Phone-9830043596&lt;br /&gt;&lt;/strong&gt;&lt;br /&gt;Sri Ramakrishna Dharmachakra is a brilliant star in the spiritual heritage of India. This religious institution was established in the month of February in the year 1955 through the sincere efforts of Brahmalin Swami Jagadishwarananda Maharaj.&lt;br /&gt;&lt;br /&gt;After Swami Jagadishwarananda Maharaj&#8217;s passing, his disciple, Prabrajika Mahagouri Saraswati, took over as the head of the Institution and enhanced its reach further among disciples and devotees through her spiritual work and effective administration. After Prabrajika Mahagouri Saraswati his nominee and Gurubhai Swami, Bisuddhananda Saraswatiji, has taken over as the principal monk ( Addhakshya ) of the organization.&lt;br /&gt;&lt;br /&gt;The first Kalki Temple was established in the Eastern India in the year 1955 at the Sri Ramakrishna Dharmachakra Ashram. It is said that Swami Jagadishwarananda Saraswati received spiritual guidance, to create this temple, from Sri Kalki Dev, the last incarnation of Lord Vishnu, himself and spread the message and grace of the deity all over India. &lt;br /&gt;&lt;br /&gt;Swami Jagadishwarananda Maharaj was a great spiritual author and has over 100 books authored by him. It is through these books that spirituality is nurtured and disseminated to his devotees all over India. Here the practitioners and devotees are helped to move forward in their spiritual pursuits through meditation and mantras. &lt;br /&gt;&lt;br /&gt;In addition, several developmental activities are also taken up around the year, by the Ashram, to alleviate the problems of the Society and the environment, in addition to many religious festivals where all are invited irrespective of religion, caste or creed. The institution stands out as a true torchbearer of the Sanatan Dharma for the social and spiritual union of people.&lt;br /&gt;&lt;br /&gt;The ashram has two premises, one known as &#8220;Chetana Math&#8220; and the other as &#8220;Jyotidham&#8221;. Chetana Math is situated at the Main Ashram premise at Belur and Jyotidham is situated near Ankurhati Checkpost in Howrah. Both conduct their own social and spiritual activities.&lt;br /&gt;<span class=\"sf-dump-default sf-dump-ns\">\\r\\n</span></span>
      <span class=sf-dump-str title=\"2446 characters\">&lt;p&gt;The ashram has two premises, one known as &#8220;Chetana Math&#8220; and the other as &#8220;Jyotidham&#8221;. Chetana Math is situated at the Main Ashram premise at Belur and Jyotidham is situated near Ankurhati Checkpost in Howrah. Both conduct their own social and spiritual activities.&lt;/p&gt;</span>
      \"\"\"
    \"<span class=sf-dump-key>parampara_text_english</span>\" => \"<span class=sf-dump-str title=\"701 characters\">&lt;p&gt;&lt;strong&gt;&quot;O namobrahmadivyo brahmavidya sampada katribhyo vansho rishibhyo mahadhav namo gurubho&quot;&lt;/strong&gt;&lt;br /&gt;Lord Narayana first gave Brahmaji the knowledge of Brahmavidya, So Narayana is the founder of the Brahmavidya sect, Brahmaji is the second Guru in this Brahmavidya sect and among his 14 Manas-putras of there was Vasishtya.&lt;br /&gt;&lt;strong&gt;&quot;Kritya GuruBrahma Tretaya Rishisattam (Vasishtha) Dvapare vyasaabsaaklavatra bhamyaham &quot;&lt;/strong&gt;&lt;br /&gt;That is, Brahma was the Jagadguru in the Satya Yuga; Sage Vasishta in Treta Juga; In the Dapar Juga it was Krishna , Vyasa in Dvaipaya and Adi Shankaracharya the Jagadguru in this Kali Juga. This tradition and succession is our guru parampara.&lt;/p&gt;</span>\"
    \"<span class=sf-dump-key>footer_text_english</span>\" => \"<span class=sf-dump-str title=\"535 characters\">Narayanang Padmavabang Vasishtha Saktincha Tatputra Parasrancha Vyasong Shukang Gaur Padang Mahantang Govinda Yogidramathasaya Sishyam Sri Shankaracharya Mathasaya Padmapadancha Hastamalkong Ch Sishyam. &lt;br /&gt;Tandrotakang Bartikkarmanyan Asmad Guru Santat Matohsmi.&lt;br /&gt;Sruti Smritipurananamalayang Karunalayong.&lt;br /&gt;Namami Bhagwatpadang Shankarang Lokshankaram.&lt;br /&gt;Sutrabhasyakritau vande bhagavantau puna&#7717; puna&#7717; ishvaro gururatmeti murttiveda&#160;bibhagine vyomavat vapta dehay daksinamaurtaye namah.&lt;br /&gt;Iti Guruparampara Strotram.</span>\"
    \"<span class=sf-dump-key>created_at</span>\" => <span class=sf-dump-const>null</span>
    \"<span class=sf-dump-key>updated_at</span>\" => \"<span class=sf-dump-str title=\"19 characters\">2023-08-08 19:33:55</span>\"
    \"<span class=sf-dump-key>footer_text</span>\" => \"<span class=sf-dump-str title=\"466 characters\">&lt;p&gt;&#2472;&#2494;&#2480;&#2494;&#2527;&#2467;&#2434; &#2474;&#2470;&#2509;&#2478;&#2477;&#2476;&#2434; &#2476;&#2486;&#2495;&#2487;&#2509;&#2464; &#2486;&#2453;&#2509;&#2468;&#2495;&#2462;&#2509;&#2458; &#2468;&#2510;&#2474;&#2497;&#2468;&#2509;&#2480; &#2474;&#2480;&#2494;&#2486;&#2480;&#2462;&#2509;&#2458; &#2476;&#2509;&#2479;&#2494;&#2488;&#2434; &#2486;&#2497;&#2453;&#2434; &#2455;&#2508;&#2480; &#2474;&#2494;&#2470;&#2434; &#2478;&#2489;&#2494;&#2472;&#2509;&#2468;&#2434; &#2455;&#2507;&#2476;&#2495;&#2472;&#2509;&#2470; &#2479;&#2507;&#2455;&#2495;&#2470;&#2509;&#2480;&#2478;&#2469;&#2494;&#2488;&#2509;&#2479; &#2486;&#2495;&#2487;&#2509;&#2479;&#2478;&#2509; &#2486;&#2509;&#2480;&#2496; &#2486;&#2457;&#2509;&#2453;&#2480;&#2494;&#2458;&#2494;&#2480;&#2509;&#2479;&#2509;&#2479; &#2478;&#2469;&#2494;&#2488;&#2509;&#2479; &#2474;&#2470;&#2509;&#2478;&#2474;&#2494;&#2470;&#2462;&#2509;&#2458; &#2489;&#2488;&#2509;&#2468;&#2494;&#2478;&#2482;&#2453;&#2434; &#2458; &#2486;&#2495;&#2487;&#2509;&#2479;&#2478;&#2509;&#2404;&lt;br /&gt;&#2468;&#2472;&#2509;&#2470;&#2509;&#2480;&#2507;&#2463;&#2453;&#2434; &#2476;&#2494;&#2480;&#2509;&#2468;&#2495;&#2453;&#2453;&#2494;&#2480;&#2478;&#2472;&#2509;&#2479;&#2494;&#2472; &#2437;&#2488;&#2509;&#2478;&#2470; &#2455;&#2497;&#2480;&#2497;&#2472; &#2488;&#2472;&#2509;&#2468;&#2468; &#2478;&#2494;&#2468;&#2507;&#2489;&#2488;&#2509;&#2478;&#2495;&#2404;&#2486;&#2509;&#2480;&#2497;&#2468;&#2495; &#2488;&#2509;&#2478;&#2499;&#2468;&#2495;&#2474;&#2497;&#2480;&#2494;&#2467;&#2494;&#2472;&#2494;&#2478;&#2494;&#2482;&#2527;&#2434; &#2453;&#2480;&#2497;&#2467;&#2494;&#2482;&#2527;&#2434;&#2404;&#2472;&#2478;&#2494;&#2478;&#2495; &#2477;&#2455;&#2476;&#2510;&#2474;&#2494;&#2470;&#2434; &#2486;&#2457;&#2509;&#2453;&#2480;&#2434; &#2482;&#2507;&#2453;&#2486;&#2457;&#2509;&#2453;&#2480;&#2478;&#2509;&#2404;&lt;br /&gt;&#2488;&#2498;&#2468;&#2509;&#2480;&#2477;&#2494;&#2488;&#2509;&#2479;&#2453;&#2499;&#2468;&#2508; &#2476;&#2472;&#2509;&#2470;&#2503; &#2477;&#2455;&#2476;&#2472;&#2509;&#2468;&#2508; &#2474;&#2497;&#2472;&#2435; &#2474;&#2497;&#2472;&#2435; &#2440;&#2486;&#2509;&#2476;&#2480;&#2507; &#2455;&#2497;&#2480;&#2497;&#2480;&#2494;&#2468;&#2509;&#2478;&#2503;&#2468;&#2495; &#2478;&#2498;&#2480;&#2509;&#2468;&#2509;&#2468;&#2495;&#2477;&#2503;&#2470;&#2494; &#2476;&#2495;&#2477;&#2494;&#2455;&#2495;&#2472;&#2503; &#2476;&#2509;&#2479;&#2507;&#2478;&#2476;&#2510; &#2476;&#2509;&#2479;&#2494;&#2474;&#2509;&#2468; &#2470;&#2503;&#2489;&#2494;&#2527; &#2470;&#2453;&#2509;&#2487;&#2495;&#2467;&#2494;&#2478;&#2498;&#2480;&#2509;&#2468;&#2527;&#2503; &#2472;&#2478;&#2435;&#2404; &lt;br /&gt;&#2439;&#2468;&#2495; &#2455;&#2497;&#2480;&#2497;&#2474;&#2480;&#2478;&#2509;&#2474;&#2480;&#2494; &#2488;&#2509;&#2468;&#2509;&#2480;&#2507;&#2468;&#2509;&#2480;&#2478;&#2509;&#2404;&lt;/p&gt;</span>\"
    \"<span class=sf-dump-key>facebook_link</span>\" => \"<span class=sf-dump-str title=\"25 characters\">https://www.facebook.com/</span>\"
    \"<span class=sf-dump-key>youtube_link</span>\" => \"<span class=sf-dump-str title=\"24 characters\">https://www.youtube.com/</span>\"
    \"<span class=sf-dump-key>twitter_link</span>\" => <span class=sf-dump-const>null</span>
    \"<span class=sf-dump-key>address</span>\" => \"<span class=sf-dump-str title=\"113 characters\">&lt;strong&gt;&#2486;&#2509;&#2480;&#2496; &#2480;&#2494;&#2478;&#2453;&#2499;&#2487;&#2509;&#2467; &#2471;&#2480;&#2509;&#2478; &#2458;&#2453;&#2509;&#2480;&lt;/strong&gt;&lt;br /&gt;&#2536;&#2535;&#2535; &#2447;, &#2455;&#2495;&#2480;&#2495;&#2486; &#2456;&#2507;&#2487; &#2480;&#2507;&#2465;, &#2476;&#2503;&#2482;&#2497;&#2524;&lt;br /&gt;&#2474;&#2495;&#2451;- &#2476;&#2503;&#2482;&#2497;&#2524;&#2478;&#2464;,&lt;br /&gt;&#2489;&#2494;&#2451;&#2465;&#2492;&#2494; -&#2541;&#2535;&#2535;&#2535;&#2536;0&#2536;</span>\"
    \"<span class=sf-dump-key>address_english</span>\" => \"<span class=sf-dump-str title=\"109 characters\">Sri Ramakrishna Dharmachakra&lt;br /&gt;211 A, Girish Ghosh Road,&lt;br /&gt;Belur, P.O.- Belurmath,&lt;br /&gt;Howrah -7111202</span>\"
    \"<span class=sf-dump-key>email</span>\" => \"<span class=sf-dump-str title=\"32 characters\">ramkrishnadharmachakra@gmail.com</span>\"
    \"<span class=sf-dump-key>phone_one</span>\" => \"<span class=sf-dump-str title=\"13 characters\">+913326548075</span>\"
    \"<span class=sf-dump-key>phone_two</span>\" => \"<span class=sf-dump-str title=\"13 characters\">+919830043596</span>\"
    \"<span class=sf-dump-key>phone_three</span>\" => \"<span class=sf-dump-str title=\"13 characters\">+919804473647</span>\"
    \"<span class=sf-dump-key>phone_one_bengali</span>\" => \"<span class=sf-dump-str title=\"13 characters\">+&#2543;&#2535;&#2537;&#2537;&#2536;&#2540;&#2539;&#2538;&#2542;0&#2541;&#2539;</span>\"
    \"<span class=sf-dump-key>phone_two_bengali</span>\" => \"<span class=sf-dump-str title=\"13 characters\">+&#2543;&#2535;&#2543;&#2542;&#2537;00&#2538;&#2537;&#2539;&#2543;&#2540;</span>\"
    \"<span class=sf-dump-key>phone_three_bengali</span>\" => \"<span class=sf-dump-str title=\"14 characters\">+&#2543;&#2535;&#2543;&#2542;0&#2538;&#2538;&#2541;&#2537;&#2540;&#2538;&#2541;,</span>\"
    \"<span class=sf-dump-key>instagram_link</span>\" => <span class=sf-dump-const>null</span>
  </samp>]
  #<span class=sf-dump-protected title=\"Protected property\">original</span>: <span class=sf-dump-note>array:30</span> [<samp data-depth=2 class=sf-dump-compact>
    \"<span class=sf-dump-key>id</span>\" => <span class=sf-dump-num>1</span>
    \"<span class=sf-dump-key>image</span>\" => \"<span class=sf-dump-str title=\"19 characters\">1685509782-1603.jpg</span>\"
    \"<span class=sf-dump-key>description</span>\" => \"<span class=sf-dump-str title=\"1178 characters\">&#2486;&#2509;&#2480;&#2496;&#2480;&#2494;&#2478;&#2453;&#2499;&#2487;&#2509;&#2467; &#2471;&#2480;&#2509;&#2478;&#2458;&#2453;&#2509;&#2480; &#2477;&#2494;&#2480;&#2468;&#2476;&#2480;&#2509;&#2487;&#2503;&#2480; &#2438;&#2471;&#2509;&#2479;&#2494;&#2468;&#2509;&#2478;&#2495;&#2453; &#2438;&#2453;&#2494;&#2486;&#2503; &#2447;&#2453; &#2441;&#2460;&#2509;&#2460;&#2509;&#2476;&#2482; &#2472;&#2453;&#2509;&#2487;&#2468;&#2509;&#2480;&#2404; &#2447;&#2439; &#2471;&#2480;&#2509;&#2478; &#2474;&#2509;&#2480;&#2468;&#2495;&#2487;&#2509;&#2464;&#2494;&#2472; &#2476;&#2509;&#2480;&#2489;&#2509;&#2478;&#2482;&#2496;&#2472; &#2488;&#2509;&#2476;&#2494;&#2478;&#2496; &#2460;&#2455;&#2470;&#2496;&#2486;&#2509;&#2476;&#2480;&#2494;&#2472;&#2472;&#2509;&#2470; &#2478;&#2489;&#2494;&#2480;&#2494;&#2460;&#2503;&#2480; &#2448;&#2453;&#2494;&#2472;&#2509;&#2468;&#2495;&#2453; &#2474;&#2509;&#2480;&#2458;&#2503;&#2487;&#2509;&#2463;&#2494;&#2479;&#2492; &#2535;&#2543;&#2539;&#2539; &#2454;&#2499;&#2487;&#2509;&#2463;&#2494;&#2476;&#2509;&#2470;(&#2535;&#2537;&#2540;&#2536; &#2488;&#2494;&#2482;&#2503;&#2480;) &#2475;&#2494;&#2482;&#2509;&#2455;&#2497;&#2472; &#2478;&#2494;&#2488;&#2503; &#2474;&#2509;&#2480;&#2468;&#2495;&#2487;&#2509;&#2464;&#2494; &#2489;&#2479;&#2492;&#2404;&lt;br /&gt;&#2488;&#2509;&#2476;&#2494;&#2478;&#2496; &#2460;&#2455;&#2470;&#2496;&#2486;&#2509;&#2476;&#2480;&#2494;&#2472;&#2472;&#2509;&#2470; &#2478;&#2489;&#2494;&#2480;&#2494;&#2460;&#2503;&#2480; &#2478;&#2489;&#2494;&#2474;&#2509;&#2480;&#2479;&#2492;&#2494;&#2467;&#2503;&#2480; &#2474;&#2480; &#2468;&#2494;&#2433;&#2480; &#2488;&#2497;&#2479;&#2507;&#2455;&#2509;&#2479;&#2494; &#2486;&#2495;&#2487;&#2509;&#2479;&#2494; &#2474;&#2509;&#2480;&#2476;&#2509;&#2480;&#2494;&#2460;&#2495;&#2453;&#2494; &#2478;&#2489;&#2494;&#2455;&#2508;&#2480;&#2496; &#2488;&#2480;&#2488;&#2509;&#2476;&#2468;&#2496; &#2470;&#2453;&#2509;&#2487; &#2489;&#2494;&#2468;&#2503; &#2447;&#2439; &#2474;&#2509;&#2480;&#2468;&#2495;&#2487;&#2509;&#2464;&#2494;&#2472;&#2503;&#2480; &#2488;&#2478;&#2488;&#2509;&#2468; &#2455;&#2497;&#2480;&#2497;&#2477;&#2494;&#2480; &#2476;&#2489;&#2472; &#2453;&#2480;&#2503;&#2472;&#2404; &#2474;&#2509;&#2480;&#2476;&#2509;&#2480;&#2494;&#2460;&#2495;&#2453;&#2494; &#2478;&#2489;&#2494;&#2455;&#2508;&#2480;&#2496; &#2488;&#2480;&#2488;&#2509;&#2476;&#2468;&#2496;&#2480; &#2478;&#2489;&#2494;&#2474;&#2509;&#2480;&#2479;&#2492;&#2494;&#2467;&#2503;&#2480; &#2474;&#2480; &#2468;&#2494;&#2433;&#2480; &#2478;&#2472;&#2507;&#2472;&#2496;&#2468; &#2455;&#2497;&#2480;&#2497;&#2477;&#2494;&#2439; &#2488;&#2509;&#2476;&#2494;&#2478;&#2496; &#2476;&#2495;&#2486;&#2497;&#2470;&#2509;&#2471;&#2494;&#2472;&#2472;&#2509;&#2470; &#2488;&#2480;&#2488;&#2509;&#2476;&#2468;&#2496;&#2460;&#2496; &#2478;&#2489;&#2494;&#2480;&#2494;&#2460; &#2474;&#2509;&#2480;&#2468;&#2495;&#2487;&#2509;&#2464;&#2494;&#2472;&#2503;&#2480; &#2438;&#2458;&#2494;&#2480;&#2509;&#2479;&#2509;&#2479; &#2480;&#2498;&#2474;&#2503; &#2455;&#2497;&#2480;&#2497; &#2477;&#2494;&#2480; &#2455;&#2509;&#2480;&#2489;&#2467; &#2453;&#2480;&#2503;&#2472;&#2404; &lt;br /&gt;&lt;br /&gt;&#2486;&#2509;&#2480;&#2496;&#2480;&#2494;&#2478;&#2453;&#2499;&#2487;&#2509;&#2467; &#2471;&#2480;&#2509;&#2478;&#2458;&#2453;&#2509;&#2480; &#2438;&#2486;&#2509;&#2480;&#2478;&#2503; &#2535;&#2543;&#2540;&#2535; &#2454;&#2499;&#2487;&#2509;&#2463;&#2494;&#2476;&#2509;&#2470;&#2503; &#2474;&#2498;&#2480;&#2509;&#2476;&#2477;&#2494;&#2480;&#2468;&#2503; &#2474;&#2509;&#2480;&#2469;&#2478; &#2453;&#2482;&#2509;&#2453;&#2495; &#2478;&#2472;&#2509;&#2470;&#2495;&#2480; &#2474;&#2509;&#2480;&#2468;&#2495;&#2487;&#2509;&#2464;&#2494; &#2489;&#2479;&#2492;&#2404; &#2470;&#2504;&#2476;&#2472;&#2495;&#2480;&#2509;&#2470;&#2503;&#2486;&#2503; &#2488;&#2480;&#2509;&#2476;&#2474;&#2509;&#2480;&#2469;&#2478; &#2477;&#2455;&#2476;&#2494;&#2472; &#2476;&#2495;&#2487;&#2509;&#2467;&#2497;&#2480; &#2486;&#2503;&#2487; &#2437;&#2476;&#2468;&#2494;&#2480; &#2453;&#2482;&#2509;&#2453;&#2495; &#2470;&#2503;&#2476;&#2503;&#2480; &#2438;&#2455;&#2478;&#2472; &#2476;&#2494;&#2480;&#2509;&#2468;&#2494; &#2474;&#2509;&#2480;&#2458;&#2494;&#2480;&#2495;&#2468; &#2489;&#2479;&#2492;&#2404; &#2488;&#2509;&#2476;&#2494;&#2478;&#2496; &#2460;&#2455;&#2470;&#2496;&#2486;&#2509;&#2476;&#2480;&#2494;&#2472;&#2472;&#2509;&#2470; &#2478;&#2489;&#2494;&#2480;&#2494;&#2460; &#2470;&#2509;&#2476;&#2494;&#2480;&#2494; &#2437;&#2472;&#2498;&#2470;&#2495;&#2468; &#2474;&#2509;&#2480;&#2494;&#2479;&#2492; &#2535;&#2534;&#2534;&#2454;&#2494;&#2472;&#2494; &#2471;&#2480;&#2509;&#2478;&#2455;&#2509;&#2480;&#2472;&#2509;&#2469;&#2503;&#2480; &#2476;&#2495;&#2474;&#2497;&#2482; &#2488;&#2478;&#2509;&#2477;&#2494;&#2480;&#2404; &#2447;&#2439; &#2455;&#2509;&#2480;&#2472;&#2509;&#2469; &#2470;&#2509;&#2476;&#2494;&#2480;&#2494; &#2471;&#2480;&#2509;&#2478;&#2474;&#2509;&#2480;&#2494;&#2467; &#2472;&#2480;&#2472;&#2494;&#2480;&#2496;&#2455;&#2467;&#2503;&#2480; &#2471;&#2480;&#2509;&#2478;&#2458;&#2503;&#2468;&#2472;&#2494;&#2460;&#2494;&#2455;&#2480;&#2467; &#2471;&#2480;&#2509;&#2478;&#2460;&#2509;&#2462;&#2494;&#2472;&#2453;&#2503; &#2474;&#2480;&#2495;&#2474;&#2497;&#2487;&#2509;&#2463; &#2453;&#2480;&#2494;&#2480; &#2453;&#2494;&#2460;&#2503; &#2488;&#2470;&#2494; &#2476;&#2509;&#2544;&#2468;&#2496; &#2447;&#2439; &#2474;&#2509;&#2480;&#2468;&#2495;&#2487;&#2509;&#2464;&#2494;&#2472;&#2404; &#2447;&#2454;&#2494;&#2472;&#2503; &#2470;&#2496;&#2453;&#2509;&#2487;&#2494;&#2480;&#2509;&#2469;&#2496;&#2455;&#2467;&#2503;&#2480; &#2474;&#2509;&#2480;&#2453;&#2499;&#2468;&#2495;&#2455;&#2468; &#2439;&#2487;&#2509;&#2463;&#2472;&#2495;&#2480;&#2509;&#2476;&#2494;&#2458;&#2472; &#2451; &#2478;&#2472;&#2509;&#2468;&#2509;&#2480;&#2479;&#2507;&#2455;&#2503; &#2488;&#2494;&#2471;&#2472; &#2437;&#2472;&#2497;&#2486;&#2496;&#2482;&#2472;&#2503;&#2480; &#2470;&#2509;&#2476;&#2494;&#2480;&#2494; &#2488;&#2494;&#2471;&#2472;&#2503; &#2441;&#2472;&#2509;&#2472;&#2468;&#2495;&#2480; &#2474;&#2469;&#2503; &#2447;&#2455;&#2495;&#2479;&#2492;&#2503; &#2472;&#2495;&#2479;&#2492;&#2503; &#2479;&#2494;&#2451;&#2479;&#2492;&#2494;&#2480; &#2488;&#2489;&#2494;&#2479;&#2492;&#2468;&#2494; &#2453;&#2480;&#2494; &#2489;&#2479;&#2492;&#2404; &#2447;&#2459;&#2494;&#2465;&#2492;&#2494; &#2488;&#2494;&#2480;&#2494; &#2476;&#2459;&#2480; &#2476;&#2509;&#2479;&#2494;&#2474;&#2496; &#2476;&#2503;&#2486; &#2453;&#2495;&#2459;&#2497; &#2441;&#2472;&#2509;&#2472;&#2479;&#2492;&#2472; &#2478;&#2498;&#2482;&#2453; &#2453;&#2480;&#2509;&#2478;&#2453;&#2494;&#2472;&#2509;&#2465;&#2503;&#2480; &#2488;&#2457;&#2509;&#2455;&#2503; &#2479;&#2497;&#2453;&#2509;&#2468;&#2404; &#2489;&#2495;&#2472;&#2509;&#2470;&#2497; &#2471;&#2480;&#2509;&#2478; &#2476;&#2495;&#2486;&#2509;&#2476;&#2494;&#2488;&#2496; &#2488;&#2494;&#2478;&#2494;&#2460;&#2495;&#2453; &#2451; &#2438;&#2471;&#2509;&#2479;&#2494;&#2468;&#2509;&#2478;&#2495;&#2453; &#2478;&#2495;&#2482;&#2472; &#2453;&#2509;&#2487;&#2503;&#2468;&#2509;&#2480;&#2503;&#2480; &#2438;&#2480; &#2447;&#2453; &#2472;&#2494;&#2478; &#2486;&#2509;&#2480;&#2496;&#2480;&#2494;&#2478;&#2453;&#2499;&#2487;&#2509;&#2467; &#2471;&#2480;&#2509;&#2478;&#2458;&#2453;&#2509;&#2480;&#2404;</span>\"
    \"<span class=sf-dump-key>donate_description</span>\" => \"\"\"
      <span class=sf-dump-str title=\"1430 characters\">&#2486;&#2509;&#2480;&#2496;&#2480;&#2494;&#2478;&#2453;&#2499;&#2487;&#2509;&#2467; &#2471;&#2480;&#2509;&#2478;&#2458;&#2453;&#2509;&#2480;&#2503;&#2480; &#2474;&#2509;&#2480;&#2468;&#2495;&#2487;&#2509;&#2464;&#2494;&#2468;&#2494; &#2476;&#2509;&#2480;&#2489;&#2509;&#2478;&#2482;&#2496;&#2472; &#2488;&#2509;&#2476;&#2494;&#2478;&#2496; &#2460;&#2455;&#2470;&#2496;&#2486;&#2509;&#2476;&#2480;&#2494;&#2472;&#2472;&#2509;&#2470; &#2478;&#2489;&#2494;&#2480;&#2494;&#2460; &#2459;&#2495;&#2482;&#2503;&#2472; &#2447;&#2453;&#2460;&#2472; &#2488;&#2480;&#2509;&#2476;&#2468;&#2509;&#2479;&#2494;&#2455;&#2496; &#2488;&#2472;&#2509;&#2472;&#2509;&#2479;&#2494;&#2488;&#2496;&#2404; &#2489;&#2495;&#2472;&#2509;&#2470;&#2497;&#2471;&#2480;&#2509;&#2478;&#2503;&#2480; &#2476;&#2509;&#2479;&#2453;&#2509;&#2468;&#2495;, &#2476;&#2504;&#2470;&#2495;&#2453; &#2488;&#2494;&#2471;&#2472; &#2451; &#2438;&#2458;&#2494;&#2480;&#2476;&#2495;&#2471;&#2495; &#2451; &#2486;&#2509;&#2480;&#2496;&#2480;&#2494;&#2478;&#2453;&#2499;&#2487;&#2509;&#2467; &#2474;&#2480;&#2478;&#2489;&#2434;&#2488;&#2503;&#2480; &#2474;&#2480;&#2478;&#2509;&#2474;&#2480;&#2494; &#2451; &#2471;&#2480;&#2509;&#2478;&#2494;&#2458;&#2494;&#2480;&#2467;&#2503;&#2480; &#2474;&#2509;&#2480;&#2488;&#2494;&#2480; &#2456;&#2463;&#2494;&#2472;&#2507;&#2480; &#2460;&#2472;&#2509;&#2479; &#2453;&#2495;&#2459;&#2497; &#2488;&#2489;&#2499;&#2470;&#2479;&#2492; &#2477;&#2453;&#2509;&#2468;&#2503;&#2480; &#2438;&#2480;&#2509;&#2469;&#2495;&#2453; &#2488;&#2494;&#2489;&#2494;&#2479;&#2509;&#2479;, &#2453;&#2494;&#2479;&#2492;&#2495;&#2453; &#2486;&#2509;&#2480;&#2478; &#2451; &#2437;&#2472;&#2497;&#2474;&#2509;&#2480;&#2503;&#2480;&#2467;&#2494;&#2479;&#2492; &#2437;&#2468;&#2495; &#2453;&#2487;&#2509;&#2463;&#2503; &#2468;&#2495;&#2472;&#2495; &#2455;&#2465;&#2492;&#2503; &#2468;&#2497;&#2482;&#2503;&#2459;&#2495;&#2482;&#2503;&#2472; &#2447;&#2439; &#2474;&#2509;&#2480;&#2468;&#2495;&#2487;&#2509;&#2464;&#2494;&#2472;&#2404; &#2455;&#2497;&#2480;&#2497; &#2478;&#2489;&#2494;&#2480;&#2494;&#2460;&#2503;&#2480; &#2472;&#2496;&#2468;&#2495; &#2451; &#2477;&#2494;&#2476;&#2471;&#2494;&#2480;&#2494; &#2437;&#2472;&#2497;&#2488;&#2480;&#2467; &#2453;&#2480;&#2503; &#2474;&#2480;&#2476;&#2480;&#2509;&#2468;&#2496;&#2453;&#2494;&#2482;&#2503; &#2468;&#2494;&#2433;&#2480; &#2470;&#2496;&#2453;&#2509;&#2487;&#2495;&#2468; &#2438;&#2486;&#2509;&#2480;&#2478;&#2476;&#2494;&#2488;&#2496; &#2488;&#2472;&#2509;&#2472;&#2509;&#2479;&#2494;&#2488;&#2496; &#2451; &#2488;&#2472;&#2509;&#2472;&#2509;&#2479;&#2494;&#2488;&#2495;&#2472;&#2496;&#2480;&#2494; &#2453;&#2464;&#2507;&#2480; &#2488;&#2472;&#2509;&#2472;&#2509;&#2479;&#2494;&#2488;&#2476;&#2509;&#2480;&#2468; &#2474;&#2494;&#2482;&#2472; &#2453;&#2480;&#2503; &#2458;&#2482;&#2503;&#2459;&#2503;&#2472;&#2404; &#2476;&#2489;&#2497; &#2468;&#2469;&#2494;&#2453;&#2469;&#2495;&#2468; &#2471;&#2480;&#2509;&#2478;&#2474;&#2509;&#2480;&#2468;&#2495;&#2487;&#2509;&#2464;&#2494;&#2472;&#2503;&#2480; &#2478;&#2468; &#2447;&#2454;&#2494;&#2472;&#2503; &#2471;&#2480;&#2509;&#2478;&#2503;&#2480; &#2476;&#2495;&#2472;&#2495;&#2478;&#2479;&#2492;&#2503; &#2437;&#2480;&#2509;&#2469; &#2441;&#2474;&#2494;&#2480;&#2509;&#2460;&#2472; &#2453;&#2480;&#2494; &#2489;&#2479;&#2492; &#2472;&#2494;&#2404; &#2447;&#2463;&#2495; &#2453;&#2464;&#2507;&#2480;&#2477;&#2494;&#2476;&#2503; &#2455;&#2497;&#2480;&#2497; &#2478;&#2489;&#2494;&#2480;&#2494;&#2460;&#2503;&#2480; &#2472;&#2496;&#2468;&#2495;&#2476;&#2495;&#2480;&#2497;&#2470;&#2509;&#2471; &#2459;&#2495;&#2482;&#2404; &#2453;&#2495;&#2472;&#2509;&#2468;&#2497; &#2476;&#2494;&#2488;&#2509;&#2468;&#2476; &#2447;&#2463;&#2494;&#2439; &#2479;&#2503; &#2476;&#2480;&#2509;&#2468;&#2478;&#2494;&#2472; &#2478;&#2498;&#2482;&#2509;&#2479;&#2476;&#2499;&#2470;&#2509;&#2471;&#2495; &#2451; &#2476;&#2509;&#2479;&#2494;&#2479;&#2492;&#2476;&#2494;&#2489;&#2497;&#2482;&#2509;&#2479;&#2503;&#2480; &#2453;&#2494;&#2480;&#2467;&#2503; &#2438;&#2486;&#2509;&#2480;&#2478;&#2476;&#2494;&#2488;&#2496;&#2470;&#2503;&#2480; &#2460;&#2496;&#2476;&#2472;&#2479;&#2494;&#2474;&#2472;, &#2474;&#2509;&#2480;&#2468;&#2495;&#2487;&#2509;&#2464;&#2495;&#2468; &#2488;&#2453;&#2482; &#2470;&#2503;&#2476;&#2470;&#2503;&#2476;&#2496;&#2470;&#2503;&#2480; &#2472;&#2495;&#2468;&#2509;&#2479;&#2488;&#2503;&#2476;&#2494; &#2451; &#2438;&#2486;&#2509;&#2480;&#2478; &#2480;&#2453;&#2509;&#2487;&#2467;&#2494;&#2476;&#2503;&#2453;&#2509;&#2487;&#2467;&#2503;&#2480; &#2460;&#2472;&#2509;&#2479; &#2472;&#2509;&#2479;&#2497;&#2472;&#2468;&#2478; &#2437;&#2480;&#2509;&#2469;&#2503;&#2480; &#2479;&#2503; &#2474;&#2509;&#2480;&#2479;&#2492;&#2507;&#2460;&#2472;&#2496;&#2479;&#2492;&#2468;&#2494; &#2438;&#2459;&#2503; &#2468;&#2494; &#2437;&#2472;&#2488;&#2509;&#2476;&#2496;&#2453;&#2494;&#2480;&#2509;&#2479;&#2404;<span class=\"sf-dump-default sf-dump-ns\">\\r\\n</span></span>
      <span class=sf-dump-str title=\"1430 characters\">&#2474;&#2497;&#2480;&#2494;&#2467;&#2494;&#2470;&#2495; &#2486;&#2494;&#2488;&#2509;&#2468;&#2509;&#2480;&#2503; &#2441;&#2482;&#2509;&#2482;&#2503;&#2454; &#2438;&#2459;&#2503; &#039;&#2470;&#2494;&#2472;&#039; &#2471;&#2480;&#2509;&#2478;&#2494;&#2458;&#2494;&#2480;&#2467;&#2503;&#2480; &#2447;&#2453;&#2463;&#2495; &#2437;&#2457;&#2509;&#2455;, &#2468;&#2494;&#2439; &#2486;&#2509;&#2480;&#2496;&#2480;&#2494;&#2478;&#2453;&#2499;&#2487;&#2509;&#2467; &#2471;&#2480;&#2509;&#2478;&#2458;&#2453;&#2509;&#2480;&#2503;&#2480; &#2478;&#2497;&#2487;&#2509;&#2463;&#2495;&#2478;&#2503;&#2479;&#2492; &#2453;&#2495;&#2459;&#2497; &#2470;&#2496;&#2453;&#2509;&#2487;&#2495;&#2468; &#2488;&#2472;&#2509;&#2468;&#2494;&#2472; &#2447;&#2476;&#2434; &#2437;&#2472;&#2509;&#2479;&#2494;&#2472;&#2509;&#2479; &#2471;&#2480;&#2509;&#2478;&#2474;&#2495;&#2474;&#2494;&#2488;&#2497; &#2477;&#2453;&#2509;&#2468;&#2455;&#2467;&#2503;&#2480; &#2441;&#2474;&#2480; &#2470;&#2494;&#2479;&#2492;&#2495;&#2468;&#2509;&#2476; &#2476;&#2480;&#2509;&#2468;&#2494;&#2479;&#2492; -- &#2472;&#2509;&#2479;&#2497;&#2472;&#2468;&#2478;, &#2488;&#2509;&#2476;&#2504;&#2458;&#2509;&#2459;&#2495;&#2453; &#2437;&#2480;&#2509;&#2469;&#2470;&#2494;&#2472;&#2503;&#2480; &#2478;&#2494;&#2471;&#2509;&#2479;&#2478;&#2503; &#2489;&#2495;&#2472;&#2509;&#2470;&#2497;&#2471;&#2480;&#2509;&#2478;&#2503;&#2480; &#2471;&#2509;&#2476;&#2460;&#2494;&#2471;&#2494;&#2480;&#2496; &#2447;&#2439; &#2474;&#2509;&#2480;&#2468;&#2495;&#2487;&#2509;&#2464;&#2494;&#2472;&#2503;&#2480; &#2437;&#2488;&#2509;&#2468;&#2495;&#2468;&#2509;&#2476; &#2480;&#2453;&#2509;&#2487;&#2494; &#2453;&#2480;&#2494;&#2480;&#2404; &#2468;&#2494;&#2439; &#2488;&#2453;&#2482;&#2503;&#2480; &#2453;&#2494;&#2459;&#2503; &#2437;&#2472;&#2497;&#2480;&#2507;&#2471; &#2447;&#2439; &#2479;&#2503;, &#2438;&#2474;&#2472;&#2494;&#2480;&#2494; &#2472;&#2495;&#2480;&#2509;&#2470;&#2509;&#2476;&#2495;&#2471;&#2494;&#2479;&#2492; &#2451; &#2488;&#2509;&#2476;&#2503;&#2458;&#2509;&#2459;&#2494;&#2479;&#2492; &#2438;&#2474;&#2472;&#2494;&#2470;&#2503;&#2480; &#2488;&#2494;&#2478;&#2480;&#2509;&#2469;&#2509;&#2479; &#2437;&#2472;&#2497;&#2479;&#2494;&#2479;&#2492;&#2496; &#2447;&#2439; &#2474;&#2509;&#2480;&#2468;&#2495;&#2487;&#2509;&#2464;&#2494;&#2472;&#2503;&#2480; &#2441;&#2472;&#2509;&#2472;&#2468;&#2495;&#2453;&#2482;&#2509;&#2474;&#2503; &#2451; &#2438;&#2486;&#2509;&#2480;&#2478;&#2476;&#2494;&#2488;&#2496;&#2470;&#2503;&#2480; &#2460;&#2496;&#2476;&#2472;&#2471;&#2494;&#2480;&#2467;&#2503;&#2480; &#2460;&#2472;&#2509;&#2479; &#2474;&#2509;&#2480;&#2479;&#2492;&#2507;&#2460;&#2472;&#2496;&#2479;&#2492; &#2438;&#2480;&#2509;&#2469;&#2495;&#2453; &#2437;&#2472;&#2497;&#2470;&#2494;&#2472; &#2453;&#2480;&#2497;&#2472;&#2404; &#2438;&#2474;&#2472;&#2494;&#2480;&#2494; Money Transfer &#2447;&#2480; &#2478;&#2494;&#2471;&#2509;&#2479;&#2478;&#2503; &#2472;&#2495;&#2478;&#2509;&#2472;&#2507;&#2453;&#2509;&#2468; &#2476;&#2495;&#2476;&#2480;&#2467; &#2437;&#2472;&#2497;&#2479;&#2494;&#2479;&#2492;&#2496; &#2437;&#2480;&#2509;&#2469;&#2470;&#2494;&#2472; &#2453;&#2480;&#2468;&#2503; &#2474;&#2494;&#2480;&#2503;&#2472;.&lt;/br&gt;<span class=\"sf-dump-default sf-dump-ns\">\\r\\n</span></span>
      <span class=sf-dump-str title=\"1430 characters\">&lt;b&gt;Sri Ramkrishna Dharma Chakra&lt;/b&gt;&lt;/br&gt;<span class=\"sf-dump-default sf-dump-ns\">\\r\\n</span></span>
      <span class=sf-dump-str title=\"1430 characters\">&lt;b&gt;SBI A/C - 11310916735 &lt;/b&gt;&lt;/br&gt;<span class=\"sf-dump-default sf-dump-ns\">\\r\\n</span></span>
      <span class=sf-dump-str title=\"1430 characters\">&lt;b&gt;SBIN0004640 (IFSC)&lt;/b&gt;&lt;/br&gt;</span>
      \"\"\"
    \"<span class=sf-dump-key>donate_image</span>\" => \"<span class=sf-dump-str title=\"19 characters\">1690794217-7773.png</span>\"
    \"<span class=sf-dump-key>welcome_heading</span>\" => \"<span class=sf-dump-str title=\"32 characters\">&#2488;&#2497;&#2488;&#2509;&#2476;&#2494;&#2455;&#2468;&#2478;&#2509; &#2486;&#2509;&#2480;&#2496;&#2480;&#2494;&#2478;&#2453;&#2499;&#2487;&#2509;&#2467; &#2471;&#2480;&#2509;&#2478;&#2458;&#2453;&#2509;&#2480;</span>\"
    \"<span class=sf-dump-key>welcome_description</span>\" => \"<span class=sf-dump-str title=\"1297 characters\">&lt;strong&gt;&#2536;&#2535;&#2535;&#2447;, &#2455;&#2495;&#2480;&#2495;&#2486; &#2456;&#2507;&#2487; &#2480;&#2507;&#2465;&#160;&lt;/strong&gt;&lt;strong&gt;&#2474;&#2507; : &#2476;&#2503;&#2482;&#2497;&#2465;&#2492;&#2478;&#2464;, &#2489;&#2494;&#2451;&#2465;&#2492;&#2494;, &#2474;&#2495;&#2472;-&#2541;&#2535;&#2535;&#2536;&#2534;&#2536; &#2475;&#2507;&#2472;-&#2543;&#2542;&#2537;&#2534;&#2534;&#2538;&#2537;&#2539;&#2543;&#2540;&lt;br /&gt;&lt;/strong&gt;&lt;br /&gt;&#2486;&#2509;&#2480;&#2496;&#2480;&#2494;&#2478;&#2453;&#2499;&#2487;&#2509;&#2467; &#2471;&#2480;&#2509;&#2478;&#2458;&#2453;&#2509;&#2480; &#2477;&#2494;&#2480;&#2468;&#2476;&#2480;&#2509;&#2487;&#2503;&#2480; &#2438;&#2471;&#2509;&#2479;&#2494;&#2468;&#2509;&#2478;&#2495;&#2453; &#2438;&#2453;&#2494;&#2486;&#2503; &#2447;&#2453; &#2441;&#2460;&#2509;&#2460;&#2509;&#2476;&#2482; &#2472;&#2453;&#2509;&#2487;&#2468;&#2509;&#2480;&#2404; &#2447;&#2439; &#2471;&#2480;&#2509;&#2478; &#2474;&#2509;&#2480;&#2468;&#2495;&#2487;&#2509;&#2464;&#2494;&#2472; &#2476;&#2509;&#2480;&#2489;&#2509;&#2478;&#2482;&#2496;&#2472; &#2488;&#2509;&#2476;&#2494;&#2478;&#2496; &#2460;&#2455;&#2470;&#2496;&#2486;&#2509;&#2476;&#2480;&#2494;&#2472;&#2472;&#2509;&#2470; &#2478;&#2489;&#2494;&#2480;&#2494;&#2460;&#2503;&#2480; &#2448;&#2453;&#2494;&#2472;&#2509;&#2468;&#2495;&#2453; &#2474;&#2509;&#2480;&#2458;&#2503;&#2487;&#2509;&#2463;&#2494;&#2479;&#2492; &#2535;&#2543;&#2539;&#2539; &#2454;&#2499;&#2487;&#2509;&#2463;&#2494;&#2476;&#2509;&#2470;(&#2535;&#2537;&#2540;&#2536; &#2488;&#2494;&#2482;&#2503;&#2480;) &#2475;&#2494;&#2482;&#2509;&#2455;&#2497;&#2472; &#2478;&#2494;&#2488;&#2503; &#2474;&#2509;&#2480;&#2468;&#2495;&#2487;&#2509;&#2464;&#2494; &#2489;&#2479;&#2492;&#2404;&lt;br /&gt;&lt;br /&gt;&#2488;&#2509;&#2476;&#2494;&#2478;&#2496; &#2460;&#2455;&#2470;&#2496;&#2486;&#2509;&#2476;&#2480;&#2494;&#2472;&#2472;&#2509;&#2470; &#2478;&#2489;&#2494;&#2480;&#2494;&#2460;&#2503;&#2480; &#2478;&#2489;&#2494;&#2474;&#2509;&#2480;&#2479;&#2492;&#2494;&#2467;&#2503;&#2480; &#2474;&#2480; &#2468;&#2494;&#2433;&#2480; &#2488;&#2497;&#2479;&#2507;&#2455;&#2509;&#2479;&#2494; &#2486;&#2495;&#2487;&#2509;&#2479;&#2494; &#2474;&#2509;&#2480;&#2476;&#2509;&#2480;&#2494;&#2460;&#2495;&#2453;&#2494; &#2478;&#2489;&#2494;&#2455;&#2508;&#2480;&#2496; &#2488;&#2480;&#2488;&#2509;&#2476;&#2468;&#2496; &#2470;&#2453;&#2509;&#2487; &#2489;&#2494;&#2468;&#2503; &#2447;&#2439; &#2474;&#2509;&#2480;&#2468;&#2495;&#2487;&#2509;&#2464;&#2494;&#2472;&#2503;&#2480; &#2488;&#2478;&#2488;&#2509;&#2468; &#2455;&#2497;&#2480;&#2497;&#2477;&#2494;&#2476; &#2476;&#2489;&#2472; &#2453;&#2480;&#2503;&#2472;&#2404; &#2474;&#2509;&#2480;&#2476;&#2509;&#2480;&#2494;&#2460;&#2495;&#2453;&#2494; &#2478;&#2489;&#2494;&#2455;&#2508;&#2480;&#2496; &#2488;&#2480;&#2488;&#2509;&#2476;&#2468;&#2496;&#2480; &#2478;&#2489;&#2494;&#2474;&#2509;&#2480;&#2479;&#2492;&#2494;&#2467;&#2503;&#2480; &#2474;&#2480; &#2468;&#2494;&#2433;&#2480; &#2478;&#2472;&#2507;&#2472;&#2496;&#2468; &#2455;&#2497;&#2480;&#2497;&#2477;&#2494;&#2439; &#2488;&#2509;&#2476;&#2494;&#2478;&#2496; &#2476;&#2495;&#2486;&#2497;&#2470;&#2509;&#2471;&#2494;&#2472;&#2472;&#2509;&#2470; &#2488;&#2480;&#2488;&#2509;&#2476;&#2468;&#2496;&#2460;&#2496; &#2478;&#2489;&#2494;&#2480;&#2494;&#2460; &#2474;&#2509;&#2480;&#2468;&#2495;&#2487;&#2509;&#2464;&#2494;&#2472;&#2503;&#2480; &#2438;&#2458;&#2494;&#2480;&#2509;&#2479;&#2509;&#2479; &#2480;&#2498;&#2474;&#2503; &#2455;&#2497;&#2480;&#2497; &#2477;&#2494;&#2480; &#2455;&#2509;&#2480;&#2489;&#2467; &#2453;&#2480;&#2503;&#2472;&#2404;&lt;br /&gt;&lt;br /&gt;&#2486;&#2509;&#2480;&#2496;&#2480;&#2494;&#2478;&#2453;&#2499;&#2487;&#2509;&#2467; &#2471;&#2480;&#2509;&#2478;&#2458;&#2453;&#2509;&#2480; &#2438;&#2486;&#2509;&#2480;&#2478;&#2503; &#2535;&#2543;&#2540;&#2535; &#2454;&#2499;&#2487;&#2509;&#2463;&#2494;&#2476;&#2509;&#2470;&#2503; &#2474;&#2498;&#2480;&#2509;&#2476;&#2477;&#2494;&#2480;&#2468;&#2503; &#2474;&#2509;&#2480;&#2469;&#2478; &#2453;&#2482;&#2509;&#2453;&#2495; &#2478;&#2472;&#2509;&#2470;&#2495;&#2480; &#2474;&#2509;&#2480;&#2468;&#2495;&#2487;&#2509;&#2464;&#2494; &#2489;&#2479;&#2492;&#2404; &#2470;&#2504;&#2476;&#2472;&#2495;&#2480;&#2509;&#2470;&#2503;&#2486;&#2503; &#2488;&#2480;&#2509;&#2476;&#2474;&#2509;&#2480;&#2469;&#2478; &#2477;&#2455;&#2476;&#2494;&#2472; &#2476;&#2495;&#2487;&#2509;&#2467;&#2497;&#2480; &#2486;&#2503;&#2487; &#2437;&#2476;&#2468;&#2494;&#2480; &#2453;&#2482;&#2509;&#2453;&#2495; &#2470;&#2503;&#2476;&#2503;&#2480; &#2438;&#2455;&#2478;&#2472; &#2476;&#2494;&#2480;&#2509;&#2468;&#2494; &#2474;&#2509;&#2480;&#2458;&#2494;&#2480;&#2495;&#2468; &#2489;&#2479;&#2492;&#2404; &#2488;&#2509;&#2476;&#2494;&#2478;&#2496; &#2460;&#2455;&#2470;&#2496;&#2486;&#2509;&#2476;&#2480;&#2494;&#2472;&#2472;&#2509;&#2470; &#2478;&#2489;&#2494;&#2480;&#2494;&#2460; &#2470;&#2509;&#2476;&#2494;&#2480;&#2494; &#2437;&#2472;&#2498;&#2470;&#2495;&#2468; &#2474;&#2509;&#2480;&#2494;&#2479;&#2492; &#2535;&#2534;&#2534;&#2454;&#2494;&#2472;&#2494; &#2471;&#2480;&#2509;&#2478;&#2455;&#2509;&#2480;&#2472;&#2509;&#2469;&#2503;&#2480; &#2476;&#2495;&#2474;&#2497;&#2482; &#2488;&#2478;&#2509;&#2477;&#2494;&#2480;&#2404; &#2447;&#2439; &#2455;&#2509;&#2480;&#2472;&#2509;&#2469; &#2470;&#2509;&#2476;&#2494;&#2480;&#2494; &#2471;&#2480;&#2509;&#2478;&#2474;&#2509;&#2480;&#2494;&#2467; &#2472;&#2480;&#2472;&#2494;&#2480;&#2496;&#2455;&#2467;&#2503;&#2480; &#2471;&#2480;&#2509;&#2478;&#2458;&#2503;&#2468;&#2472;&#2494;&#2460;&#2494;&#2455;&#2480;&#2467; &#2471;&#2480;&#2509;&#2478;&#2460;&#2509;&#2462;&#2494;&#2472;&#2453;&#2503; &#2474;&#2480;&#2495;&#2474;&#2497;&#2487;&#2509;&#2463; &#2453;&#2480;&#2494;&#2480; &#2453;&#2494;&#2460;&#2503; &#2488;&#2470;&#2494; &#2476;&#2509;&#2544;&#2468;&#2496; &#2447;&#2439; &#2474;&#2509;&#2480;&#2468;&#2495;&#2487;&#2509;&#2464;&#2494;&#2472;&#2404; &#2447;&#2454;&#2494;&#2472;&#2503; &#2470;&#2496;&#2453;&#2509;&#2487;&#2494;&#2480;&#2509;&#2469;&#2496;&#2455;&#2467;&#2503;&#2480; &#2474;&#2509;&#2480;&#2453;&#2499;&#2468;&#2495;&#2455;&#2468; &#2439;&#2487;&#2509;&#2463;&#2472;&#2495;&#2480;&#2509;&#2476;&#2494;&#2458;&#2472; &#2451; &#2478;&#2472;&#2509;&#2468;&#2509;&#2480;&#2479;&#2507;&#2455;&#2503; &#2488;&#2494;&#2471;&#2472; &#2437;&#2472;&#2497;&#2486;&#2496;&#2482;&#2472;&#2503;&#2480; &#2470;&#2509;&#2476;&#2494;&#2480;&#2494; &#2488;&#2494;&#2471;&#2472;&#2503; &#2441;&#2472;&#2509;&#2472;&#2468;&#2495;&#2480; &#2474;&#2469;&#2503; &#2447;&#2455;&#2495;&#2479;&#2492;&#2503; &#2472;&#2495;&#2479;&#2492;&#2503; &#2479;&#2494;&#2451;&#2479;&#2492;&#2494;&#2480; &#2488;&#2489;&#2494;&#2479;&#2492;&#2468;&#2494; &#2453;&#2480;&#2494; &#2489;&#2479;&#2492;&#2404; &#2447;&#2459;&#2494;&#2465;&#2492;&#2494; &#2488;&#2494;&#2480;&#2494; &#2476;&#2459;&#2480; &#2476;&#2509;&#2479;&#2494;&#2474;&#2496; &#2476;&#2503;&#2486; &#2453;&#2495;&#2459;&#2497; &#2441;&#2472;&#2509;&#2472;&#2479;&#2492;&#2472; &#2478;&#2498;&#2482;&#2453; &#2453;&#2480;&#2509;&#2478;&#2453;&#2494;&#2472;&#2509;&#2465;&#2503;&#2480; &#2488;&#2457;&#2509;&#2455;&#2503; &#2479;&#2497;&#2453;&#2509;&#2468;&#2404; &#2489;&#2495;&#2472;&#2509;&#2470;&#2497; &#2471;&#2480;&#2509;&#2478; &#2476;&#2495;&#2486;&#2509;&#2476;&#2494;&#2488;&#2496; &#2488;&#2494;&#2478;&#2494;&#2460;&#2495;&#2453; &#2451; &#2438;&#2471;&#2509;&#2479;&#2494;&#2468;&#2509;&#2478;&#2495;&#2453; &#2478;&#2495;&#2482;&#2472; &#2453;&#2509;&#2487;&#2503;&#2468;&#2509;&#2480;&#2503;&#2480; &#2438;&#2480; &#2447;&#2453; &#2472;&#2494;&#2478; &#2486;&#2509;&#2480;&#2496;&#2480;&#2494;&#2478;&#2453;&#2499;&#2487;&#2509;&#2467; &#2471;&#2480;&#2509;&#2478;&#2458;&#2453;&#2509;&#2480;&#2404;</span>\"
    \"<span class=sf-dump-key>parampara_text</span>\" => \"<span class=sf-dump-str title=\"681 characters\">&lt;p&gt;&lt;strong&gt;&quot; &#2451;&#2433; &#2472;&#2478;&#2507; &#2476;&#2509;&#2480;&#2489;&#2509;&#2478;&#2494;&#2470;&#2495;&#2477;&#2509;&#2479;&#2507; &#2476;&#2509;&#2480;&#2489;&#2509;&#2478;&#2476;&#2495;&#2470;&#2509;&#2479;&#2494; &#2488;&#2478;&#2509;&#2474;&#2509;&#2480;&#2470;&#2494;&#2479;&#2492; &#2453;&#2468;&#2499;&#2477;&#2509;&#2479;&#2507; &#2476;&#2434;&#2486;&#2443;&#2487;&#2495;&#2477;&#2509;&#2479;&#2507; &#2478;&#2489;&#2470;&#2509;&#2477;&#2509;&#2479;&#2507; &#2472;&#2478;&#2507; &#2455;&#2497;&#2480;&#2497;&#2477;&#2509;&#2479;&#2507;&#2435;&#2404; &quot;&lt;/strong&gt;&lt;br /&gt;&lt;em&gt;&#2476;&#2509;&#2480;&#2489;&#2509;&#2478;&#2476;&#2495;&#2470;&#2509;&#2479;&#2494; &#2488;&#2478;&#2509;&#2474;&#2509;&#2480;&#2470;&#2494;&#2479;&#2492;&#2503;&#2480; &#2438;&#2470;&#2495;&#2455;&#2497;&#2480;&#2497; &#2477;&#2455;&#2476;&#2494;&#2472; &#2472;&#2494;&#2480;&#2494;&#2479;&#2492;&#2467; &#2476;&#2509;&#2480;&#2489;&#2509;&#2478;&#2494;&#2460;&#2495;&#2453;&#2503; &#2488;&#2480;&#2509;&#2476; &#2474;&#2509;&#2480;&#2469;&#2478; &#2447;&#2439; &#2476;&#2509;&#2480;&#2489;&#2509;&#2478;&#2476;&#2495;&#2470;&#2509;&#2479;&#2494;&#2480; &#2441;&#2474;&#2470;&#2503;&#2486; &#2453;&#2480;&#2503;&#2459;&#2495;&#2482;&#2503;&#2472;&#2404; &#2488;&#2497;&#2468;&#2480;&#2494;&#2434; &#2468;&#2495;&#2472;&#2495; &#2447;&#2439; &#2476;&#2509;&#2480;&#2489;&#2509;&#2478;&#2476;&#2495;&#2470;&#2509;&#2479;&#2494; &#2488;&#2478;&#2509;&#2474;&#2509;&#2480;&#2470;&#2494;&#2479;&#2492;&#2503; &#2470;&#2509;&#2476;&#2495;&#2468;&#2496;&#2479;&#2492; &#2455;&#2497;&#2480;&#2497; &#2468;&#2494;&#2480;&#2474;&#2480; &#2476;&#2509;&#2480;&#2489;&#2509;&#2478;&#2494;&#2480; &#2535;&#2538; &#2460;&#2472; &#2478;&#2494;&#2472;&#2488;&#2474;&#2497;&#2468;&#2509;&#2480;&#2503;&#2480; &#2478;&#2471;&#2509;&#2479;&#2503; &#2476;&#2486;&#2495;&#2487;&#2509;&#2464;&#2494;&#2470;&#2495;&#2443;&#2487;&#2495;&#2455;&#2467; &#2438;&#2459;&#2503;&#2472;&#2404;&#160;&lt;/em&gt;&lt;br /&gt;&lt;strong&gt;&quot; &#2453;&#2499;&#2468;&#2503; &#2476;&#2495;&#2486;&#2509;&#2476;&#2455;&#2497;&#2480;&#2497;&#2476;&#2509;&#2480;&#2489;&#2509;&#2478;&#2494; &#2468;&#2509;&#2480;&#2503;&#2468;&#2494;&#2479;&#2492;&#2494; &#2443;&#2487;&#2495;&#2488;&#2468;&#2509;&#2468;&#2478;&#2435; (&#2476;&#2486;&#2495;&#2487;&#2509;&#2464;)&lt;/strong&gt;&lt;br /&gt;&lt;strong&gt;&#2470;&#2509;&#2476;&#2494;&#2474;&#2480;&#2503; &#2476;&#2509;&#2479;&#2494;&#2488;&#2447;&#2476;&#2488;&#2509;&#2479;&#2494;&#2453;&#2482;&#2494;&#2476;&#2468;&#2509;&#2480; &#2477;&#2476;&#2494;&#2478;&#2509;&#2479;&#2489;&#2478; &#2551;&#2551; &quot;&lt;/strong&gt;&lt;br /&gt;&lt;em&gt;&#2437;&#2480;&#2509;&#2469;&#2494;&#2510; &#2488;&#2468;&#2509;&#2479;&#2479;&#2497;&#2455;&#2503; &#2476;&#2509;&#2480;&#2489;&#2509;&#2478;&#2494; &#2459;&#2495;&#2482;&#2503;&#2472; &#2460;&#2455;&#2470;&#2455;&#2497;&#2480;&#2497; ; &#2468;&#2509;&#2480;&#2503;&#2468;&#2494;&#2468;&#2503; &#2443;&#2487;&#2495; &#2476;&#2486;&#2495;&#2487;&#2509;&#2464; ; &#2470;&#2509;&#2476;&#2494;&#2474;&#2480;&#2503; &#2453;&#2499;&#2487;&#2509;&#2467; &#2470;&#2509;&#2476;&#2504;&#2474;&#2494;&#2479;&#2492;&#2472;&#2503; &#2476;&#2509;&#2479;&#2494;&#2488; &#2447;&#2476;&#2434; &#2453;&#2482;&#2495;&#2468;&#2503; &#2438;&#2470;&#2495; &#2486;&#2457;&#2509;&#2453;&#2480;&#2494;&#2458;&#2494;&#2480;&#2509;&#2479;&#2509;&#2479; &#2460;&#2455;&#2470;&#2455;&#2497;&#2480;&#2497; &#2480;&#2497;&#2474;&#2503; &#2459;&#2495;&#2482;&#2503;&#2472;&#2404; &#2447;&#2439; &#2488;&#2472;&#2494;&#2468;&#2472; &#2474;&#2480;&#2478;&#2509;&#2474;&#2480;&#2494;&#2439; &#2438;&#2478;&#2494;&#2470;&#2503;&#2480; &#2455;&#2497;&#2480;&#2497; &#2474;&#2480;&#2478;&#2509;&#2474;&#2480;&#2494;&#2404;&#160;&lt;/em&gt;&lt;/p&gt;</span>\"
    \"<span class=sf-dump-key>description_english</span>\" => \"\"\"
      <span class=sf-dump-str title=\"1749 characters\">&lt;p&gt;Sri Ramakrishna Dharmachakra is a brilliant star in the spiritual heritage of India. This religious institution was established in the month of February in the year 1955 through the sincere efforts of Brahmalin Swami Jagadishwarananda Maharaj.&lt;br /&gt;After Swami Jagadishwarananda Maharaj&#8217;s passing, his disciple, Prabrajika Mahagouri Saraswati, took over as the head of the Institution and enhanced its reach further among disciples and devotees through her spiritual work and effective administration. After Prabrajika Mahagouri Saraswati his nominee and Gurubhai Swami Bisuddhananda Saraswatiji, has taken over as the principal monk ( Addhakshya )&#160; of the organization.&lt;br /&gt;The first Kalki Temple was established in Eastern India in the year 1955 at the Sri Ramakrishna Dharmachakra Ashram. It is said that Swami Jagadishwarananda Saraswati received spiritual guidance to create this temple from Sri Kalki Dev, the last incarnation of Lord Vishnu, and he spread the message and grace of the deity all over India.&lt;br /&gt;Swami Jagadishwarananda Maharaj was a great spiritual author and has over 100 books authored by him. It is through these books that spirituality is nurtured and disseminated to his devotees all over India. Here the practitioners and devotees are helped to move forward in their spiritual pursuits through meditation and mantras.&lt;br /&gt;In addition, several developmental activities are also taken up around the year, by the Ashram, to alleviate the problems of the Society and the environment, in addition to many religious festivals where all are invited irrespective of religion, caste or creed. The institution stands out as a true torchbearer of the Sanatan Dharma for the social and spiritual union of people.&lt;/p&gt;<span class=\"sf-dump-default sf-dump-ns\">\\r\\n</span></span>
      <span class=sf-dump-str title=\"1749 characters\">&lt;p&gt;&#160;&lt;/p&gt;</span>
      \"\"\"
    \"<span class=sf-dump-key>donate_description_english</span>\" => \"\"\"
      <span class=sf-dump-str title=\"1324 characters\">The founder of Sri Ramakrishna Dharmachakra, Brahmalin Swami JagadishwaraNanda Maharaj was an all-powerful monk. He established this organization with the financial support of a very few kind devotees. Following the principles and ideology of the Guru Maharaj, the monks of this ashram do not conduct any rituals in exchange of money. It was strictly against the principles of Guru Maharaj to conduct any ritual specifically for gains and the essence of the teachings to all has been to lead a simple and honest life which would lead to mental resilience and faith, so as to be able to overcome hurdles and hardships in life. <span class=\"sf-dump-default sf-dump-ns\">\\r\\n</span></span>
      <span class=sf-dump-str title=\"1324 characters\">&lt;/br&gt;<span class=\"sf-dump-default sf-dump-ns\">\\r\\n</span></span>
      <span class=sf-dump-str title=\"1324 characters\"><span class=\"sf-dump-default sf-dump-ns\">\\r\\n</span></span>
      <span class=sf-dump-str title=\"1324 characters\">However the operations of the Ashram needs finances to be able to conduct the daily Pujas and also for the livelihood of the monks. Many of the devotees have been donating towards this cause. The publishing and book selling feeds each other since most of the books being sold are very inexpensive so as to cover costs only and is the major route of spiritual preaching for the Ashram.<span class=\"sf-dump-default sf-dump-ns\">\\r\\n</span></span>
      <span class=sf-dump-str title=\"1324 characters\">&lt;/br&gt;<span class=\"sf-dump-default sf-dump-ns\">\\r\\n</span></span>
      <span class=sf-dump-str title=\"1324 characters\">Therefore, it&#039;s a request to all to donate freely and voluntarily, to promote this institution and the cause of the monastery. <span class=\"sf-dump-default sf-dump-ns\">\\r\\n</span></span>
      <span class=sf-dump-str title=\"1324 characters\">You can make payments to the following account :  &lt;/br&gt;<span class=\"sf-dump-default sf-dump-ns\">\\r\\n</span></span>
      <span class=sf-dump-str title=\"1324 characters\">&lt;b&gt;Sri Ramkrishna Dharma Chakra&lt;/b&gt;&lt;/br&gt;<span class=\"sf-dump-default sf-dump-ns\">\\r\\n</span></span>
      <span class=sf-dump-str title=\"1324 characters\">&lt;b&gt;SBI A/C - 11310916735 &lt;/b&gt;&lt;/br&gt;<span class=\"sf-dump-default sf-dump-ns\">\\r\\n</span></span>
      <span class=sf-dump-str title=\"1324 characters\">&lt;b&gt;SBIN0004640 (IFSC)&lt;/b&gt;&lt;/br&gt;</span>
      \"\"\"
    \"<span class=sf-dump-key>welcome_heading_english</span>\" => \"<span class=sf-dump-str title=\"36 characters\">Welcome Sri Ramakrishna DharmaChakra</span>\"
    \"<span class=sf-dump-key>welcome_description_english</span>\" => \"\"\"
      <span class=sf-dump-str title=\"2446 characters\">&lt;strong&gt;211A, Girish Ghosh Road&#160;&lt;/strong&gt;&lt;strong&gt;Po: Belurmath, Howrah, Pin-711202 Phone-9830043596&lt;br /&gt;&lt;/strong&gt;&lt;br /&gt;Sri Ramakrishna Dharmachakra is a brilliant star in the spiritual heritage of India. This religious institution was established in the month of February in the year 1955 through the sincere efforts of Brahmalin Swami Jagadishwarananda Maharaj.&lt;br /&gt;&lt;br /&gt;After Swami Jagadishwarananda Maharaj&#8217;s passing, his disciple, Prabrajika Mahagouri Saraswati, took over as the head of the Institution and enhanced its reach further among disciples and devotees through her spiritual work and effective administration. After Prabrajika Mahagouri Saraswati his nominee and Gurubhai Swami, Bisuddhananda Saraswatiji, has taken over as the principal monk ( Addhakshya ) of the organization.&lt;br /&gt;&lt;br /&gt;The first Kalki Temple was established in the Eastern India in the year 1955 at the Sri Ramakrishna Dharmachakra Ashram. It is said that Swami Jagadishwarananda Saraswati received spiritual guidance, to create this temple, from Sri Kalki Dev, the last incarnation of Lord Vishnu, himself and spread the message and grace of the deity all over India. &lt;br /&gt;&lt;br /&gt;Swami Jagadishwarananda Maharaj was a great spiritual author and has over 100 books authored by him. It is through these books that spirituality is nurtured and disseminated to his devotees all over India. Here the practitioners and devotees are helped to move forward in their spiritual pursuits through meditation and mantras. &lt;br /&gt;&lt;br /&gt;In addition, several developmental activities are also taken up around the year, by the Ashram, to alleviate the problems of the Society and the environment, in addition to many religious festivals where all are invited irrespective of religion, caste or creed. The institution stands out as a true torchbearer of the Sanatan Dharma for the social and spiritual union of people.&lt;br /&gt;&lt;br /&gt;The ashram has two premises, one known as &#8220;Chetana Math&#8220; and the other as &#8220;Jyotidham&#8221;. Chetana Math is situated at the Main Ashram premise at Belur and Jyotidham is situated near Ankurhati Checkpost in Howrah. Both conduct their own social and spiritual activities.&lt;br /&gt;<span class=\"sf-dump-default sf-dump-ns\">\\r\\n</span></span>
      <span class=sf-dump-str title=\"2446 characters\">&lt;p&gt;The ashram has two premises, one known as &#8220;Chetana Math&#8220; and the other as &#8220;Jyotidham&#8221;. Chetana Math is situated at the Main Ashram premise at Belur and Jyotidham is situated near Ankurhati Checkpost in Howrah. Both conduct their own social and spiritual activities.&lt;/p&gt;</span>
      \"\"\"
    \"<span class=sf-dump-key>parampara_text_english</span>\" => \"<span class=sf-dump-str title=\"701 characters\">&lt;p&gt;&lt;strong&gt;&quot;O namobrahmadivyo brahmavidya sampada katribhyo vansho rishibhyo mahadhav namo gurubho&quot;&lt;/strong&gt;&lt;br /&gt;Lord Narayana first gave Brahmaji the knowledge of Brahmavidya, So Narayana is the founder of the Brahmavidya sect, Brahmaji is the second Guru in this Brahmavidya sect and among his 14 Manas-putras of there was Vasishtya.&lt;br /&gt;&lt;strong&gt;&quot;Kritya GuruBrahma Tretaya Rishisattam (Vasishtha) Dvapare vyasaabsaaklavatra bhamyaham &quot;&lt;/strong&gt;&lt;br /&gt;That is, Brahma was the Jagadguru in the Satya Yuga; Sage Vasishta in Treta Juga; In the Dapar Juga it was Krishna , Vyasa in Dvaipaya and Adi Shankaracharya the Jagadguru in this Kali Juga. This tradition and succession is our guru parampara.&lt;/p&gt;</span>\"
    \"<span class=sf-dump-key>footer_text_english</span>\" => \"<span class=sf-dump-str title=\"535 characters\">Narayanang Padmavabang Vasishtha Saktincha Tatputra Parasrancha Vyasong Shukang Gaur Padang Mahantang Govinda Yogidramathasaya Sishyam Sri Shankaracharya Mathasaya Padmapadancha Hastamalkong Ch Sishyam. &lt;br /&gt;Tandrotakang Bartikkarmanyan Asmad Guru Santat Matohsmi.&lt;br /&gt;Sruti Smritipurananamalayang Karunalayong.&lt;br /&gt;Namami Bhagwatpadang Shankarang Lokshankaram.&lt;br /&gt;Sutrabhasyakritau vande bhagavantau puna&#7717; puna&#7717; ishvaro gururatmeti murttiveda&#160;bibhagine vyomavat vapta dehay daksinamaurtaye namah.&lt;br /&gt;Iti Guruparampara Strotram.</span>\"
    \"<span class=sf-dump-key>created_at</span>\" => <span class=sf-dump-const>null</span>
    \"<span class=sf-dump-key>updated_at</span>\" => \"<span class=sf-dump-str title=\"19 characters\">2023-08-08 19:33:55</span>\"
    \"<span class=sf-dump-key>footer_text</span>\" => \"<span class=sf-dump-str title=\"466 characters\">&lt;p&gt;&#2472;&#2494;&#2480;&#2494;&#2527;&#2467;&#2434; &#2474;&#2470;&#2509;&#2478;&#2477;&#2476;&#2434; &#2476;&#2486;&#2495;&#2487;&#2509;&#2464; &#2486;&#2453;&#2509;&#2468;&#2495;&#2462;&#2509;&#2458; &#2468;&#2510;&#2474;&#2497;&#2468;&#2509;&#2480; &#2474;&#2480;&#2494;&#2486;&#2480;&#2462;&#2509;&#2458; &#2476;&#2509;&#2479;&#2494;&#2488;&#2434; &#2486;&#2497;&#2453;&#2434; &#2455;&#2508;&#2480; &#2474;&#2494;&#2470;&#2434; &#2478;&#2489;&#2494;&#2472;&#2509;&#2468;&#2434; &#2455;&#2507;&#2476;&#2495;&#2472;&#2509;&#2470; &#2479;&#2507;&#2455;&#2495;&#2470;&#2509;&#2480;&#2478;&#2469;&#2494;&#2488;&#2509;&#2479; &#2486;&#2495;&#2487;&#2509;&#2479;&#2478;&#2509; &#2486;&#2509;&#2480;&#2496; &#2486;&#2457;&#2509;&#2453;&#2480;&#2494;&#2458;&#2494;&#2480;&#2509;&#2479;&#2509;&#2479; &#2478;&#2469;&#2494;&#2488;&#2509;&#2479; &#2474;&#2470;&#2509;&#2478;&#2474;&#2494;&#2470;&#2462;&#2509;&#2458; &#2489;&#2488;&#2509;&#2468;&#2494;&#2478;&#2482;&#2453;&#2434; &#2458; &#2486;&#2495;&#2487;&#2509;&#2479;&#2478;&#2509;&#2404;&lt;br /&gt;&#2468;&#2472;&#2509;&#2470;&#2509;&#2480;&#2507;&#2463;&#2453;&#2434; &#2476;&#2494;&#2480;&#2509;&#2468;&#2495;&#2453;&#2453;&#2494;&#2480;&#2478;&#2472;&#2509;&#2479;&#2494;&#2472; &#2437;&#2488;&#2509;&#2478;&#2470; &#2455;&#2497;&#2480;&#2497;&#2472; &#2488;&#2472;&#2509;&#2468;&#2468; &#2478;&#2494;&#2468;&#2507;&#2489;&#2488;&#2509;&#2478;&#2495;&#2404;&#2486;&#2509;&#2480;&#2497;&#2468;&#2495; &#2488;&#2509;&#2478;&#2499;&#2468;&#2495;&#2474;&#2497;&#2480;&#2494;&#2467;&#2494;&#2472;&#2494;&#2478;&#2494;&#2482;&#2527;&#2434; &#2453;&#2480;&#2497;&#2467;&#2494;&#2482;&#2527;&#2434;&#2404;&#2472;&#2478;&#2494;&#2478;&#2495; &#2477;&#2455;&#2476;&#2510;&#2474;&#2494;&#2470;&#2434; &#2486;&#2457;&#2509;&#2453;&#2480;&#2434; &#2482;&#2507;&#2453;&#2486;&#2457;&#2509;&#2453;&#2480;&#2478;&#2509;&#2404;&lt;br /&gt;&#2488;&#2498;&#2468;&#2509;&#2480;&#2477;&#2494;&#2488;&#2509;&#2479;&#2453;&#2499;&#2468;&#2508; &#2476;&#2472;&#2509;&#2470;&#2503; &#2477;&#2455;&#2476;&#2472;&#2509;&#2468;&#2508; &#2474;&#2497;&#2472;&#2435; &#2474;&#2497;&#2472;&#2435; &#2440;&#2486;&#2509;&#2476;&#2480;&#2507; &#2455;&#2497;&#2480;&#2497;&#2480;&#2494;&#2468;&#2509;&#2478;&#2503;&#2468;&#2495; &#2478;&#2498;&#2480;&#2509;&#2468;&#2509;&#2468;&#2495;&#2477;&#2503;&#2470;&#2494; &#2476;&#2495;&#2477;&#2494;&#2455;&#2495;&#2472;&#2503; &#2476;&#2509;&#2479;&#2507;&#2478;&#2476;&#2510; &#2476;&#2509;&#2479;&#2494;&#2474;&#2509;&#2468; &#2470;&#2503;&#2489;&#2494;&#2527; &#2470;&#2453;&#2509;&#2487;&#2495;&#2467;&#2494;&#2478;&#2498;&#2480;&#2509;&#2468;&#2527;&#2503; &#2472;&#2478;&#2435;&#2404; &lt;br /&gt;&#2439;&#2468;&#2495; &#2455;&#2497;&#2480;&#2497;&#2474;&#2480;&#2478;&#2509;&#2474;&#2480;&#2494; &#2488;&#2509;&#2468;&#2509;&#2480;&#2507;&#2468;&#2509;&#2480;&#2478;&#2509;&#2404;&lt;/p&gt;</span>\"
    \"<span class=sf-dump-key>facebook_link</span>\" => \"<span class=sf-dump-str title=\"25 characters\">https://www.facebook.com/</span>\"
    \"<span class=sf-dump-key>youtube_link</span>\" => \"<span class=sf-dump-str title=\"24 characters\">https://www.youtube.com/</span>\"
    \"<span class=sf-dump-key>twitter_link</span>\" => <span class=sf-dump-const>null</span>
    \"<span class=sf-dump-key>address</span>\" => \"<span class=sf-dump-str title=\"113 characters\">&lt;strong&gt;&#2486;&#2509;&#2480;&#2496; &#2480;&#2494;&#2478;&#2453;&#2499;&#2487;&#2509;&#2467; &#2471;&#2480;&#2509;&#2478; &#2458;&#2453;&#2509;&#2480;&lt;/strong&gt;&lt;br /&gt;&#2536;&#2535;&#2535; &#2447;, &#2455;&#2495;&#2480;&#2495;&#2486; &#2456;&#2507;&#2487; &#2480;&#2507;&#2465;, &#2476;&#2503;&#2482;&#2497;&#2524;&lt;br /&gt;&#2474;&#2495;&#2451;- &#2476;&#2503;&#2482;&#2497;&#2524;&#2478;&#2464;,&lt;br /&gt;&#2489;&#2494;&#2451;&#2465;&#2492;&#2494; -&#2541;&#2535;&#2535;&#2535;&#2536;0&#2536;</span>\"
    \"<span class=sf-dump-key>address_english</span>\" => \"<span class=sf-dump-str title=\"109 characters\">Sri Ramakrishna Dharmachakra&lt;br /&gt;211 A, Girish Ghosh Road,&lt;br /&gt;Belur, P.O.- Belurmath,&lt;br /&gt;Howrah -7111202</span>\"
    \"<span class=sf-dump-key>email</span>\" => \"<span class=sf-dump-str title=\"32 characters\">ramkrishnadharmachakra@gmail.com</span>\"
    \"<span class=sf-dump-key>phone_one</span>\" => \"<span class=sf-dump-str title=\"13 characters\">+913326548075</span>\"
    \"<span class=sf-dump-key>phone_two</span>\" => \"<span class=sf-dump-str title=\"13 characters\">+919830043596</span>\"
    \"<span class=sf-dump-key>phone_three</span>\" => \"<span class=sf-dump-str title=\"13 characters\">+919804473647</span>\"
    \"<span class=sf-dump-key>phone_one_bengali</span>\" => \"<span class=sf-dump-str title=\"13 characters\">+&#2543;&#2535;&#2537;&#2537;&#2536;&#2540;&#2539;&#2538;&#2542;0&#2541;&#2539;</span>\"
    \"<span class=sf-dump-key>phone_two_bengali</span>\" => \"<span class=sf-dump-str title=\"13 characters\">+&#2543;&#2535;&#2543;&#2542;&#2537;00&#2538;&#2537;&#2539;&#2543;&#2540;</span>\"
    \"<span class=sf-dump-key>phone_three_bengali</span>\" => \"<span class=sf-dump-str title=\"14 characters\">+&#2543;&#2535;&#2543;&#2542;0&#2538;&#2538;&#2541;&#2537;&#2540;&#2538;&#2541;,</span>\"
    \"<span class=sf-dump-key>instagram_link</span>\" => <span class=sf-dump-const>null</span>
  </samp>]
  #<span class=sf-dump-protected title=\"Protected property\">changes</span>: []
  #<span class=sf-dump-protected title=\"Protected property\">casts</span>: []
  #<span class=sf-dump-protected title=\"Protected property\">classCastCache</span>: []
  #<span class=sf-dump-protected title=\"Protected property\">attributeCastCache</span>: []
  #<span class=sf-dump-protected title=\"Protected property\">dates</span>: []
  #<span class=sf-dump-protected title=\"Protected property\">dateFormat</span>: <span class=sf-dump-const>null</span>
  #<span class=sf-dump-protected title=\"Protected property\">appends</span>: []
  #<span class=sf-dump-protected title=\"Protected property\">dispatchesEvents</span>: []
  #<span class=sf-dump-protected title=\"Protected property\">observables</span>: []
  #<span class=sf-dump-protected title=\"Protected property\">relations</span>: []
  #<span class=sf-dump-protected title=\"Protected property\">touches</span>: []
  +<span class=sf-dump-public title=\"Public property\">timestamps</span>: <span class=sf-dump-const>true</span>
  #<span class=sf-dump-protected title=\"Protected property\">hidden</span>: []
  #<span class=sf-dump-protected title=\"Protected property\">visible</span>: []
  #<span class=sf-dump-protected title=\"Protected property\">fillable</span>: []
</samp>}
</pre><script>Sfdump(\"sf-dump-1093630751\", {\"maxDepth\":3,\"maxStringLength\":160})</script>
"}},"exception":"[object] (Facade\\Ignition\\Exceptions\\ViewException(code: 0): Attempt to read property \"image\" on null (View: /var/www/beas.in/public_html/ramkrishna_dharma_chakra/resources/views/admin/includes/header.blade.php) at /var/www/beas.in/public_html/ramkrishna_dharma_chakra/resources/views/admin/includes/header.blade.php:31)
[stacktrace]
#0 /var/www/beas.in/public_html/ramkrishna_dharma_chakra/resources/views/admin/includes/header.blade.php(31): Illuminate\\Foundation\\Bootstrap\\HandleExceptions->handleError(2, 'Attempt to read...', '/var/www/beas.i...', 31)
#1 /var/www/beas.in/public_html/ramkrishna_dharma_chakra/vendor/laravel/framework/src/Illuminate/Filesystem/Filesystem.php(107): require('/var/www/beas.i...')
#2 /var/www/beas.in/public_html/ramkrishna_dharma_chakra/vendor/laravel/framework/src/Illuminate/Filesystem/Filesystem.php(108): Illuminate\\Filesystem\\Filesystem::Illuminate\\Filesystem\\{closure}()
#3 /var/www/beas.in/public_html/ramkrishna_dharma_chakra/vendor/laravel/framework/src/Illuminate/View/Engines/PhpEngine.php(58): Illuminate\\Filesystem\\Filesystem->getRequire('/var/www/beas.i...', Array)
#4 /var/www/beas.in/public_html/ramkrishna_dharma_chakra/vendor/laravel/framework/src/Illuminate/View/Engines/CompilerEngine.php(61): Illuminate\\View\\Engines\\PhpEngine->evaluatePath('/var/www/beas.i...', Array)
#5 /var/www/beas.in/public_html/ramkrishna_dharma_chakra/vendor/facade/ignition/src/Views/Engines/CompilerEngine.php(37): Illuminate\\View\\Engines\\CompilerEngine->get('/var/www/beas.i...', Array)
#6 /var/www/beas.in/public_html/ramkrishna_dharma_chakra/vendor/laravel/framework/src/Illuminate/View/View.php(139): Facade\\Ignition\\Views\\Engines\\CompilerEngine->get('/var/www/beas.i...', Array)
#7 /var/www/beas.in/public_html/ramkrishna_dharma_chakra/vendor/laravel/framework/src/Illuminate/View/View.php(122): Illuminate\\View\\View->getContents()
#8 /var/www/beas.in/public_html/ramkrishna_dharma_chakra/vendor/laravel/framework/src/Illuminate/View/View.php(91): Illuminate\\View\\View->renderContents()
#9 /var/www/beas.in/public_html/ramkrishna_dharma_chakra/resources/views/admin/welcome/index.blade.php(14): Illuminate\\View\\View->render()
#10 /var/www/beas.in/public_html/ramkrishna_dharma_chakra/vendor/laravel/framework/src/Illuminate/Filesystem/Filesystem.php(107): require('/var/www/beas.i...')
#11 /var/www/beas.in/public_html/ramkrishna_dharma_chakra/vendor/laravel/framework/src/Illuminate/Filesystem/Filesystem.php(108): Illuminate\\Filesystem\\Filesystem::Illuminate\\Filesystem\\{closure}()
#12 /var/www/beas.in/public_html/ramkrishna_dharma_chakra/vendor/laravel/framework/src/Illuminate/View/Engines/PhpEngine.php(58): Illuminate\\Filesystem\\Filesystem->getRequire('/var/www/beas.i...', Array)
#13 /var/www/beas.in/public_html/ramkrishna_dharma_chakra/vendor/laravel/framework/src/Illuminate/View/Engines/CompilerEngine.php(61): Illuminate\\View\\Engines\\PhpEngine->evaluatePath('/var/www/beas.i...', Array)
#14 /var/www/beas.in/public_html/ramkrishna_dharma_chakra/vendor/facade/ignition/src/Views/Engines/CompilerEngine.php(37): Illuminate\\View\\Engines\\CompilerEngine->get('/var/www/beas.i...', Array)
#15 /var/www/beas.in/public_html/ramkrishna_dharma_chakra/vendor/laravel/framework/src/Illuminate/View/View.php(139): Facade\\Ignition\\Views\\Engines\\CompilerEngine->get('/var/www/beas.i...', Array)
#16 /var/www/beas.in/public_html/ramkrishna_dharma_chakra/vendor/laravel/framework/src/Illuminate/View/View.php(122): Illuminate\\View\\View->getContents()
#17 /var/www/beas.in/public_html/ramkrishna_dharma_chakra/vendor/laravel/framework/src/Illuminate/View/View.php(91): Illuminate\\View\\View->renderContents()
#18 /var/www/beas.in/public_html/ramkrishna_dharma_chakra/vendor/laravel/framework/src/Illuminate/Http/Response.php(69): Illuminate\\View\\View->render()
#19 /var/www/beas.in/public_html/ramkrishna_dharma_chakra/vendor/laravel/framework/src/Illuminate/Http/Response.php(35): Illuminate\\Http\\Response->setContent(Object(Illuminate\\View\\View))
#20 /var/www/beas.in/public_html/ramkrishna_dharma_chakra/vendor/laravel/framework/src/Illuminate/Routing/Router.php(820): Illuminate\\Http\\Response->__construct(Object(Illuminate\\View\\View), 200, Array)
#21 /var/www/beas.in/public_html/ramkrishna_dharma_chakra/vendor/laravel/framework/src/Illuminate/Routing/Router.php(789): Illuminate\\Routing\\Router::toResponse(Object(Illuminate\\Http\\Request), Object(Illuminate\\View\\View))
#22 /var/www/beas.in/public_html/ramkrishna_dharma_chakra/vendor/laravel/framework/src/Illuminate/Routing/Router.php(721): Illuminate\\Routing\\Router->prepareResponse(Object(Illuminate\\Http\\Request), Object(Illuminate\\View\\View))
#23 /var/www/beas.in/public_html/ramkrishna_dharma_chakra/vendor/laravel/framework/src/Illuminate/Pipeline/Pipeline.php(128): Illuminate\\Routing\\Router->Illuminate\\Routing\\{closure}(Object(Illuminate\\Http\\Request))
#24 /var/www/beas.in/public_html/ramkrishna_dharma_chakra/vendor/laravel/framework/src/Illuminate/Routing/Middleware/SubstituteBindings.php(50): Illuminate\\Pipeline\\Pipeline->Illuminate\\Pipeline\\{closure}(Object(Illuminate\\Http\\Request))
#25 /var/www/beas.in/public_html/ramkrishna_dharma_chakra/vendor/laravel/framework/src/Illuminate/Pipeline/Pipeline.php(167): Illuminate\\Routing\\Middleware\\SubstituteBindings->handle(Object(Illuminate\\Http\\Request), Object(Closure))
#26 /var/www/beas.in/public_html/ramkrishna_dharma_chakra/vendor/laravel/framework/src/Illuminate/Foundation/Http/Middleware/VerifyCsrfToken.php(78): Illuminate\\Pipeline\\Pipeline->Illuminate\\Pipeline\\{closure}(Object(Illuminate\\Http\\Request))
#27 /var/www/beas.in/public_html/ramkrishna_dharma_chakra/vendor/laravel/framework/src/Illuminate/Pipeline/Pipeline.php(167): Illuminate\\Foundation\\Http\\Middleware\\VerifyCsrfToken->handle(Object(Illuminate\\Http\\Request), Object(Closure))
#28 /var/www/beas.in/public_html/ramkrishna_dharma_chakra/vendor/laravel/framework/src/Illuminate/View/Middleware/ShareErrorsFromSession.php(49): Illuminate\\Pipeline\\Pipeline->Illuminate\\Pipeline\\{closure}(Object(Illuminate\\Http\\Request))
#29 /var/www/beas.in/public_html/ramkrishna_dharma_chakra/vendor/laravel/framework/src/Illuminate/Pipeline/Pipeline.php(167): Illuminate\\View\\Middleware\\ShareErrorsFromSession->handle(Object(Illuminate\\Http\\Request), Object(Closure))
#30 /var/www/beas.in/public_html/ramkrishna_dharma_chakra/vendor/laravel/framework/src/Illuminate/Session/Middleware/StartSession.php(121): Illuminate\\Pipeline\\Pipeline->Illuminate\\Pipeline\\{closure}(Object(Illuminate\\Http\\Request))
#31 /var/www/beas.in/public_html/ramkrishna_dharma_chakra/vendor/laravel/framework/src/Illuminate/Session/Middleware/StartSession.php(64): Illuminate\\Session\\Middleware\\StartSession->handleStatefulRequest(Object(Illuminate\\Http\\Request), Object(Illuminate\\Session\\Store), Object(Closure))
#32 /var/www/beas.in/public_html/ramkrishna_dharma_chakra/vendor/laravel/framework/src/Illuminate/Pipeline/Pipeline.php(167): Illuminate\\Session\\Middleware\\StartSession->handle(Object(Illuminate\\Http\\Request), Object(Closure))
#33 /var/www/beas.in/public_html/ramkrishna_dharma_chakra/vendor/laravel/framework/src/Illuminate/Cookie/Middleware/AddQueuedCookiesToResponse.php(37): Illuminate\\Pipeline\\Pipeline->Illuminate\\Pipeline\\{closure}(Object(Illuminate\\Http\\Request))
#34 /var/www/beas.in/public_html/ramkrishna_dharma_chakra/vendor/laravel/framework/src/Illuminate/Pipeline/Pipeline.php(167): Illuminate\\Cookie\\Middleware\\AddQueuedCookiesToResponse->handle(Object(Illuminate\\Http\\Request), Object(Closure))
#35 /var/www/beas.in/public_html/ramkrishna_dharma_chakra/vendor/laravel/framework/src/Illuminate/Cookie/Middleware/EncryptCookies.php(67): Illuminate\\Pipeline\\Pipeline->Illuminate\\Pipeline\\{closure}(Object(Illuminate\\Http\\Request))
#36 /var/www/beas.in/public_html/ramkrishna_dharma_chakra/vendor/laravel/framework/src/Illuminate/Pipeline/Pipeline.php(167): Illuminate\\Cookie\\Middleware\\EncryptCookies->handle(Object(Illuminate\\Http\\Request), Object(Closure))
#37 /var/www/beas.in/public_html/ramkrishna_dharma_chakra/vendor/laravel/framework/src/Illuminate/Pipeline/Pipeline.php(103): Illuminate\\Pipeline\\Pipeline->Illuminate\\Pipeline\\{closure}(Object(Illuminate\\Http\\Request))
#38 /var/www/beas.in/public_html/ramkrishna_dharma_chakra/vendor/laravel/framework/src/Illuminate/Routing/Router.php(723): Illuminate\\Pipeline\\Pipeline->then(Object(Closure))
#39 /var/www/beas.in/public_html/ramkrishna_dharma_chakra/vendor/laravel/framework/src/Illuminate/Routing/Router.php(698): Illuminate\\Routing\\Router->runRouteWithinStack(Object(Illuminate\\Routing\\Route), Object(Illuminate\\Http\\Request))
#40 /var/www/beas.in/public_html/ramkrishna_dharma_chakra/vendor/laravel/framework/src/Illuminate/Routing/Router.php(662): Illuminate\\Routing\\Router->runRoute(Object(Illuminate\\Http\\Request), Object(Illuminate\\Routing\\Route))
#41 /var/www/beas.in/public_html/ramkrishna_dharma_chakra/vendor/laravel/framework/src/Illuminate/Routing/Router.php(651): Illuminate\\Routing\\Router->dispatchToRoute(Object(Illuminate\\Http\\Request))
#42 /var/www/beas.in/public_html/ramkrishna_dharma_chakra/vendor/laravel/framework/src/Illuminate/Foundation/Http/Kernel.php(167): Illuminate\\Routing\\Router->dispatch(Object(Illuminate\\Http\\Request))
#43 /var/www/beas.in/public_html/ramkrishna_dharma_chakra/vendor/laravel/framework/src/Illuminate/Pipeline/Pipeline.php(128): Illuminate\\Foundation\\Http\\Kernel->Illuminate\\Foundation\\Http\\{closure}(Object(Illuminate\\Http\\Request))
#44 /var/www/beas.in/public_html/ramkrishna_dharma_chakra/vendor/laravel/framework/src/Illuminate/Foundation/Http/Middleware/TransformsRequest.php(21): Illuminate\\Pipeline\\Pipeline->Illuminate\\Pipeline\\{closure}(Object(Illuminate\\Http\\Request))
#45 /var/www/beas.in/public_html/ramkrishna_dharma_chakra/vendor/laravel/framework/src/Illuminate/Foundation/Http/Middleware/ConvertEmptyStringsToNull.php(31): Illuminate\\Foundation\\Http\\Middleware\\TransformsRequest->handle(Object(Illuminate\\Http\\Request), Object(Closure))
#46 /var/www/beas.in/public_html/ramkrishna_dharma_chakra/vendor/laravel/framework/src/Illuminate/Pipeline/Pipeline.php(167): Illuminate\\Foundation\\Http\\Middleware\\ConvertEmptyStringsToNull->handle(Object(Illuminate\\Http\\Request), Object(Closure))
#47 /var/www/beas.in/public_html/ramkrishna_dharma_chakra/vendor/laravel/framework/src/Illuminate/Foundation/Http/Middleware/TransformsRequest.php(21): Illuminate\\Pipeline\\Pipeline->Illuminate\\Pipeline\\{closure}(Object(Illuminate\\Http\\Request))
#48 /var/www/beas.in/public_html/ramkrishna_dharma_chakra/vendor/laravel/framework/src/Illuminate/Foundation/Http/Middleware/TrimStrings.php(40): Illuminate\\Foundation\\Http\\Middleware\\TransformsRequest->handle(Object(Illuminate\\Http\\Request), Object(Closure))
#49 /var/www/beas.in/public_html/ramkrishna_dharma_chakra/vendor/laravel/framework/src/Illuminate/Pipeline/Pipeline.php(167): Illuminate\\Foundation\\Http\\Middleware\\TrimStrings->handle(Object(Illuminate\\Http\\Request), Object(Closure))
#50 /var/www/beas.in/public_html/ramkrishna_dharma_chakra/vendor/laravel/framework/src/Illuminate/Foundation/Http/Middleware/ValidatePostSize.php(27): Illuminate\\Pipeline\\Pipeline->Illuminate\\Pipeline\\{closure}(Object(Illuminate\\Http\\Request))
#51 /var/www/beas.in/public_html/ramkrishna_dharma_chakra/vendor/laravel/framework/src/Illuminate/Pipeline/Pipeline.php(167): Illuminate\\Foundation\\Http\\Middleware\\ValidatePostSize->handle(Object(Illuminate\\Http\\Request), Object(Closure))
#52 /var/www/beas.in/public_html/ramkrishna_dharma_chakra/vendor/laravel/framework/src/Illuminate/Foundation/Http/Middleware/PreventRequestsDuringMaintenance.php(86): Illuminate\\Pipeline\\Pipeline->Illuminate\\Pipeline\\{closure}(Object(Illuminate\\Http\\Request))
#53 /var/www/beas.in/public_html/ramkrishna_dharma_chakra/vendor/laravel/framework/src/Illuminate/Pipeline/Pipeline.php(167): Illuminate\\Foundation\\Http\\Middleware\\PreventRequestsDuringMaintenance->handle(Object(Illuminate\\Http\\Request), Object(Closure))
#54 /var/www/beas.in/public_html/ramkrishna_dharma_chakra/vendor/fideloper/proxy/src/TrustProxies.php(57): Illuminate\\Pipeline\\Pipeline->Illuminate\\Pipeline\\{closure}(Object(Illuminate\\Http\\Request))
#55 /var/www/beas.in/public_html/ramkrishna_dharma_chakra/vendor/laravel/framework/src/Illuminate/Pipeline/Pipeline.php(167): Fideloper\\Proxy\\TrustProxies->handle(Object(Illuminate\\Http\\Request), Object(Closure))
#56 /var/www/beas.in/public_html/ramkrishna_dharma_chakra/vendor/laravel/framework/src/Illuminate/Pipeline/Pipeline.php(103): Illuminate\\Pipeline\\Pipeline->Illuminate\\Pipeline\\{closure}(Object(Illuminate\\Http\\Request))
#57 /var/www/beas.in/public_html/ramkrishna_dharma_chakra/vendor/laravel/framework/src/Illuminate/Foundation/Http/Kernel.php(142): Illuminate\\Pipeline\\Pipeline->then(Object(Closure))
#58 /var/www/beas.in/public_html/ramkrishna_dharma_chakra/vendor/laravel/framework/src/Illuminate/Foundation/Http/Kernel.php(111): Illuminate\\Foundation\\Http\\Kernel->sendRequestThroughRouter(Object(Illuminate\\Http\\Request))
#59 /var/www/beas.in/public_html/ramkrishna_dharma_chakra/index.php(54): Illuminate\\Foundation\\Http\\Kernel->handle(Object(Illuminate\\Http\\Request))
#60 {main}

[previous exception] [object] (ErrorException(code: 0): Attempt to read property \"image\" on null at /var/www/beas.in/public_html/ramkrishna_dharma_chakra/storage/framework/views/f682938668588d27255d7a0c60c88caa0abe8a1e.php:31)
[stacktrace]
#0 /var/www/beas.in/public_html/ramkrishna_dharma_chakra/storage/framework/views/f682938668588d27255d7a0c60c88caa0abe8a1e.php(31): Illuminate\\Foundation\\Bootstrap\\HandleExceptions->handleError(2, 'Attempt to read...', '/var/www/beas.i...', 31)
#1 /var/www/beas.in/public_html/ramkrishna_dharma_chakra/vendor/laravel/framework/src/Illuminate/Filesystem/Filesystem.php(107): require('/var/www/beas.i...')
#2 /var/www/beas.in/public_html/ramkrishna_dharma_chakra/vendor/laravel/framework/src/Illuminate/Filesystem/Filesystem.php(108): Illuminate\\Filesystem\\Filesystem::Illuminate\\Filesystem\\{closure}()
#3 /var/www/beas.in/public_html/ramkrishna_dharma_chakra/vendor/laravel/framework/src/Illuminate/View/Engines/PhpEngine.php(58): Illuminate\\Filesystem\\Filesystem->getRequire('/var/www/beas.i...', Array)
#4 /var/www/beas.in/public_html/ramkrishna_dharma_chakra/vendor/laravel/framework/src/Illuminate/View/Engines/CompilerEngine.php(61): Illuminate\\View\\Engines\\PhpEngine->evaluatePath('/var/www/beas.i...', Array)
#5 /var/www/beas.in/public_html/ramkrishna_dharma_chakra/vendor/facade/ignition/src/Views/Engines/CompilerEngine.php(37): Illuminate\\View\\Engines\\CompilerEngine->get('/var/www/beas.i...', Array)
#6 /var/www/beas.in/public_html/ramkrishna_dharma_chakra/vendor/laravel/framework/src/Illuminate/View/View.php(139): Facade\\Ignition\\Views\\Engines\\CompilerEngine->get('/var/www/beas.i...', Array)
#7 /var/www/beas.in/public_html/ramkrishna_dharma_chakra/vendor/laravel/framework/src/Illuminate/View/View.php(122): Illuminate\\View\\View->getContents()
#8 /var/www/beas.in/public_html/ramkrishna_dharma_chakra/vendor/laravel/framework/src/Illuminate/View/View.php(91): Illuminate\\View\\View->renderContents()
#9 /var/www/beas.in/public_html/ramkrishna_dharma_chakra/storage/framework/views/9368343e039d10bce0899e48de4cabeae0001b7c.php(14): Illuminate\\View\\View->render()
#10 /var/www/beas.in/public_html/ramkrishna_dharma_chakra/vendor/laravel/framework/src/Illuminate/Filesystem/Filesystem.php(107): require('/var/www/beas.i...')
#11 /var/www/beas.in/public_html/ramkrishna_dharma_chakra/vendor/laravel/framework/src/Illuminate/Filesystem/Filesystem.php(108): Illuminate\\Filesystem\\Filesystem::Illuminate\\Filesystem\\{closure}()
#12 /var/www/beas.in/public_html/ramkrishna_dharma_chakra/vendor/laravel/framework/src/Illuminate/View/Engines/PhpEngine.php(58): Illuminate\\Filesystem\\Filesystem->getRequire('/var/www/beas.i...', Array)
#13 /var/www/beas.in/public_html/ramkrishna_dharma_chakra/vendor/laravel/framework/src/Illuminate/View/Engines/CompilerEngine.php(61): Illuminate\\View\\Engines\\PhpEngine->evaluatePath('/var/www/beas.i...', Array)
#14 /var/www/beas.in/public_html/ramkrishna_dharma_chakra/vendor/facade/ignition/src/Views/Engines/CompilerEngine.php(37): Illuminate\\View\\Engines\\CompilerEngine->get('/var/www/beas.i...', Array)
#15 /var/www/beas.in/public_html/ramkrishna_dharma_chakra/vendor/laravel/framework/src/Illuminate/View/View.php(139): Facade\\Ignition\\Views\\Engines\\CompilerEngine->get('/var/www/beas.i...', Array)
#16 /var/www/beas.in/public_html/ramkrishna_dharma_chakra/vendor/laravel/framework/src/Illuminate/View/View.php(122): Illuminate\\View\\View->getContents()
#17 /var/www/beas.in/public_html/ramkrishna_dharma_chakra/vendor/laravel/framework/src/Illuminate/View/View.php(91): Illuminate\\View\\View->renderContents()
#18 /var/www/beas.in/public_html/ramkrishna_dharma_chakra/vendor/laravel/framework/src/Illuminate/Http/Response.php(69): Illuminate\\View\\View->render()
#19 /var/www/beas.in/public_html/ramkrishna_dharma_chakra/vendor/laravel/framework/src/Illuminate/Http/Response.php(35): Illuminate\\Http\\Response->setContent(Object(Illuminate\\View\\View))
#20 /var/www/beas.in/public_html/ramkrishna_dharma_chakra/vendor/laravel/framework/src/Illuminate/Routing/Router.php(820): Illuminate\\Http\\Response->__construct(Object(Illuminate\\View\\View), 200, Array)
#21 /var/www/beas.in/public_html/ramkrishna_dharma_chakra/vendor/laravel/framework/src/Illuminate/Routing/Router.php(789): Illuminate\\Routing\\Router::toResponse(Object(Illuminate\\Http\\Request), Object(Illuminate\\View\\View))
#22 /var/www/beas.in/public_html/ramkrishna_dharma_chakra/vendor/laravel/framework/src/Illuminate/Routing/Router.php(721): Illuminate\\Routing\\Router->prepareResponse(Object(Illuminate\\Http\\Request), Object(Illuminate\\View\\View))
#23 /var/www/beas.in/public_html/ramkrishna_dharma_chakra/vendor/laravel/framework/src/Illuminate/Pipeline/Pipeline.php(128): Illuminate\\Routing\\Router->Illuminate\\Routing\\{closure}(Object(Illuminate\\Http\\Request))
#24 /var/www/beas.in/public_html/ramkrishna_dharma_chakra/vendor/laravel/framework/src/Illuminate/Routing/Middleware/SubstituteBindings.php(50): Illuminate\\Pipeline\\Pipeline->Illuminate\\Pipeline\\{closure}(Object(Illuminate\\Http\\Request))
#25 /var/www/beas.in/public_html/ramkrishna_dharma_chakra/vendor/laravel/framework/src/Illuminate/Pipeline/Pipeline.php(167): Illuminate\\Routing\\Middleware\\SubstituteBindings->handle(Object(Illuminate\\Http\\Request), Object(Closure))
#26 /var/www/beas.in/public_html/ramkrishna_dharma_chakra/vendor/laravel/framework/src/Illuminate/Foundation/Http/Middleware/VerifyCsrfToken.php(78): Illuminate\\Pipeline\\Pipeline->Illuminate\\Pipeline\\{closure}(Object(Illuminate\\Http\\Request))
#27 /var/www/beas.in/public_html/ramkrishna_dharma_chakra/vendor/laravel/framework/src/Illuminate/Pipeline/Pipeline.php(167): Illuminate\\Foundation\\Http\\Middleware\\VerifyCsrfToken->handle(Object(Illuminate\\Http\\Request), Object(Closure))
#28 /var/www/beas.in/public_html/ramkrishna_dharma_chakra/vendor/laravel/framework/src/Illuminate/View/Middleware/ShareErrorsFromSession.php(49): Illuminate\\Pipeline\\Pipeline->Illuminate\\Pipeline\\{closure}(Object(Illuminate\\Http\\Request))
#29 /var/www/beas.in/public_html/ramkrishna_dharma_chakra/vendor/laravel/framework/src/Illuminate/Pipeline/Pipeline.php(167): Illuminate\\View\\Middleware\\ShareErrorsFromSession->handle(Object(Illuminate\\Http\\Request), Object(Closure))
#30 /var/www/beas.in/public_html/ramkrishna_dharma_chakra/vendor/laravel/framework/src/Illuminate/Session/Middleware/StartSession.php(121): Illuminate\\Pipeline\\Pipeline->Illuminate\\Pipeline\\{closure}(Object(Illuminate\\Http\\Request))
#31 /var/www/beas.in/public_html/ramkrishna_dharma_chakra/vendor/laravel/framework/src/Illuminate/Session/Middleware/StartSession.php(64): Illuminate\\Session\\Middleware\\StartSession->handleStatefulRequest(Object(Illuminate\\Http\\Request), Object(Illuminate\\Session\\Store), Object(Closure))
#32 /var/www/beas.in/public_html/ramkrishna_dharma_chakra/vendor/laravel/framework/src/Illuminate/Pipeline/Pipeline.php(167): Illuminate\\Session\\Middleware\\StartSession->handle(Object(Illuminate\\Http\\Request), Object(Closure))
#33 /var/www/beas.in/public_html/ramkrishna_dharma_chakra/vendor/laravel/framework/src/Illuminate/Cookie/Middleware/AddQueuedCookiesToResponse.php(37): Illuminate\\Pipeline\\Pipeline->Illuminate\\Pipeline\\{closure}(Object(Illuminate\\Http\\Request))
#34 /var/www/beas.in/public_html/ramkrishna_dharma_chakra/vendor/laravel/framework/src/Illuminate/Pipeline/Pipeline.php(167): Illuminate\\Cookie\\Middleware\\AddQueuedCookiesToResponse->handle(Object(Illuminate\\Http\\Request), Object(Closure))
#35 /var/www/beas.in/public_html/ramkrishna_dharma_chakra/vendor/laravel/framework/src/Illuminate/Cookie/Middleware/EncryptCookies.php(67): Illuminate\\Pipeline\\Pipeline->Illuminate\\Pipeline\\{closure}(Object(Illuminate\\Http\\Request))
#36 /var/www/beas.in/public_html/ramkrishna_dharma_chakra/vendor/laravel/framework/src/Illuminate/Pipeline/Pipeline.php(167): Illuminate\\Cookie\\Middleware\\EncryptCookies->handle(Object(Illuminate\\Http\\Request), Object(Closure))
#37 /var/www/beas.in/public_html/ramkrishna_dharma_chakra/vendor/laravel/framework/src/Illuminate/Pipeline/Pipeline.php(103): Illuminate\\Pipeline\\Pipeline->Illuminate\\Pipeline\\{closure}(Object(Illuminate\\Http\\Request))
#38 /var/www/beas.in/public_html/ramkrishna_dharma_chakra/vendor/laravel/framework/src/Illuminate/Routing/Router.php(723): Illuminate\\Pipeline\\Pipeline->then(Object(Closure))
#39 /var/www/beas.in/public_html/ramkrishna_dharma_chakra/vendor/laravel/framework/src/Illuminate/Routing/Router.php(698): Illuminate\\Routing\\Router->runRouteWithinStack(Object(Illuminate\\Routing\\Route), Object(Illuminate\\Http\\Request))
#40 /var/www/beas.in/public_html/ramkrishna_dharma_chakra/vendor/laravel/framework/src/Illuminate/Routing/Router.php(662): Illuminate\\Routing\\Router->runRoute(Object(Illuminate\\Http\\Request), Object(Illuminate\\Routing\\Route))
#41 /var/www/beas.in/public_html/ramkrishna_dharma_chakra/vendor/laravel/framework/src/Illuminate/Routing/Router.php(651): Illuminate\\Routing\\Router->dispatchToRoute(Object(Illuminate\\Http\\Request))
#42 /var/www/beas.in/public_html/ramkrishna_dharma_chakra/vendor/laravel/framework/src/Illuminate/Foundation/Http/Kernel.php(167): Illuminate\\Routing\\Router->dispatch(Object(Illuminate\\Http\\Request))
#43 /var/www/beas.in/public_html/ramkrishna_dharma_chakra/vendor/laravel/framework/src/Illuminate/Pipeline/Pipeline.php(128): Illuminate\\Foundation\\Http\\Kernel->Illuminate\\Foundation\\Http\\{closure}(Object(Illuminate\\Http\\Request))
#44 /var/www/beas.in/public_html/ramkrishna_dharma_chakra/vendor/laravel/framework/src/Illuminate/Foundation/Http/Middleware/TransformsRequest.php(21): Illuminate\\Pipeline\\Pipeline->Illuminate\\Pipeline\\{closure}(Object(Illuminate\\Http\\Request))
#45 /var/www/beas.in/public_html/ramkrishna_dharma_chakra/vendor/laravel/framework/src/Illuminate/Foundation/Http/Middleware/ConvertEmptyStringsToNull.php(31): Illuminate\\Foundation\\Http\\Middleware\\TransformsRequest->handle(Object(Illuminate\\Http\\Request), Object(Closure))
#46 /var/www/beas.in/public_html/ramkrishna_dharma_chakra/vendor/laravel/framework/src/Illuminate/Pipeline/Pipeline.php(167): Illuminate\\Foundation\\Http\\Middleware\\ConvertEmptyStringsToNull->handle(Object(Illuminate\\Http\\Request), Object(Closure))
#47 /var/www/beas.in/public_html/ramkrishna_dharma_chakra/vendor/laravel/framework/src/Illuminate/Foundation/Http/Middleware/TransformsRequest.php(21): Illuminate\\Pipeline\\Pipeline->Illuminate\\Pipeline\\{closure}(Object(Illuminate\\Http\\Request))
#48 /var/www/beas.in/public_html/ramkrishna_dharma_chakra/vendor/laravel/framework/src/Illuminate/Foundation/Http/Middleware/TrimStrings.php(40): Illuminate\\Foundation\\Http\\Middleware\\TransformsRequest->handle(Object(Illuminate\\Http\\Request), Object(Closure))
#49 /var/www/beas.in/public_html/ramkrishna_dharma_chakra/vendor/laravel/framework/src/Illuminate/Pipeline/Pipeline.php(167): Illuminate\\Foundation\\Http\\Middleware\\TrimStrings->handle(Object(Illuminate\\Http\\Request), Object(Closure))
#50 /var/www/beas.in/public_html/ramkrishna_dharma_chakra/vendor/laravel/framework/src/Illuminate/Foundation/Http/Middleware/ValidatePostSize.php(27): Illuminate\\Pipeline\\Pipeline->Illuminate\\Pipeline\\{closure}(Object(Illuminate\\Http\\Request))
#51 /var/www/beas.in/public_html/ramkrishna_dharma_chakra/vendor/laravel/framework/src/Illuminate/Pipeline/Pipeline.php(167): Illuminate\\Foundation\\Http\\Middleware\\ValidatePostSize->handle(Object(Illuminate\\Http\\Request), Object(Closure))
#52 /var/www/beas.in/public_html/ramkrishna_dharma_chakra/vendor/laravel/framework/src/Illuminate/Foundation/Http/Middleware/PreventRequestsDuringMaintenance.php(86): Illuminate\\Pipeline\\Pipeline->Illuminate\\Pipeline\\{closure}(Object(Illuminate\\Http\\Request))
#53 /var/www/beas.in/public_html/ramkrishna_dharma_chakra/vendor/laravel/framework/src/Illuminate/Pipeline/Pipeline.php(167): Illuminate\\Foundation\\Http\\Middleware\\PreventRequestsDuringMaintenance->handle(Object(Illuminate\\Http\\Request), Object(Closure))
#54 /var/www/beas.in/public_html/ramkrishna_dharma_chakra/vendor/fideloper/proxy/src/TrustProxies.php(57): Illuminate\\Pipeline\\Pipeline->Illuminate\\Pipeline\\{closure}(Object(Illuminate\\Http\\Request))
#55 /var/www/beas.in/public_html/ramkrishna_dharma_chakra/vendor/laravel/framework/src/Illuminate/Pipeline/Pipeline.php(167): Fideloper\\Proxy\\TrustProxies->handle(Object(Illuminate\\Http\\Request), Object(Closure))
#56 /var/www/beas.in/public_html/ramkrishna_dharma_chakra/vendor/laravel/framework/src/Illuminate/Pipeline/Pipeline.php(103): Illuminate\\Pipeline\\Pipeline->Illuminate\\Pipeline\\{closure}(Object(Illuminate\\Http\\Request))
#57 /var/www/beas.in/public_html/ramkrishna_dharma_chakra/vendor/laravel/framework/src/Illuminate/Foundation/Http/Kernel.php(142): Illuminate\\Pipeline\\Pipeline->then(Object(Closure))
#58 /var/www/beas.in/public_html/ramkrishna_dharma_chakra/vendor/laravel/framework/src/Illuminate/Foundation/Http/Kernel.php(111): Illuminate\\Foundation\\Http\\Kernel->sendRequestThroughRouter(Object(Illuminate\\Http\\Request))
#59 /var/www/beas.in/public_html/ramkrishna_dharma_chakra/index.php(54): Illuminate\\Foundation\\Http\\Kernel->handle(Object(Illuminate\\Http\\Request))
#60 {main}
"} 
[2023-08-09 17:19:33] local.ERROR: Attempt to read property "image" on null (View: /var/www/beas.in/public_html/ramkrishna_dharma_chakra/resources/views/admin/includes/header.blade.php) {"view":{"view":"/var/www/beas.in/public_html/ramkrishna_dharma_chakra/resources/views/admin/includes/header.blade.php","data":{"errors":"<pre class=sf-dump id=sf-dump-1796735619 data-indent-pad=\"  \"><span class=sf-dump-note>Illuminate\\Support\\ViewErrorBag</span> {<a class=sf-dump-ref>#441</a><samp data-depth=1 class=sf-dump-expanded>
  #<span class=sf-dump-protected title=\"Protected property\">bags</span>: []
</samp>}
</pre><script>Sfdump(\"sf-dump-1796735619\", {\"maxDepth\":3,\"maxStringLength\":160})</script>
","data":"<pre class=sf-dump id=sf-dump-600098250 data-indent-pad=\"  \"><span class=sf-dump-note>Illuminate\\Pagination\\LengthAwarePaginator</span> {<a class=sf-dump-ref>#459</a><samp data-depth=1 class=sf-dump-expanded>
  #<span class=sf-dump-protected title=\"Protected property\">total</span>: <span class=sf-dump-num>36</span>
  #<span class=sf-dump-protected title=\"Protected property\">lastPage</span>: <span class=sf-dump-num>4</span>
  #<span class=sf-dump-protected title=\"Protected property\">items</span>: <span class=sf-dump-note title=\"Illuminate\\Database\\Eloquent\\Collection
\"><span class=\"sf-dump-ellipsis sf-dump-ellipsis-note\">Illuminate\\Database\\Eloquent</span><span class=\"sf-dump-ellipsis sf-dump-ellipsis-note\">\\</span>Collection</span> {<a class=sf-dump-ref>#468</a><samp data-depth=2 class=sf-dump-compact>
    #<span class=sf-dump-protected title=\"Protected property\">items</span>: <span class=sf-dump-note>array:10</span> [<samp data-depth=3 class=sf-dump-compact>
      <span class=sf-dump-index>0</span> => <span class=sf-dump-note title=\"App\\Models\\Publication
\"><span class=\"sf-dump-ellipsis sf-dump-ellipsis-note\">App\\Models</span><span class=\"sf-dump-ellipsis sf-dump-ellipsis-note\">\\</span>Publication</span> {<a class=sf-dump-ref>#469</a> &#8230;30}
      <span class=sf-dump-index>1</span> => <span class=sf-dump-note title=\"App\\Models\\Publication
\"><span class=\"sf-dump-ellipsis sf-dump-ellipsis-note\">App\\Models</span><span class=\"sf-dump-ellipsis sf-dump-ellipsis-note\">\\</span>Publication</span> {<a class=sf-dump-ref>#470</a> &#8230;30}
      <span class=sf-dump-index>2</span> => <span class=sf-dump-note title=\"App\\Models\\Publication
\"><span class=\"sf-dump-ellipsis sf-dump-ellipsis-note\">App\\Models</span><span class=\"sf-dump-ellipsis sf-dump-ellipsis-note\">\\</span>Publication</span> {<a class=sf-dump-ref>#471</a> &#8230;30}
      <span class=sf-dump-index>3</span> => <span class=sf-dump-note title=\"App\\Models\\Publication
\"><span class=\"sf-dump-ellipsis sf-dump-ellipsis-note\">App\\Models</span><span class=\"sf-dump-ellipsis sf-dump-ellipsis-note\">\\</span>Publication</span> {<a class=sf-dump-ref>#472</a> &#8230;30}
      <span class=sf-dump-index>4</span> => <span class=sf-dump-note title=\"App\\Models\\Publication
\"><span class=\"sf-dump-ellipsis sf-dump-ellipsis-note\">App\\Models</span><span class=\"sf-dump-ellipsis sf-dump-ellipsis-note\">\\</span>Publication</span> {<a class=sf-dump-ref>#473</a> &#8230;30}
      <span class=sf-dump-index>5</span> => <span class=sf-dump-note title=\"App\\Models\\Publication
\"><span class=\"sf-dump-ellipsis sf-dump-ellipsis-note\">App\\Models</span><span class=\"sf-dump-ellipsis sf-dump-ellipsis-note\">\\</span>Publication</span> {<a class=sf-dump-ref>#474</a> &#8230;30}
      <span class=sf-dump-index>6</span> => <span class=sf-dump-note title=\"App\\Models\\Publication
\"><span class=\"sf-dump-ellipsis sf-dump-ellipsis-note\">App\\Models</span><span class=\"sf-dump-ellipsis sf-dump-ellipsis-note\">\\</span>Publication</span> {<a class=sf-dump-ref>#475</a> &#8230;30}
      <span class=sf-dump-index>7</span> => <span class=sf-dump-note title=\"App\\Models\\Publication
\"><span class=\"sf-dump-ellipsis sf-dump-ellipsis-note\">App\\Models</span><span class=\"sf-dump-ellipsis sf-dump-ellipsis-note\">\\</span>Publication</span> {<a class=sf-dump-ref>#476</a> &#8230;30}
      <span class=sf-dump-index>8</span> => <span class=sf-dump-note title=\"App\\Models\\Publication
\"><span class=\"sf-dump-ellipsis sf-dump-ellipsis-note\">App\\Models</span><span class=\"sf-dump-ellipsis sf-dump-ellipsis-note\">\\</span>Publication</span> {<a class=sf-dump-ref>#477</a> &#8230;30}
      <span class=sf-dump-index>9</span> => <span class=sf-dump-note title=\"App\\Models\\Publication
\"><span class=\"sf-dump-ellipsis sf-dump-ellipsis-note\">App\\Models</span><span class=\"sf-dump-ellipsis sf-dump-ellipsis-note\">\\</span>Publication</span> {<a class=sf-dump-ref>#478</a> &#8230;30}
    </samp>]
    #<span class=sf-dump-protected title=\"Protected property\">escapeWhenCastingToString</span>: <span class=sf-dump-const>false</span>
  </samp>}
  #<span class=sf-dump-protected title=\"Protected property\">perPage</span>: <span class=sf-dump-num>10</span>
  #<span class=sf-dump-protected title=\"Protected property\">currentPage</span>: <span class=sf-dump-num>3</span>
  #<span class=sf-dump-protected title=\"Protected property\">path</span>: \"<span class=sf-dump-str title=\"58 characters\">https://beas.in/ramkrishna_dharma_chakra/admin/publication</span>\"
  #<span class=sf-dump-protected title=\"Protected property\">query</span>: []
  #<span class=sf-dump-protected title=\"Protected property\">fragment</span>: <span class=sf-dump-const>null</span>
  #<span class=sf-dump-protected title=\"Protected property\">pageName</span>: \"<span class=sf-dump-str title=\"4 characters\">page</span>\"
  +<span class=sf-dump-public title=\"Public property\">onEachSide</span>: <span class=sf-dump-num>3</span>
  #<span class=sf-dump-protected title=\"Protected property\">options</span>: <span class=sf-dump-note>array:2</span> [<samp data-depth=2 class=sf-dump-compact>
    \"<span class=sf-dump-key>path</span>\" => \"<span class=sf-dump-str title=\"58 characters\">https://beas.in/ramkrishna_dharma_chakra/admin/publication</span>\"
    \"<span class=sf-dump-key>pageName</span>\" => \"<span class=sf-dump-str title=\"4 characters\">page</span>\"
  </samp>]
</samp>}
</pre><script>Sfdump(\"sf-dump-600098250\", {\"maxDepth\":3,\"maxStringLength\":160})</script>
"}},"exception":"[object] (Facade\\Ignition\\Exceptions\\ViewException(code: 0): Attempt to read property \"image\" on null (View: /var/www/beas.in/public_html/ramkrishna_dharma_chakra/resources/views/admin/includes/header.blade.php) at /var/www/beas.in/public_html/ramkrishna_dharma_chakra/resources/views/admin/includes/header.blade.php:31)
[stacktrace]
#0 /var/www/beas.in/public_html/ramkrishna_dharma_chakra/resources/views/admin/includes/header.blade.php(31): Illuminate\\Foundation\\Bootstrap\\HandleExceptions->handleError(2, 'Attempt to read...', '/var/www/beas.i...', 31)
#1 /var/www/beas.in/public_html/ramkrishna_dharma_chakra/vendor/laravel/framework/src/Illuminate/Filesystem/Filesystem.php(107): require('/var/www/beas.i...')
#2 /var/www/beas.in/public_html/ramkrishna_dharma_chakra/vendor/laravel/framework/src/Illuminate/Filesystem/Filesystem.php(108): Illuminate\\Filesystem\\Filesystem::Illuminate\\Filesystem\\{closure}()
#3 /var/www/beas.in/public_html/ramkrishna_dharma_chakra/vendor/laravel/framework/src/Illuminate/View/Engines/PhpEngine.php(58): Illuminate\\Filesystem\\Filesystem->getRequire('/var/www/beas.i...', Array)
#4 /var/www/beas.in/public_html/ramkrishna_dharma_chakra/vendor/laravel/framework/src/Illuminate/View/Engines/CompilerEngine.php(61): Illuminate\\View\\Engines\\PhpEngine->evaluatePath('/var/www/beas.i...', Array)
#5 /var/www/beas.in/public_html/ramkrishna_dharma_chakra/vendor/facade/ignition/src/Views/Engines/CompilerEngine.php(37): Illuminate\\View\\Engines\\CompilerEngine->get('/var/www/beas.i...', Array)
#6 /var/www/beas.in/public_html/ramkrishna_dharma_chakra/vendor/laravel/framework/src/Illuminate/View/View.php(139): Facade\\Ignition\\Views\\Engines\\CompilerEngine->get('/var/www/beas.i...', Array)
#7 /var/www/beas.in/public_html/ramkrishna_dharma_chakra/vendor/laravel/framework/src/Illuminate/View/View.php(122): Illuminate\\View\\View->getContents()
#8 /var/www/beas.in/public_html/ramkrishna_dharma_chakra/vendor/laravel/framework/src/Illuminate/View/View.php(91): Illuminate\\View\\View->renderContents()
#9 /var/www/beas.in/public_html/ramkrishna_dharma_chakra/resources/views/admin/publication/index.blade.php(14): Illuminate\\View\\View->render()
#10 /var/www/beas.in/public_html/ramkrishna_dharma_chakra/vendor/laravel/framework/src/Illuminate/Filesystem/Filesystem.php(107): require('/var/www/beas.i...')
#11 /var/www/beas.in/public_html/ramkrishna_dharma_chakra/vendor/laravel/framework/src/Illuminate/Filesystem/Filesystem.php(108): Illuminate\\Filesystem\\Filesystem::Illuminate\\Filesystem\\{closure}()
#12 /var/www/beas.in/public_html/ramkrishna_dharma_chakra/vendor/laravel/framework/src/Illuminate/View/Engines/PhpEngine.php(58): Illuminate\\Filesystem\\Filesystem->getRequire('/var/www/beas.i...', Array)
#13 /var/www/beas.in/public_html/ramkrishna_dharma_chakra/vendor/laravel/framework/src/Illuminate/View/Engines/CompilerEngine.php(61): Illuminate\\View\\Engines\\PhpEngine->evaluatePath('/var/www/beas.i...', Array)
#14 /var/www/beas.in/public_html/ramkrishna_dharma_chakra/vendor/facade/ignition/src/Views/Engines/CompilerEngine.php(37): Illuminate\\View\\Engines\\CompilerEngine->get('/var/www/beas.i...', Array)
#15 /var/www/beas.in/public_html/ramkrishna_dharma_chakra/vendor/laravel/framework/src/Illuminate/View/View.php(139): Facade\\Ignition\\Views\\Engines\\CompilerEngine->get('/var/www/beas.i...', Array)
#16 /var/www/beas.in/public_html/ramkrishna_dharma_chakra/vendor/laravel/framework/src/Illuminate/View/View.php(122): Illuminate\\View\\View->getContents()
#17 /var/www/beas.in/public_html/ramkrishna_dharma_chakra/vendor/laravel/framework/src/Illuminate/View/View.php(91): Illuminate\\View\\View->renderContents()
#18 /var/www/beas.in/public_html/ramkrishna_dharma_chakra/vendor/laravel/framework/src/Illuminate/Http/Response.php(69): Illuminate\\View\\View->render()
#19 /var/www/beas.in/public_html/ramkrishna_dharma_chakra/vendor/laravel/framework/src/Illuminate/Http/Response.php(35): Illuminate\\Http\\Response->setContent(Object(Illuminate\\View\\View))
#20 /var/www/beas.in/public_html/ramkrishna_dharma_chakra/vendor/laravel/framework/src/Illuminate/Routing/Router.php(820): Illuminate\\Http\\Response->__construct(Object(Illuminate\\View\\View), 200, Array)
#21 /var/www/beas.in/public_html/ramkrishna_dharma_chakra/vendor/laravel/framework/src/Illuminate/Routing/Router.php(789): Illuminate\\Routing\\Router::toResponse(Object(Illuminate\\Http\\Request), Object(Illuminate\\View\\View))
#22 /var/www/beas.in/public_html/ramkrishna_dharma_chakra/vendor/laravel/framework/src/Illuminate/Routing/Router.php(721): Illuminate\\Routing\\Router->prepareResponse(Object(Illuminate\\Http\\Request), Object(Illuminate\\View\\View))
#23 /var/www/beas.in/public_html/ramkrishna_dharma_chakra/vendor/laravel/framework/src/Illuminate/Pipeline/Pipeline.php(128): Illuminate\\Routing\\Router->Illuminate\\Routing\\{closure}(Object(Illuminate\\Http\\Request))
#24 /var/www/beas.in/public_html/ramkrishna_dharma_chakra/vendor/laravel/framework/src/Illuminate/Routing/Middleware/SubstituteBindings.php(50): Illuminate\\Pipeline\\Pipeline->Illuminate\\Pipeline\\{closure}(Object(Illuminate\\Http\\Request))
#25 /var/www/beas.in/public_html/ramkrishna_dharma_chakra/vendor/laravel/framework/src/Illuminate/Pipeline/Pipeline.php(167): Illuminate\\Routing\\Middleware\\SubstituteBindings->handle(Object(Illuminate\\Http\\Request), Object(Closure))
#26 /var/www/beas.in/public_html/ramkrishna_dharma_chakra/vendor/laravel/framework/src/Illuminate/Foundation/Http/Middleware/VerifyCsrfToken.php(78): Illuminate\\Pipeline\\Pipeline->Illuminate\\Pipeline\\{closure}(Object(Illuminate\\Http\\Request))
#27 /var/www/beas.in/public_html/ramkrishna_dharma_chakra/vendor/laravel/framework/src/Illuminate/Pipeline/Pipeline.php(167): Illuminate\\Foundation\\Http\\Middleware\\VerifyCsrfToken->handle(Object(Illuminate\\Http\\Request), Object(Closure))
#28 /var/www/beas.in/public_html/ramkrishna_dharma_chakra/vendor/laravel/framework/src/Illuminate/View/Middleware/ShareErrorsFromSession.php(49): Illuminate\\Pipeline\\Pipeline->Illuminate\\Pipeline\\{closure}(Object(Illuminate\\Http\\Request))
#29 /var/www/beas.in/public_html/ramkrishna_dharma_chakra/vendor/laravel/framework/src/Illuminate/Pipeline/Pipeline.php(167): Illuminate\\View\\Middleware\\ShareErrorsFromSession->handle(Object(Illuminate\\Http\\Request), Object(Closure))
#30 /var/www/beas.in/public_html/ramkrishna_dharma_chakra/vendor/laravel/framework/src/Illuminate/Session/Middleware/StartSession.php(121): Illuminate\\Pipeline\\Pipeline->Illuminate\\Pipeline\\{closure}(Object(Illuminate\\Http\\Request))
#31 /var/www/beas.in/public_html/ramkrishna_dharma_chakra/vendor/laravel/framework/src/Illuminate/Session/Middleware/StartSession.php(64): Illuminate\\Session\\Middleware\\StartSession->handleStatefulRequest(Object(Illuminate\\Http\\Request), Object(Illuminate\\Session\\Store), Object(Closure))
#32 /var/www/beas.in/public_html/ramkrishna_dharma_chakra/vendor/laravel/framework/src/Illuminate/Pipeline/Pipeline.php(167): Illuminate\\Session\\Middleware\\StartSession->handle(Object(Illuminate\\Http\\Request), Object(Closure))
#33 /var/www/beas.in/public_html/ramkrishna_dharma_chakra/vendor/laravel/framework/src/Illuminate/Cookie/Middleware/AddQueuedCookiesToResponse.php(37): Illuminate\\Pipeline\\Pipeline->Illuminate\\Pipeline\\{closure}(Object(Illuminate\\Http\\Request))
#34 /var/www/beas.in/public_html/ramkrishna_dharma_chakra/vendor/laravel/framework/src/Illuminate/Pipeline/Pipeline.php(167): Illuminate\\Cookie\\Middleware\\AddQueuedCookiesToResponse->handle(Object(Illuminate\\Http\\Request), Object(Closure))
#35 /var/www/beas.in/public_html/ramkrishna_dharma_chakra/vendor/laravel/framework/src/Illuminate/Cookie/Middleware/EncryptCookies.php(67): Illuminate\\Pipeline\\Pipeline->Illuminate\\Pipeline\\{closure}(Object(Illuminate\\Http\\Request))
#36 /var/www/beas.in/public_html/ramkrishna_dharma_chakra/vendor/laravel/framework/src/Illuminate/Pipeline/Pipeline.php(167): Illuminate\\Cookie\\Middleware\\EncryptCookies->handle(Object(Illuminate\\Http\\Request), Object(Closure))
#37 /var/www/beas.in/public_html/ramkrishna_dharma_chakra/vendor/laravel/framework/src/Illuminate/Pipeline/Pipeline.php(103): Illuminate\\Pipeline\\Pipeline->Illuminate\\Pipeline\\{closure}(Object(Illuminate\\Http\\Request))
#38 /var/www/beas.in/public_html/ramkrishna_dharma_chakra/vendor/laravel/framework/src/Illuminate/Routing/Router.php(723): Illuminate\\Pipeline\\Pipeline->then(Object(Closure))
#39 /var/www/beas.in/public_html/ramkrishna_dharma_chakra/vendor/laravel/framework/src/Illuminate/Routing/Router.php(698): Illuminate\\Routing\\Router->runRouteWithinStack(Object(Illuminate\\Routing\\Route), Object(Illuminate\\Http\\Request))
#40 /var/www/beas.in/public_html/ramkrishna_dharma_chakra/vendor/laravel/framework/src/Illuminate/Routing/Router.php(662): Illuminate\\Routing\\Router->runRoute(Object(Illuminate\\Http\\Request), Object(Illuminate\\Routing\\Route))
#41 /var/www/beas.in/public_html/ramkrishna_dharma_chakra/vendor/laravel/framework/src/Illuminate/Routing/Router.php(651): Illuminate\\Routing\\Router->dispatchToRoute(Object(Illuminate\\Http\\Request))
#42 /var/www/beas.in/public_html/ramkrishna_dharma_chakra/vendor/laravel/framework/src/Illuminate/Foundation/Http/Kernel.php(167): Illuminate\\Routing\\Router->dispatch(Object(Illuminate\\Http\\Request))
#43 /var/www/beas.in/public_html/ramkrishna_dharma_chakra/vendor/laravel/framework/src/Illuminate/Pipeline/Pipeline.php(128): Illuminate\\Foundation\\Http\\Kernel->Illuminate\\Foundation\\Http\\{closure}(Object(Illuminate\\Http\\Request))
#44 /var/www/beas.in/public_html/ramkrishna_dharma_chakra/vendor/laravel/framework/src/Illuminate/Foundation/Http/Middleware/TransformsRequest.php(21): Illuminate\\Pipeline\\Pipeline->Illuminate\\Pipeline\\{closure}(Object(Illuminate\\Http\\Request))
#45 /var/www/beas.in/public_html/ramkrishna_dharma_chakra/vendor/laravel/framework/src/Illuminate/Foundation/Http/Middleware/ConvertEmptyStringsToNull.php(31): Illuminate\\Foundation\\Http\\Middleware\\TransformsRequest->handle(Object(Illuminate\\Http\\Request), Object(Closure))
#46 /var/www/beas.in/public_html/ramkrishna_dharma_chakra/vendor/laravel/framework/src/Illuminate/Pipeline/Pipeline.php(167): Illuminate\\Foundation\\Http\\Middleware\\ConvertEmptyStringsToNull->handle(Object(Illuminate\\Http\\Request), Object(Closure))
#47 /var/www/beas.in/public_html/ramkrishna_dharma_chakra/vendor/laravel/framework/src/Illuminate/Foundation/Http/Middleware/TransformsRequest.php(21): Illuminate\\Pipeline\\Pipeline->Illuminate\\Pipeline\\{closure}(Object(Illuminate\\Http\\Request))
#48 /var/www/beas.in/public_html/ramkrishna_dharma_chakra/vendor/laravel/framework/src/Illuminate/Foundation/Http/Middleware/TrimStrings.php(40): Illuminate\\Foundation\\Http\\Middleware\\TransformsRequest->handle(Object(Illuminate\\Http\\Request), Object(Closure))
#49 /var/www/beas.in/public_html/ramkrishna_dharma_chakra/vendor/laravel/framework/src/Illuminate/Pipeline/Pipeline.php(167): Illuminate\\Foundation\\Http\\Middleware\\TrimStrings->handle(Object(Illuminate\\Http\\Request), Object(Closure))
#50 /var/www/beas.in/public_html/ramkrishna_dharma_chakra/vendor/laravel/framework/src/Illuminate/Foundation/Http/Middleware/ValidatePostSize.php(27): Illuminate\\Pipeline\\Pipeline->Illuminate\\Pipeline\\{closure}(Object(Illuminate\\Http\\Request))
#51 /var/www/beas.in/public_html/ramkrishna_dharma_chakra/vendor/laravel/framework/src/Illuminate/Pipeline/Pipeline.php(167): Illuminate\\Foundation\\Http\\Middleware\\ValidatePostSize->handle(Object(Illuminate\\Http\\Request), Object(Closure))
#52 /var/www/beas.in/public_html/ramkrishna_dharma_chakra/vendor/laravel/framework/src/Illuminate/Foundation/Http/Middleware/PreventRequestsDuringMaintenance.php(86): Illuminate\\Pipeline\\Pipeline->Illuminate\\Pipeline\\{closure}(Object(Illuminate\\Http\\Request))
#53 /var/www/beas.in/public_html/ramkrishna_dharma_chakra/vendor/laravel/framework/src/Illuminate/Pipeline/Pipeline.php(167): Illuminate\\Foundation\\Http\\Middleware\\PreventRequestsDuringMaintenance->handle(Object(Illuminate\\Http\\Request), Object(Closure))
#54 /var/www/beas.in/public_html/ramkrishna_dharma_chakra/vendor/fideloper/proxy/src/TrustProxies.php(57): Illuminate\\Pipeline\\Pipeline->Illuminate\\Pipeline\\{closure}(Object(Illuminate\\Http\\Request))
#55 /var/www/beas.in/public_html/ramkrishna_dharma_chakra/vendor/laravel/framework/src/Illuminate/Pipeline/Pipeline.php(167): Fideloper\\Proxy\\TrustProxies->handle(Object(Illuminate\\Http\\Request), Object(Closure))
#56 /var/www/beas.in/public_html/ramkrishna_dharma_chakra/vendor/laravel/framework/src/Illuminate/Pipeline/Pipeline.php(103): Illuminate\\Pipeline\\Pipeline->Illuminate\\Pipeline\\{closure}(Object(Illuminate\\Http\\Request))
#57 /var/www/beas.in/public_html/ramkrishna_dharma_chakra/vendor/laravel/framework/src/Illuminate/Foundation/Http/Kernel.php(142): Illuminate\\Pipeline\\Pipeline->then(Object(Closure))
#58 /var/www/beas.in/public_html/ramkrishna_dharma_chakra/vendor/laravel/framework/src/Illuminate/Foundation/Http/Kernel.php(111): Illuminate\\Foundation\\Http\\Kernel->sendRequestThroughRouter(Object(Illuminate\\Http\\Request))
#59 /var/www/beas.in/public_html/ramkrishna_dharma_chakra/index.php(54): Illuminate\\Foundation\\Http\\Kernel->handle(Object(Illuminate\\Http\\Request))
#60 {main}

[previous exception] [object] (ErrorException(code: 0): Attempt to read property \"image\" on null at /var/www/beas.in/public_html/ramkrishna_dharma_chakra/storage/framework/views/f682938668588d27255d7a0c60c88caa0abe8a1e.php:31)
[stacktrace]
#0 /var/www/beas.in/public_html/ramkrishna_dharma_chakra/storage/framework/views/f682938668588d27255d7a0c60c88caa0abe8a1e.php(31): Illuminate\\Foundation\\Bootstrap\\HandleExceptions->handleError(2, 'Attempt to read...', '/var/www/beas.i...', 31)
#1 /var/www/beas.in/public_html/ramkrishna_dharma_chakra/vendor/laravel/framework/src/Illuminate/Filesystem/Filesystem.php(107): require('/var/www/beas.i...')
#2 /var/www/beas.in/public_html/ramkrishna_dharma_chakra/vendor/laravel/framework/src/Illuminate/Filesystem/Filesystem.php(108): Illuminate\\Filesystem\\Filesystem::Illuminate\\Filesystem\\{closure}()
#3 /var/www/beas.in/public_html/ramkrishna_dharma_chakra/vendor/laravel/framework/src/Illuminate/View/Engines/PhpEngine.php(58): Illuminate\\Filesystem\\Filesystem->getRequire('/var/www/beas.i...', Array)
#4 /var/www/beas.in/public_html/ramkrishna_dharma_chakra/vendor/laravel/framework/src/Illuminate/View/Engines/CompilerEngine.php(61): Illuminate\\View\\Engines\\PhpEngine->evaluatePath('/var/www/beas.i...', Array)
#5 /var/www/beas.in/public_html/ramkrishna_dharma_chakra/vendor/facade/ignition/src/Views/Engines/CompilerEngine.php(37): Illuminate\\View\\Engines\\CompilerEngine->get('/var/www/beas.i...', Array)
#6 /var/www/beas.in/public_html/ramkrishna_dharma_chakra/vendor/laravel/framework/src/Illuminate/View/View.php(139): Facade\\Ignition\\Views\\Engines\\CompilerEngine->get('/var/www/beas.i...', Array)
#7 /var/www/beas.in/public_html/ramkrishna_dharma_chakra/vendor/laravel/framework/src/Illuminate/View/View.php(122): Illuminate\\View\\View->getContents()
#8 /var/www/beas.in/public_html/ramkrishna_dharma_chakra/vendor/laravel/framework/src/Illuminate/View/View.php(91): Illuminate\\View\\View->renderContents()
#9 /var/www/beas.in/public_html/ramkrishna_dharma_chakra/storage/framework/views/30455897725e1d83f0b06f5c78404514485125e4.php(14): Illuminate\\View\\View->render()
#10 /var/www/beas.in/public_html/ramkrishna_dharma_chakra/vendor/laravel/framework/src/Illuminate/Filesystem/Filesystem.php(107): require('/var/www/beas.i...')
#11 /var/www/beas.in/public_html/ramkrishna_dharma_chakra/vendor/laravel/framework/src/Illuminate/Filesystem/Filesystem.php(108): Illuminate\\Filesystem\\Filesystem::Illuminate\\Filesystem\\{closure}()
#12 /var/www/beas.in/public_html/ramkrishna_dharma_chakra/vendor/laravel/framework/src/Illuminate/View/Engines/PhpEngine.php(58): Illuminate\\Filesystem\\Filesystem->getRequire('/var/www/beas.i...', Array)
#13 /var/www/beas.in/public_html/ramkrishna_dharma_chakra/vendor/laravel/framework/src/Illuminate/View/Engines/CompilerEngine.php(61): Illuminate\\View\\Engines\\PhpEngine->evaluatePath('/var/www/beas.i...', Array)
#14 /var/www/beas.in/public_html/ramkrishna_dharma_chakra/vendor/facade/ignition/src/Views/Engines/CompilerEngine.php(37): Illuminate\\View\\Engines\\CompilerEngine->get('/var/www/beas.i...', Array)
#15 /var/www/beas.in/public_html/ramkrishna_dharma_chakra/vendor/laravel/framework/src/Illuminate/View/View.php(139): Facade\\Ignition\\Views\\Engines\\CompilerEngine->get('/var/www/beas.i...', Array)
#16 /var/www/beas.in/public_html/ramkrishna_dharma_chakra/vendor/laravel/framework/src/Illuminate/View/View.php(122): Illuminate\\View\\View->getContents()
#17 /var/www/beas.in/public_html/ramkrishna_dharma_chakra/vendor/laravel/framework/src/Illuminate/View/View.php(91): Illuminate\\View\\View->renderContents()
#18 /var/www/beas.in/public_html/ramkrishna_dharma_chakra/vendor/laravel/framework/src/Illuminate/Http/Response.php(69): Illuminate\\View\\View->render()
#19 /var/www/beas.in/public_html/ramkrishna_dharma_chakra/vendor/laravel/framework/src/Illuminate/Http/Response.php(35): Illuminate\\Http\\Response->setContent(Object(Illuminate\\View\\View))
#20 /var/www/beas.in/public_html/ramkrishna_dharma_chakra/vendor/laravel/framework/src/Illuminate/Routing/Router.php(820): Illuminate\\Http\\Response->__construct(Object(Illuminate\\View\\View), 200, Array)
#21 /var/www/beas.in/public_html/ramkrishna_dharma_chakra/vendor/laravel/framework/src/Illuminate/Routing/Router.php(789): Illuminate\\Routing\\Router::toResponse(Object(Illuminate\\Http\\Request), Object(Illuminate\\View\\View))
#22 /var/www/beas.in/public_html/ramkrishna_dharma_chakra/vendor/laravel/framework/src/Illuminate/Routing/Router.php(721): Illuminate\\Routing\\Router->prepareResponse(Object(Illuminate\\Http\\Request), Object(Illuminate\\View\\View))
#23 /var/www/beas.in/public_html/ramkrishna_dharma_chakra/vendor/laravel/framework/src/Illuminate/Pipeline/Pipeline.php(128): Illuminate\\Routing\\Router->Illuminate\\Routing\\{closure}(Object(Illuminate\\Http\\Request))
#24 /var/www/beas.in/public_html/ramkrishna_dharma_chakra/vendor/laravel/framework/src/Illuminate/Routing/Middleware/SubstituteBindings.php(50): Illuminate\\Pipeline\\Pipeline->Illuminate\\Pipeline\\{closure}(Object(Illuminate\\Http\\Request))
#25 /var/www/beas.in/public_html/ramkrishna_dharma_chakra/vendor/laravel/framework/src/Illuminate/Pipeline/Pipeline.php(167): Illuminate\\Routing\\Middleware\\SubstituteBindings->handle(Object(Illuminate\\Http\\Request), Object(Closure))
#26 /var/www/beas.in/public_html/ramkrishna_dharma_chakra/vendor/laravel/framework/src/Illuminate/Foundation/Http/Middleware/VerifyCsrfToken.php(78): Illuminate\\Pipeline\\Pipeline->Illuminate\\Pipeline\\{closure}(Object(Illuminate\\Http\\Request))
#27 /var/www/beas.in/public_html/ramkrishna_dharma_chakra/vendor/laravel/framework/src/Illuminate/Pipeline/Pipeline.php(167): Illuminate\\Foundation\\Http\\Middleware\\VerifyCsrfToken->handle(Object(Illuminate\\Http\\Request), Object(Closure))
#28 /var/www/beas.in/public_html/ramkrishna_dharma_chakra/vendor/laravel/framework/src/Illuminate/View/Middleware/ShareErrorsFromSession.php(49): Illuminate\\Pipeline\\Pipeline->Illuminate\\Pipeline\\{closure}(Object(Illuminate\\Http\\Request))
#29 /var/www/beas.in/public_html/ramkrishna_dharma_chakra/vendor/laravel/framework/src/Illuminate/Pipeline/Pipeline.php(167): Illuminate\\View\\Middleware\\ShareErrorsFromSession->handle(Object(Illuminate\\Http\\Request), Object(Closure))
#30 /var/www/beas.in/public_html/ramkrishna_dharma_chakra/vendor/laravel/framework/src/Illuminate/Session/Middleware/StartSession.php(121): Illuminate\\Pipeline\\Pipeline->Illuminate\\Pipeline\\{closure}(Object(Illuminate\\Http\\Request))
#31 /var/www/beas.in/public_html/ramkrishna_dharma_chakra/vendor/laravel/framework/src/Illuminate/Session/Middleware/StartSession.php(64): Illuminate\\Session\\Middleware\\StartSession->handleStatefulRequest(Object(Illuminate\\Http\\Request), Object(Illuminate\\Session\\Store), Object(Closure))
#32 /var/www/beas.in/public_html/ramkrishna_dharma_chakra/vendor/laravel/framework/src/Illuminate/Pipeline/Pipeline.php(167): Illuminate\\Session\\Middleware\\StartSession->handle(Object(Illuminate\\Http\\Request), Object(Closure))
#33 /var/www/beas.in/public_html/ramkrishna_dharma_chakra/vendor/laravel/framework/src/Illuminate/Cookie/Middleware/AddQueuedCookiesToResponse.php(37): Illuminate\\Pipeline\\Pipeline->Illuminate\\Pipeline\\{closure}(Object(Illuminate\\Http\\Request))
#34 /var/www/beas.in/public_html/ramkrishna_dharma_chakra/vendor/laravel/framework/src/Illuminate/Pipeline/Pipeline.php(167): Illuminate\\Cookie\\Middleware\\AddQueuedCookiesToResponse->handle(Object(Illuminate\\Http\\Request), Object(Closure))
#35 /var/www/beas.in/public_html/ramkrishna_dharma_chakra/vendor/laravel/framework/src/Illuminate/Cookie/Middleware/EncryptCookies.php(67): Illuminate\\Pipeline\\Pipeline->Illuminate\\Pipeline\\{closure}(Object(Illuminate\\Http\\Request))
#36 /var/www/beas.in/public_html/ramkrishna_dharma_chakra/vendor/laravel/framework/src/Illuminate/Pipeline/Pipeline.php(167): Illuminate\\Cookie\\Middleware\\EncryptCookies->handle(Object(Illuminate\\Http\\Request), Object(Closure))
#37 /var/www/beas.in/public_html/ramkrishna_dharma_chakra/vendor/laravel/framework/src/Illuminate/Pipeline/Pipeline.php(103): Illuminate\\Pipeline\\Pipeline->Illuminate\\Pipeline\\{closure}(Object(Illuminate\\Http\\Request))
#38 /var/www/beas.in/public_html/ramkrishna_dharma_chakra/vendor/laravel/framework/src/Illuminate/Routing/Router.php(723): Illuminate\\Pipeline\\Pipeline->then(Object(Closure))
#39 /var/www/beas.in/public_html/ramkrishna_dharma_chakra/vendor/laravel/framework/src/Illuminate/Routing/Router.php(698): Illuminate\\Routing\\Router->runRouteWithinStack(Object(Illuminate\\Routing\\Route), Object(Illuminate\\Http\\Request))
#40 /var/www/beas.in/public_html/ramkrishna_dharma_chakra/vendor/laravel/framework/src/Illuminate/Routing/Router.php(662): Illuminate\\Routing\\Router->runRoute(Object(Illuminate\\Http\\Request), Object(Illuminate\\Routing\\Route))
#41 /var/www/beas.in/public_html/ramkrishna_dharma_chakra/vendor/laravel/framework/src/Illuminate/Routing/Router.php(651): Illuminate\\Routing\\Router->dispatchToRoute(Object(Illuminate\\Http\\Request))
#42 /var/www/beas.in/public_html/ramkrishna_dharma_chakra/vendor/laravel/framework/src/Illuminate/Foundation/Http/Kernel.php(167): Illuminate\\Routing\\Router->dispatch(Object(Illuminate\\Http\\Request))
#43 /var/www/beas.in/public_html/ramkrishna_dharma_chakra/vendor/laravel/framework/src/Illuminate/Pipeline/Pipeline.php(128): Illuminate\\Foundation\\Http\\Kernel->Illuminate\\Foundation\\Http\\{closure}(Object(Illuminate\\Http\\Request))
#44 /var/www/beas.in/public_html/ramkrishna_dharma_chakra/vendor/laravel/framework/src/Illuminate/Foundation/Http/Middleware/TransformsRequest.php(21): Illuminate\\Pipeline\\Pipeline->Illuminate\\Pipeline\\{closure}(Object(Illuminate\\Http\\Request))
#45 /var/www/beas.in/public_html/ramkrishna_dharma_chakra/vendor/laravel/framework/src/Illuminate/Foundation/Http/Middleware/ConvertEmptyStringsToNull.php(31): Illuminate\\Foundation\\Http\\Middleware\\TransformsRequest->handle(Object(Illuminate\\Http\\Request), Object(Closure))
#46 /var/www/beas.in/public_html/ramkrishna_dharma_chakra/vendor/laravel/framework/src/Illuminate/Pipeline/Pipeline.php(167): Illuminate\\Foundation\\Http\\Middleware\\ConvertEmptyStringsToNull->handle(Object(Illuminate\\Http\\Request), Object(Closure))
#47 /var/www/beas.in/public_html/ramkrishna_dharma_chakra/vendor/laravel/framework/src/Illuminate/Foundation/Http/Middleware/TransformsRequest.php(21): Illuminate\\Pipeline\\Pipeline->Illuminate\\Pipeline\\{closure}(Object(Illuminate\\Http\\Request))
#48 /var/www/beas.in/public_html/ramkrishna_dharma_chakra/vendor/laravel/framework/src/Illuminate/Foundation/Http/Middleware/TrimStrings.php(40): Illuminate\\Foundation\\Http\\Middleware\\TransformsRequest->handle(Object(Illuminate\\Http\\Request), Object(Closure))
#49 /var/www/beas.in/public_html/ramkrishna_dharma_chakra/vendor/laravel/framework/src/Illuminate/Pipeline/Pipeline.php(167): Illuminate\\Foundation\\Http\\Middleware\\TrimStrings->handle(Object(Illuminate\\Http\\Request), Object(Closure))
#50 /var/www/beas.in/public_html/ramkrishna_dharma_chakra/vendor/laravel/framework/src/Illuminate/Foundation/Http/Middleware/ValidatePostSize.php(27): Illuminate\\Pipeline\\Pipeline->Illuminate\\Pipeline\\{closure}(Object(Illuminate\\Http\\Request))
#51 /var/www/beas.in/public_html/ramkrishna_dharma_chakra/vendor/laravel/framework/src/Illuminate/Pipeline/Pipeline.php(167): Illuminate\\Foundation\\Http\\Middleware\\ValidatePostSize->handle(Object(Illuminate\\Http\\Request), Object(Closure))
#52 /var/www/beas.in/public_html/ramkrishna_dharma_chakra/vendor/laravel/framework/src/Illuminate/Foundation/Http/Middleware/PreventRequestsDuringMaintenance.php(86): Illuminate\\Pipeline\\Pipeline->Illuminate\\Pipeline\\{closure}(Object(Illuminate\\Http\\Request))
#53 /var/www/beas.in/public_html/ramkrishna_dharma_chakra/vendor/laravel/framework/src/Illuminate/Pipeline/Pipeline.php(167): Illuminate\\Foundation\\Http\\Middleware\\PreventRequestsDuringMaintenance->handle(Object(Illuminate\\Http\\Request), Object(Closure))
#54 /var/www/beas.in/public_html/ramkrishna_dharma_chakra/vendor/fideloper/proxy/src/TrustProxies.php(57): Illuminate\\Pipeline\\Pipeline->Illuminate\\Pipeline\\{closure}(Object(Illuminate\\Http\\Request))
#55 /var/www/beas.in/public_html/ramkrishna_dharma_chakra/vendor/laravel/framework/src/Illuminate/Pipeline/Pipeline.php(167): Fideloper\\Proxy\\TrustProxies->handle(Object(Illuminate\\Http\\Request), Object(Closure))
#56 /var/www/beas.in/public_html/ramkrishna_dharma_chakra/vendor/laravel/framework/src/Illuminate/Pipeline/Pipeline.php(103): Illuminate\\Pipeline\\Pipeline->Illuminate\\Pipeline\\{closure}(Object(Illuminate\\Http\\Request))
#57 /var/www/beas.in/public_html/ramkrishna_dharma_chakra/vendor/laravel/framework/src/Illuminate/Foundation/Http/Kernel.php(142): Illuminate\\Pipeline\\Pipeline->then(Object(Closure))
#58 /var/www/beas.in/public_html/ramkrishna_dharma_chakra/vendor/laravel/framework/src/Illuminate/Foundation/Http/Kernel.php(111): Illuminate\\Foundation\\Http\\Kernel->sendRequestThroughRouter(Object(Illuminate\\Http\\Request))
#59 /var/www/beas.in/public_html/ramkrishna_dharma_chakra/index.php(54): Illuminate\\Foundation\\Http\\Kernel->handle(Object(Illuminate\\Http\\Request))
#60 {main}
"} 
[2023-08-09 17:53:27] local.ERROR: Attempt to read property "image" on null (View: /var/www/beas.in/public_html/ramkrishna_dharma_chakra/resources/views/admin/includes/header.blade.php) {"view":{"view":"/var/www/beas.in/public_html/ramkrishna_dharma_chakra/resources/views/admin/includes/header.blade.php","data":{"errors":"<pre class=sf-dump id=sf-dump-432893163 data-indent-pad=\"  \"><span class=sf-dump-note>Illuminate\\Support\\ViewErrorBag</span> {<a class=sf-dump-ref>#441</a><samp data-depth=1 class=sf-dump-expanded>
  #<span class=sf-dump-protected title=\"Protected property\">bags</span>: []
</samp>}
</pre><script>Sfdump(\"sf-dump-432893163\", {\"maxDepth\":3,\"maxStringLength\":160})</script>
","data":"<pre class=sf-dump id=sf-dump-436716212 data-indent-pad=\"  \"><span class=sf-dump-note>Illuminate\\Pagination\\LengthAwarePaginator</span> {<a class=sf-dump-ref>#459</a><samp data-depth=1 class=sf-dump-expanded>
  #<span class=sf-dump-protected title=\"Protected property\">total</span>: <span class=sf-dump-num>36</span>
  #<span class=sf-dump-protected title=\"Protected property\">lastPage</span>: <span class=sf-dump-num>4</span>
  #<span class=sf-dump-protected title=\"Protected property\">items</span>: <span class=sf-dump-note title=\"Illuminate\\Database\\Eloquent\\Collection
\"><span class=\"sf-dump-ellipsis sf-dump-ellipsis-note\">Illuminate\\Database\\Eloquent</span><span class=\"sf-dump-ellipsis sf-dump-ellipsis-note\">\\</span>Collection</span> {<a class=sf-dump-ref>#468</a><samp data-depth=2 class=sf-dump-compact>
    #<span class=sf-dump-protected title=\"Protected property\">items</span>: <span class=sf-dump-note>array:10</span> [<samp data-depth=3 class=sf-dump-compact>
      <span class=sf-dump-index>0</span> => <span class=sf-dump-note title=\"App\\Models\\Publication
\"><span class=\"sf-dump-ellipsis sf-dump-ellipsis-note\">App\\Models</span><span class=\"sf-dump-ellipsis sf-dump-ellipsis-note\">\\</span>Publication</span> {<a class=sf-dump-ref>#469</a> &#8230;30}
      <span class=sf-dump-index>1</span> => <span class=sf-dump-note title=\"App\\Models\\Publication
\"><span class=\"sf-dump-ellipsis sf-dump-ellipsis-note\">App\\Models</span><span class=\"sf-dump-ellipsis sf-dump-ellipsis-note\">\\</span>Publication</span> {<a class=sf-dump-ref>#470</a> &#8230;30}
      <span class=sf-dump-index>2</span> => <span class=sf-dump-note title=\"App\\Models\\Publication
\"><span class=\"sf-dump-ellipsis sf-dump-ellipsis-note\">App\\Models</span><span class=\"sf-dump-ellipsis sf-dump-ellipsis-note\">\\</span>Publication</span> {<a class=sf-dump-ref>#471</a> &#8230;30}
      <span class=sf-dump-index>3</span> => <span class=sf-dump-note title=\"App\\Models\\Publication
\"><span class=\"sf-dump-ellipsis sf-dump-ellipsis-note\">App\\Models</span><span class=\"sf-dump-ellipsis sf-dump-ellipsis-note\">\\</span>Publication</span> {<a class=sf-dump-ref>#472</a> &#8230;30}
      <span class=sf-dump-index>4</span> => <span class=sf-dump-note title=\"App\\Models\\Publication
\"><span class=\"sf-dump-ellipsis sf-dump-ellipsis-note\">App\\Models</span><span class=\"sf-dump-ellipsis sf-dump-ellipsis-note\">\\</span>Publication</span> {<a class=sf-dump-ref>#473</a> &#8230;30}
      <span class=sf-dump-index>5</span> => <span class=sf-dump-note title=\"App\\Models\\Publication
\"><span class=\"sf-dump-ellipsis sf-dump-ellipsis-note\">App\\Models</span><span class=\"sf-dump-ellipsis sf-dump-ellipsis-note\">\\</span>Publication</span> {<a class=sf-dump-ref>#474</a> &#8230;30}
      <span class=sf-dump-index>6</span> => <span class=sf-dump-note title=\"App\\Models\\Publication
\"><span class=\"sf-dump-ellipsis sf-dump-ellipsis-note\">App\\Models</span><span class=\"sf-dump-ellipsis sf-dump-ellipsis-note\">\\</span>Publication</span> {<a class=sf-dump-ref>#475</a> &#8230;30}
      <span class=sf-dump-index>7</span> => <span class=sf-dump-note title=\"App\\Models\\Publication
\"><span class=\"sf-dump-ellipsis sf-dump-ellipsis-note\">App\\Models</span><span class=\"sf-dump-ellipsis sf-dump-ellipsis-note\">\\</span>Publication</span> {<a class=sf-dump-ref>#476</a> &#8230;30}
      <span class=sf-dump-index>8</span> => <span class=sf-dump-note title=\"App\\Models\\Publication
\"><span class=\"sf-dump-ellipsis sf-dump-ellipsis-note\">App\\Models</span><span class=\"sf-dump-ellipsis sf-dump-ellipsis-note\">\\</span>Publication</span> {<a class=sf-dump-ref>#477</a> &#8230;30}
      <span class=sf-dump-index>9</span> => <span class=sf-dump-note title=\"App\\Models\\Publication
\"><span class=\"sf-dump-ellipsis sf-dump-ellipsis-note\">App\\Models</span><span class=\"sf-dump-ellipsis sf-dump-ellipsis-note\">\\</span>Publication</span> {<a class=sf-dump-ref>#478</a> &#8230;30}
    </samp>]
    #<span class=sf-dump-protected title=\"Protected property\">escapeWhenCastingToString</span>: <span class=sf-dump-const>false</span>
  </samp>}
  #<span class=sf-dump-protected title=\"Protected property\">perPage</span>: <span class=sf-dump-num>10</span>
  #<span class=sf-dump-protected title=\"Protected property\">currentPage</span>: <span class=sf-dump-num>1</span>
  #<span class=sf-dump-protected title=\"Protected property\">path</span>: \"<span class=sf-dump-str title=\"58 characters\">https://beas.in/ramkrishna_dharma_chakra/admin/publication</span>\"
  #<span class=sf-dump-protected title=\"Protected property\">query</span>: []
  #<span class=sf-dump-protected title=\"Protected property\">fragment</span>: <span class=sf-dump-const>null</span>
  #<span class=sf-dump-protected title=\"Protected property\">pageName</span>: \"<span class=sf-dump-str title=\"4 characters\">page</span>\"
  +<span class=sf-dump-public title=\"Public property\">onEachSide</span>: <span class=sf-dump-num>3</span>
  #<span class=sf-dump-protected title=\"Protected property\">options</span>: <span class=sf-dump-note>array:2</span> [<samp data-depth=2 class=sf-dump-compact>
    \"<span class=sf-dump-key>path</span>\" => \"<span class=sf-dump-str title=\"58 characters\">https://beas.in/ramkrishna_dharma_chakra/admin/publication</span>\"
    \"<span class=sf-dump-key>pageName</span>\" => \"<span class=sf-dump-str title=\"4 characters\">page</span>\"
  </samp>]
</samp>}
</pre><script>Sfdump(\"sf-dump-436716212\", {\"maxDepth\":3,\"maxStringLength\":160})</script>
"}},"exception":"[object] (Facade\\Ignition\\Exceptions\\ViewException(code: 0): Attempt to read property \"image\" on null (View: /var/www/beas.in/public_html/ramkrishna_dharma_chakra/resources/views/admin/includes/header.blade.php) at /var/www/beas.in/public_html/ramkrishna_dharma_chakra/resources/views/admin/includes/header.blade.php:31)
[stacktrace]
#0 /var/www/beas.in/public_html/ramkrishna_dharma_chakra/resources/views/admin/includes/header.blade.php(31): Illuminate\\Foundation\\Bootstrap\\HandleExceptions->handleError(2, 'Attempt to read...', '/var/www/beas.i...', 31)
#1 /var/www/beas.in/public_html/ramkrishna_dharma_chakra/vendor/laravel/framework/src/Illuminate/Filesystem/Filesystem.php(107): require('/var/www/beas.i...')
#2 /var/www/beas.in/public_html/ramkrishna_dharma_chakra/vendor/laravel/framework/src/Illuminate/Filesystem/Filesystem.php(108): Illuminate\\Filesystem\\Filesystem::Illuminate\\Filesystem\\{closure}()
#3 /var/www/beas.in/public_html/ramkrishna_dharma_chakra/vendor/laravel/framework/src/Illuminate/View/Engines/PhpEngine.php(58): Illuminate\\Filesystem\\Filesystem->getRequire('/var/www/beas.i...', Array)
#4 /var/www/beas.in/public_html/ramkrishna_dharma_chakra/vendor/laravel/framework/src/Illuminate/View/Engines/CompilerEngine.php(61): Illuminate\\View\\Engines\\PhpEngine->evaluatePath('/var/www/beas.i...', Array)
#5 /var/www/beas.in/public_html/ramkrishna_dharma_chakra/vendor/facade/ignition/src/Views/Engines/CompilerEngine.php(37): Illuminate\\View\\Engines\\CompilerEngine->get('/var/www/beas.i...', Array)
#6 /var/www/beas.in/public_html/ramkrishna_dharma_chakra/vendor/laravel/framework/src/Illuminate/View/View.php(139): Facade\\Ignition\\Views\\Engines\\CompilerEngine->get('/var/www/beas.i...', Array)
#7 /var/www/beas.in/public_html/ramkrishna_dharma_chakra/vendor/laravel/framework/src/Illuminate/View/View.php(122): Illuminate\\View\\View->getContents()
#8 /var/www/beas.in/public_html/ramkrishna_dharma_chakra/vendor/laravel/framework/src/Illuminate/View/View.php(91): Illuminate\\View\\View->renderContents()
#9 /var/www/beas.in/public_html/ramkrishna_dharma_chakra/resources/views/admin/publication/index.blade.php(14): Illuminate\\View\\View->render()
#10 /var/www/beas.in/public_html/ramkrishna_dharma_chakra/vendor/laravel/framework/src/Illuminate/Filesystem/Filesystem.php(107): require('/var/www/beas.i...')
#11 /var/www/beas.in/public_html/ramkrishna_dharma_chakra/vendor/laravel/framework/src/Illuminate/Filesystem/Filesystem.php(108): Illuminate\\Filesystem\\Filesystem::Illuminate\\Filesystem\\{closure}()
#12 /var/www/beas.in/public_html/ramkrishna_dharma_chakra/vendor/laravel/framework/src/Illuminate/View/Engines/PhpEngine.php(58): Illuminate\\Filesystem\\Filesystem->getRequire('/var/www/beas.i...', Array)
#13 /var/www/beas.in/public_html/ramkrishna_dharma_chakra/vendor/laravel/framework/src/Illuminate/View/Engines/CompilerEngine.php(61): Illuminate\\View\\Engines\\PhpEngine->evaluatePath('/var/www/beas.i...', Array)
#14 /var/www/beas.in/public_html/ramkrishna_dharma_chakra/vendor/facade/ignition/src/Views/Engines/CompilerEngine.php(37): Illuminate\\View\\Engines\\CompilerEngine->get('/var/www/beas.i...', Array)
#15 /var/www/beas.in/public_html/ramkrishna_dharma_chakra/vendor/laravel/framework/src/Illuminate/View/View.php(139): Facade\\Ignition\\Views\\Engines\\CompilerEngine->get('/var/www/beas.i...', Array)
#16 /var/www/beas.in/public_html/ramkrishna_dharma_chakra/vendor/laravel/framework/src/Illuminate/View/View.php(122): Illuminate\\View\\View->getContents()
#17 /var/www/beas.in/public_html/ramkrishna_dharma_chakra/vendor/laravel/framework/src/Illuminate/View/View.php(91): Illuminate\\View\\View->renderContents()
#18 /var/www/beas.in/public_html/ramkrishna_dharma_chakra/vendor/laravel/framework/src/Illuminate/Http/Response.php(69): Illuminate\\View\\View->render()
#19 /var/www/beas.in/public_html/ramkrishna_dharma_chakra/vendor/laravel/framework/src/Illuminate/Http/Response.php(35): Illuminate\\Http\\Response->setContent(Object(Illuminate\\View\\View))
#20 /var/www/beas.in/public_html/ramkrishna_dharma_chakra/vendor/laravel/framework/src/Illuminate/Routing/Router.php(820): Illuminate\\Http\\Response->__construct(Object(Illuminate\\View\\View), 200, Array)
#21 /var/www/beas.in/public_html/ramkrishna_dharma_chakra/vendor/laravel/framework/src/Illuminate/Routing/Router.php(789): Illuminate\\Routing\\Router::toResponse(Object(Illuminate\\Http\\Request), Object(Illuminate\\View\\View))
#22 /var/www/beas.in/public_html/ramkrishna_dharma_chakra/vendor/laravel/framework/src/Illuminate/Routing/Router.php(721): Illuminate\\Routing\\Router->prepareResponse(Object(Illuminate\\Http\\Request), Object(Illuminate\\View\\View))
#23 /var/www/beas.in/public_html/ramkrishna_dharma_chakra/vendor/laravel/framework/src/Illuminate/Pipeline/Pipeline.php(128): Illuminate\\Routing\\Router->Illuminate\\Routing\\{closure}(Object(Illuminate\\Http\\Request))
#24 /var/www/beas.in/public_html/ramkrishna_dharma_chakra/vendor/laravel/framework/src/Illuminate/Routing/Middleware/SubstituteBindings.php(50): Illuminate\\Pipeline\\Pipeline->Illuminate\\Pipeline\\{closure}(Object(Illuminate\\Http\\Request))
#25 /var/www/beas.in/public_html/ramkrishna_dharma_chakra/vendor/laravel/framework/src/Illuminate/Pipeline/Pipeline.php(167): Illuminate\\Routing\\Middleware\\SubstituteBindings->handle(Object(Illuminate\\Http\\Request), Object(Closure))
#26 /var/www/beas.in/public_html/ramkrishna_dharma_chakra/vendor/laravel/framework/src/Illuminate/Foundation/Http/Middleware/VerifyCsrfToken.php(78): Illuminate\\Pipeline\\Pipeline->Illuminate\\Pipeline\\{closure}(Object(Illuminate\\Http\\Request))
#27 /var/www/beas.in/public_html/ramkrishna_dharma_chakra/vendor/laravel/framework/src/Illuminate/Pipeline/Pipeline.php(167): Illuminate\\Foundation\\Http\\Middleware\\VerifyCsrfToken->handle(Object(Illuminate\\Http\\Request), Object(Closure))
#28 /var/www/beas.in/public_html/ramkrishna_dharma_chakra/vendor/laravel/framework/src/Illuminate/View/Middleware/ShareErrorsFromSession.php(49): Illuminate\\Pipeline\\Pipeline->Illuminate\\Pipeline\\{closure}(Object(Illuminate\\Http\\Request))
#29 /var/www/beas.in/public_html/ramkrishna_dharma_chakra/vendor/laravel/framework/src/Illuminate/Pipeline/Pipeline.php(167): Illuminate\\View\\Middleware\\ShareErrorsFromSession->handle(Object(Illuminate\\Http\\Request), Object(Closure))
#30 /var/www/beas.in/public_html/ramkrishna_dharma_chakra/vendor/laravel/framework/src/Illuminate/Session/Middleware/StartSession.php(121): Illuminate\\Pipeline\\Pipeline->Illuminate\\Pipeline\\{closure}(Object(Illuminate\\Http\\Request))
#31 /var/www/beas.in/public_html/ramkrishna_dharma_chakra/vendor/laravel/framework/src/Illuminate/Session/Middleware/StartSession.php(64): Illuminate\\Session\\Middleware\\StartSession->handleStatefulRequest(Object(Illuminate\\Http\\Request), Object(Illuminate\\Session\\Store), Object(Closure))
#32 /var/www/beas.in/public_html/ramkrishna_dharma_chakra/vendor/laravel/framework/src/Illuminate/Pipeline/Pipeline.php(167): Illuminate\\Session\\Middleware\\StartSession->handle(Object(Illuminate\\Http\\Request), Object(Closure))
#33 /var/www/beas.in/public_html/ramkrishna_dharma_chakra/vendor/laravel/framework/src/Illuminate/Cookie/Middleware/AddQueuedCookiesToResponse.php(37): Illuminate\\Pipeline\\Pipeline->Illuminate\\Pipeline\\{closure}(Object(Illuminate\\Http\\Request))
#34 /var/www/beas.in/public_html/ramkrishna_dharma_chakra/vendor/laravel/framework/src/Illuminate/Pipeline/Pipeline.php(167): Illuminate\\Cookie\\Middleware\\AddQueuedCookiesToResponse->handle(Object(Illuminate\\Http\\Request), Object(Closure))
#35 /var/www/beas.in/public_html/ramkrishna_dharma_chakra/vendor/laravel/framework/src/Illuminate/Cookie/Middleware/EncryptCookies.php(67): Illuminate\\Pipeline\\Pipeline->Illuminate\\Pipeline\\{closure}(Object(Illuminate\\Http\\Request))
#36 /var/www/beas.in/public_html/ramkrishna_dharma_chakra/vendor/laravel/framework/src/Illuminate/Pipeline/Pipeline.php(167): Illuminate\\Cookie\\Middleware\\EncryptCookies->handle(Object(Illuminate\\Http\\Request), Object(Closure))
#37 /var/www/beas.in/public_html/ramkrishna_dharma_chakra/vendor/laravel/framework/src/Illuminate/Pipeline/Pipeline.php(103): Illuminate\\Pipeline\\Pipeline->Illuminate\\Pipeline\\{closure}(Object(Illuminate\\Http\\Request))
#38 /var/www/beas.in/public_html/ramkrishna_dharma_chakra/vendor/laravel/framework/src/Illuminate/Routing/Router.php(723): Illuminate\\Pipeline\\Pipeline->then(Object(Closure))
#39 /var/www/beas.in/public_html/ramkrishna_dharma_chakra/vendor/laravel/framework/src/Illuminate/Routing/Router.php(698): Illuminate\\Routing\\Router->runRouteWithinStack(Object(Illuminate\\Routing\\Route), Object(Illuminate\\Http\\Request))
#40 /var/www/beas.in/public_html/ramkrishna_dharma_chakra/vendor/laravel/framework/src/Illuminate/Routing/Router.php(662): Illuminate\\Routing\\Router->runRoute(Object(Illuminate\\Http\\Request), Object(Illuminate\\Routing\\Route))
#41 /var/www/beas.in/public_html/ramkrishna_dharma_chakra/vendor/laravel/framework/src/Illuminate/Routing/Router.php(651): Illuminate\\Routing\\Router->dispatchToRoute(Object(Illuminate\\Http\\Request))
#42 /var/www/beas.in/public_html/ramkrishna_dharma_chakra/vendor/laravel/framework/src/Illuminate/Foundation/Http/Kernel.php(167): Illuminate\\Routing\\Router->dispatch(Object(Illuminate\\Http\\Request))
#43 /var/www/beas.in/public_html/ramkrishna_dharma_chakra/vendor/laravel/framework/src/Illuminate/Pipeline/Pipeline.php(128): Illuminate\\Foundation\\Http\\Kernel->Illuminate\\Foundation\\Http\\{closure}(Object(Illuminate\\Http\\Request))
#44 /var/www/beas.in/public_html/ramkrishna_dharma_chakra/vendor/laravel/framework/src/Illuminate/Foundation/Http/Middleware/TransformsRequest.php(21): Illuminate\\Pipeline\\Pipeline->Illuminate\\Pipeline\\{closure}(Object(Illuminate\\Http\\Request))
#45 /var/www/beas.in/public_html/ramkrishna_dharma_chakra/vendor/laravel/framework/src/Illuminate/Foundation/Http/Middleware/ConvertEmptyStringsToNull.php(31): Illuminate\\Foundation\\Http\\Middleware\\TransformsRequest->handle(Object(Illuminate\\Http\\Request), Object(Closure))
#46 /var/www/beas.in/public_html/ramkrishna_dharma_chakra/vendor/laravel/framework/src/Illuminate/Pipeline/Pipeline.php(167): Illuminate\\Foundation\\Http\\Middleware\\ConvertEmptyStringsToNull->handle(Object(Illuminate\\Http\\Request), Object(Closure))
#47 /var/www/beas.in/public_html/ramkrishna_dharma_chakra/vendor/laravel/framework/src/Illuminate/Foundation/Http/Middleware/TransformsRequest.php(21): Illuminate\\Pipeline\\Pipeline->Illuminate\\Pipeline\\{closure}(Object(Illuminate\\Http\\Request))
#48 /var/www/beas.in/public_html/ramkrishna_dharma_chakra/vendor/laravel/framework/src/Illuminate/Foundation/Http/Middleware/TrimStrings.php(40): Illuminate\\Foundation\\Http\\Middleware\\TransformsRequest->handle(Object(Illuminate\\Http\\Request), Object(Closure))
#49 /var/www/beas.in/public_html/ramkrishna_dharma_chakra/vendor/laravel/framework/src/Illuminate/Pipeline/Pipeline.php(167): Illuminate\\Foundation\\Http\\Middleware\\TrimStrings->handle(Object(Illuminate\\Http\\Request), Object(Closure))
#50 /var/www/beas.in/public_html/ramkrishna_dharma_chakra/vendor/laravel/framework/src/Illuminate/Foundation/Http/Middleware/ValidatePostSize.php(27): Illuminate\\Pipeline\\Pipeline->Illuminate\\Pipeline\\{closure}(Object(Illuminate\\Http\\Request))
#51 /var/www/beas.in/public_html/ramkrishna_dharma_chakra/vendor/laravel/framework/src/Illuminate/Pipeline/Pipeline.php(167): Illuminate\\Foundation\\Http\\Middleware\\ValidatePostSize->handle(Object(Illuminate\\Http\\Request), Object(Closure))
#52 /var/www/beas.in/public_html/ramkrishna_dharma_chakra/vendor/laravel/framework/src/Illuminate/Foundation/Http/Middleware/PreventRequestsDuringMaintenance.php(86): Illuminate\\Pipeline\\Pipeline->Illuminate\\Pipeline\\{closure}(Object(Illuminate\\Http\\Request))
#53 /var/www/beas.in/public_html/ramkrishna_dharma_chakra/vendor/laravel/framework/src/Illuminate/Pipeline/Pipeline.php(167): Illuminate\\Foundation\\Http\\Middleware\\PreventRequestsDuringMaintenance->handle(Object(Illuminate\\Http\\Request), Object(Closure))
#54 /var/www/beas.in/public_html/ramkrishna_dharma_chakra/vendor/fideloper/proxy/src/TrustProxies.php(57): Illuminate\\Pipeline\\Pipeline->Illuminate\\Pipeline\\{closure}(Object(Illuminate\\Http\\Request))
#55 /var/www/beas.in/public_html/ramkrishna_dharma_chakra/vendor/laravel/framework/src/Illuminate/Pipeline/Pipeline.php(167): Fideloper\\Proxy\\TrustProxies->handle(Object(Illuminate\\Http\\Request), Object(Closure))
#56 /var/www/beas.in/public_html/ramkrishna_dharma_chakra/vendor/laravel/framework/src/Illuminate/Pipeline/Pipeline.php(103): Illuminate\\Pipeline\\Pipeline->Illuminate\\Pipeline\\{closure}(Object(Illuminate\\Http\\Request))
#57 /var/www/beas.in/public_html/ramkrishna_dharma_chakra/vendor/laravel/framework/src/Illuminate/Foundation/Http/Kernel.php(142): Illuminate\\Pipeline\\Pipeline->then(Object(Closure))
#58 /var/www/beas.in/public_html/ramkrishna_dharma_chakra/vendor/laravel/framework/src/Illuminate/Foundation/Http/Kernel.php(111): Illuminate\\Foundation\\Http\\Kernel->sendRequestThroughRouter(Object(Illuminate\\Http\\Request))
#59 /var/www/beas.in/public_html/ramkrishna_dharma_chakra/index.php(54): Illuminate\\Foundation\\Http\\Kernel->handle(Object(Illuminate\\Http\\Request))
#60 {main}

[previous exception] [object] (ErrorException(code: 0): Attempt to read property \"image\" on null at /var/www/beas.in/public_html/ramkrishna_dharma_chakra/storage/framework/views/f682938668588d27255d7a0c60c88caa0abe8a1e.php:31)
[stacktrace]
#0 /var/www/beas.in/public_html/ramkrishna_dharma_chakra/storage/framework/views/f682938668588d27255d7a0c60c88caa0abe8a1e.php(31): Illuminate\\Foundation\\Bootstrap\\HandleExceptions->handleError(2, 'Attempt to read...', '/var/www/beas.i...', 31)
#1 /var/www/beas.in/public_html/ramkrishna_dharma_chakra/vendor/laravel/framework/src/Illuminate/Filesystem/Filesystem.php(107): require('/var/www/beas.i...')
#2 /var/www/beas.in/public_html/ramkrishna_dharma_chakra/vendor/laravel/framework/src/Illuminate/Filesystem/Filesystem.php(108): Illuminate\\Filesystem\\Filesystem::Illuminate\\Filesystem\\{closure}()
#3 /var/www/beas.in/public_html/ramkrishna_dharma_chakra/vendor/laravel/framework/src/Illuminate/View/Engines/PhpEngine.php(58): Illuminate\\Filesystem\\Filesystem->getRequire('/var/www/beas.i...', Array)
#4 /var/www/beas.in/public_html/ramkrishna_dharma_chakra/vendor/laravel/framework/src/Illuminate/View/Engines/CompilerEngine.php(61): Illuminate\\View\\Engines\\PhpEngine->evaluatePath('/var/www/beas.i...', Array)
#5 /var/www/beas.in/public_html/ramkrishna_dharma_chakra/vendor/facade/ignition/src/Views/Engines/CompilerEngine.php(37): Illuminate\\View\\Engines\\CompilerEngine->get('/var/www/beas.i...', Array)
#6 /var/www/beas.in/public_html/ramkrishna_dharma_chakra/vendor/laravel/framework/src/Illuminate/View/View.php(139): Facade\\Ignition\\Views\\Engines\\CompilerEngine->get('/var/www/beas.i...', Array)
#7 /var/www/beas.in/public_html/ramkrishna_dharma_chakra/vendor/laravel/framework/src/Illuminate/View/View.php(122): Illuminate\\View\\View->getContents()
#8 /var/www/beas.in/public_html/ramkrishna_dharma_chakra/vendor/laravel/framework/src/Illuminate/View/View.php(91): Illuminate\\View\\View->renderContents()
#9 /var/www/beas.in/public_html/ramkrishna_dharma_chakra/storage/framework/views/30455897725e1d83f0b06f5c78404514485125e4.php(14): Illuminate\\View\\View->render()
#10 /var/www/beas.in/public_html/ramkrishna_dharma_chakra/vendor/laravel/framework/src/Illuminate/Filesystem/Filesystem.php(107): require('/var/www/beas.i...')
#11 /var/www/beas.in/public_html/ramkrishna_dharma_chakra/vendor/laravel/framework/src/Illuminate/Filesystem/Filesystem.php(108): Illuminate\\Filesystem\\Filesystem::Illuminate\\Filesystem\\{closure}()
#12 /var/www/beas.in/public_html/ramkrishna_dharma_chakra/vendor/laravel/framework/src/Illuminate/View/Engines/PhpEngine.php(58): Illuminate\\Filesystem\\Filesystem->getRequire('/var/www/beas.i...', Array)
#13 /var/www/beas.in/public_html/ramkrishna_dharma_chakra/vendor/laravel/framework/src/Illuminate/View/Engines/CompilerEngine.php(61): Illuminate\\View\\Engines\\PhpEngine->evaluatePath('/var/www/beas.i...', Array)
#14 /var/www/beas.in/public_html/ramkrishna_dharma_chakra/vendor/facade/ignition/src/Views/Engines/CompilerEngine.php(37): Illuminate\\View\\Engines\\CompilerEngine->get('/var/www/beas.i...', Array)
#15 /var/www/beas.in/public_html/ramkrishna_dharma_chakra/vendor/laravel/framework/src/Illuminate/View/View.php(139): Facade\\Ignition\\Views\\Engines\\CompilerEngine->get('/var/www/beas.i...', Array)
#16 /var/www/beas.in/public_html/ramkrishna_dharma_chakra/vendor/laravel/framework/src/Illuminate/View/View.php(122): Illuminate\\View\\View->getContents()
#17 /var/www/beas.in/public_html/ramkrishna_dharma_chakra/vendor/laravel/framework/src/Illuminate/View/View.php(91): Illuminate\\View\\View->renderContents()
#18 /var/www/beas.in/public_html/ramkrishna_dharma_chakra/vendor/laravel/framework/src/Illuminate/Http/Response.php(69): Illuminate\\View\\View->render()
#19 /var/www/beas.in/public_html/ramkrishna_dharma_chakra/vendor/laravel/framework/src/Illuminate/Http/Response.php(35): Illuminate\\Http\\Response->setContent(Object(Illuminate\\View\\View))
#20 /var/www/beas.in/public_html/ramkrishna_dharma_chakra/vendor/laravel/framework/src/Illuminate/Routing/Router.php(820): Illuminate\\Http\\Response->__construct(Object(Illuminate\\View\\View), 200, Array)
#21 /var/www/beas.in/public_html/ramkrishna_dharma_chakra/vendor/laravel/framework/src/Illuminate/Routing/Router.php(789): Illuminate\\Routing\\Router::toResponse(Object(Illuminate\\Http\\Request), Object(Illuminate\\View\\View))
#22 /var/www/beas.in/public_html/ramkrishna_dharma_chakra/vendor/laravel/framework/src/Illuminate/Routing/Router.php(721): Illuminate\\Routing\\Router->prepareResponse(Object(Illuminate\\Http\\Request), Object(Illuminate\\View\\View))
#23 /var/www/beas.in/public_html/ramkrishna_dharma_chakra/vendor/laravel/framework/src/Illuminate/Pipeline/Pipeline.php(128): Illuminate\\Routing\\Router->Illuminate\\Routing\\{closure}(Object(Illuminate\\Http\\Request))
#24 /var/www/beas.in/public_html/ramkrishna_dharma_chakra/vendor/laravel/framework/src/Illuminate/Routing/Middleware/SubstituteBindings.php(50): Illuminate\\Pipeline\\Pipeline->Illuminate\\Pipeline\\{closure}(Object(Illuminate\\Http\\Request))
#25 /var/www/beas.in/public_html/ramkrishna_dharma_chakra/vendor/laravel/framework/src/Illuminate/Pipeline/Pipeline.php(167): Illuminate\\Routing\\Middleware\\SubstituteBindings->handle(Object(Illuminate\\Http\\Request), Object(Closure))
#26 /var/www/beas.in/public_html/ramkrishna_dharma_chakra/vendor/laravel/framework/src/Illuminate/Foundation/Http/Middleware/VerifyCsrfToken.php(78): Illuminate\\Pipeline\\Pipeline->Illuminate\\Pipeline\\{closure}(Object(Illuminate\\Http\\Request))
#27 /var/www/beas.in/public_html/ramkrishna_dharma_chakra/vendor/laravel/framework/src/Illuminate/Pipeline/Pipeline.php(167): Illuminate\\Foundation\\Http\\Middleware\\VerifyCsrfToken->handle(Object(Illuminate\\Http\\Request), Object(Closure))
#28 /var/www/beas.in/public_html/ramkrishna_dharma_chakra/vendor/laravel/framework/src/Illuminate/View/Middleware/ShareErrorsFromSession.php(49): Illuminate\\Pipeline\\Pipeline->Illuminate\\Pipeline\\{closure}(Object(Illuminate\\Http\\Request))
#29 /var/www/beas.in/public_html/ramkrishna_dharma_chakra/vendor/laravel/framework/src/Illuminate/Pipeline/Pipeline.php(167): Illuminate\\View\\Middleware\\ShareErrorsFromSession->handle(Object(Illuminate\\Http\\Request), Object(Closure))
#30 /var/www/beas.in/public_html/ramkrishna_dharma_chakra/vendor/laravel/framework/src/Illuminate/Session/Middleware/StartSession.php(121): Illuminate\\Pipeline\\Pipeline->Illuminate\\Pipeline\\{closure}(Object(Illuminate\\Http\\Request))
#31 /var/www/beas.in/public_html/ramkrishna_dharma_chakra/vendor/laravel/framework/src/Illuminate/Session/Middleware/StartSession.php(64): Illuminate\\Session\\Middleware\\StartSession->handleStatefulRequest(Object(Illuminate\\Http\\Request), Object(Illuminate\\Session\\Store), Object(Closure))
#32 /var/www/beas.in/public_html/ramkrishna_dharma_chakra/vendor/laravel/framework/src/Illuminate/Pipeline/Pipeline.php(167): Illuminate\\Session\\Middleware\\StartSession->handle(Object(Illuminate\\Http\\Request), Object(Closure))
#33 /var/www/beas.in/public_html/ramkrishna_dharma_chakra/vendor/laravel/framework/src/Illuminate/Cookie/Middleware/AddQueuedCookiesToResponse.php(37): Illuminate\\Pipeline\\Pipeline->Illuminate\\Pipeline\\{closure}(Object(Illuminate\\Http\\Request))
#34 /var/www/beas.in/public_html/ramkrishna_dharma_chakra/vendor/laravel/framework/src/Illuminate/Pipeline/Pipeline.php(167): Illuminate\\Cookie\\Middleware\\AddQueuedCookiesToResponse->handle(Object(Illuminate\\Http\\Request), Object(Closure))
#35 /var/www/beas.in/public_html/ramkrishna_dharma_chakra/vendor/laravel/framework/src/Illuminate/Cookie/Middleware/EncryptCookies.php(67): Illuminate\\Pipeline\\Pipeline->Illuminate\\Pipeline\\{closure}(Object(Illuminate\\Http\\Request))
#36 /var/www/beas.in/public_html/ramkrishna_dharma_chakra/vendor/laravel/framework/src/Illuminate/Pipeline/Pipeline.php(167): Illuminate\\Cookie\\Middleware\\EncryptCookies->handle(Object(Illuminate\\Http\\Request), Object(Closure))
#37 /var/www/beas.in/public_html/ramkrishna_dharma_chakra/vendor/laravel/framework/src/Illuminate/Pipeline/Pipeline.php(103): Illuminate\\Pipeline\\Pipeline->Illuminate\\Pipeline\\{closure}(Object(Illuminate\\Http\\Request))
#38 /var/www/beas.in/public_html/ramkrishna_dharma_chakra/vendor/laravel/framework/src/Illuminate/Routing/Router.php(723): Illuminate\\Pipeline\\Pipeline->then(Object(Closure))
#39 /var/www/beas.in/public_html/ramkrishna_dharma_chakra/vendor/laravel/framework/src/Illuminate/Routing/Router.php(698): Illuminate\\Routing\\Router->runRouteWithinStack(Object(Illuminate\\Routing\\Route), Object(Illuminate\\Http\\Request))
#40 /var/www/beas.in/public_html/ramkrishna_dharma_chakra/vendor/laravel/framework/src/Illuminate/Routing/Router.php(662): Illuminate\\Routing\\Router->runRoute(Object(Illuminate\\Http\\Request), Object(Illuminate\\Routing\\Route))
#41 /var/www/beas.in/public_html/ramkrishna_dharma_chakra/vendor/laravel/framework/src/Illuminate/Routing/Router.php(651): Illuminate\\Routing\\Router->dispatchToRoute(Object(Illuminate\\Http\\Request))
#42 /var/www/beas.in/public_html/ramkrishna_dharma_chakra/vendor/laravel/framework/src/Illuminate/Foundation/Http/Kernel.php(167): Illuminate\\Routing\\Router->dispatch(Object(Illuminate\\Http\\Request))
#43 /var/www/beas.in/public_html/ramkrishna_dharma_chakra/vendor/laravel/framework/src/Illuminate/Pipeline/Pipeline.php(128): Illuminate\\Foundation\\Http\\Kernel->Illuminate\\Foundation\\Http\\{closure}(Object(Illuminate\\Http\\Request))
#44 /var/www/beas.in/public_html/ramkrishna_dharma_chakra/vendor/laravel/framework/src/Illuminate/Foundation/Http/Middleware/TransformsRequest.php(21): Illuminate\\Pipeline\\Pipeline->Illuminate\\Pipeline\\{closure}(Object(Illuminate\\Http\\Request))
#45 /var/www/beas.in/public_html/ramkrishna_dharma_chakra/vendor/laravel/framework/src/Illuminate/Foundation/Http/Middleware/ConvertEmptyStringsToNull.php(31): Illuminate\\Foundation\\Http\\Middleware\\TransformsRequest->handle(Object(Illuminate\\Http\\Request), Object(Closure))
#46 /var/www/beas.in/public_html/ramkrishna_dharma_chakra/vendor/laravel/framework/src/Illuminate/Pipeline/Pipeline.php(167): Illuminate\\Foundation\\Http\\Middleware\\ConvertEmptyStringsToNull->handle(Object(Illuminate\\Http\\Request), Object(Closure))
#47 /var/www/beas.in/public_html/ramkrishna_dharma_chakra/vendor/laravel/framework/src/Illuminate/Foundation/Http/Middleware/TransformsRequest.php(21): Illuminate\\Pipeline\\Pipeline->Illuminate\\Pipeline\\{closure}(Object(Illuminate\\Http\\Request))
#48 /var/www/beas.in/public_html/ramkrishna_dharma_chakra/vendor/laravel/framework/src/Illuminate/Foundation/Http/Middleware/TrimStrings.php(40): Illuminate\\Foundation\\Http\\Middleware\\TransformsRequest->handle(Object(Illuminate\\Http\\Request), Object(Closure))
#49 /var/www/beas.in/public_html/ramkrishna_dharma_chakra/vendor/laravel/framework/src/Illuminate/Pipeline/Pipeline.php(167): Illuminate\\Foundation\\Http\\Middleware\\TrimStrings->handle(Object(Illuminate\\Http\\Request), Object(Closure))
#50 /var/www/beas.in/public_html/ramkrishna_dharma_chakra/vendor/laravel/framework/src/Illuminate/Foundation/Http/Middleware/ValidatePostSize.php(27): Illuminate\\Pipeline\\Pipeline->Illuminate\\Pipeline\\{closure}(Object(Illuminate\\Http\\Request))
#51 /var/www/beas.in/public_html/ramkrishna_dharma_chakra/vendor/laravel/framework/src/Illuminate/Pipeline/Pipeline.php(167): Illuminate\\Foundation\\Http\\Middleware\\ValidatePostSize->handle(Object(Illuminate\\Http\\Request), Object(Closure))
#52 /var/www/beas.in/public_html/ramkrishna_dharma_chakra/vendor/laravel/framework/src/Illuminate/Foundation/Http/Middleware/PreventRequestsDuringMaintenance.php(86): Illuminate\\Pipeline\\Pipeline->Illuminate\\Pipeline\\{closure}(Object(Illuminate\\Http\\Request))
#53 /var/www/beas.in/public_html/ramkrishna_dharma_chakra/vendor/laravel/framework/src/Illuminate/Pipeline/Pipeline.php(167): Illuminate\\Foundation\\Http\\Middleware\\PreventRequestsDuringMaintenance->handle(Object(Illuminate\\Http\\Request), Object(Closure))
#54 /var/www/beas.in/public_html/ramkrishna_dharma_chakra/vendor/fideloper/proxy/src/TrustProxies.php(57): Illuminate\\Pipeline\\Pipeline->Illuminate\\Pipeline\\{closure}(Object(Illuminate\\Http\\Request))
#55 /var/www/beas.in/public_html/ramkrishna_dharma_chakra/vendor/laravel/framework/src/Illuminate/Pipeline/Pipeline.php(167): Fideloper\\Proxy\\TrustProxies->handle(Object(Illuminate\\Http\\Request), Object(Closure))
#56 /var/www/beas.in/public_html/ramkrishna_dharma_chakra/vendor/laravel/framework/src/Illuminate/Pipeline/Pipeline.php(103): Illuminate\\Pipeline\\Pipeline->Illuminate\\Pipeline\\{closure}(Object(Illuminate\\Http\\Request))
#57 /var/www/beas.in/public_html/ramkrishna_dharma_chakra/vendor/laravel/framework/src/Illuminate/Foundation/Http/Kernel.php(142): Illuminate\\Pipeline\\Pipeline->then(Object(Closure))
#58 /var/www/beas.in/public_html/ramkrishna_dharma_chakra/vendor/laravel/framework/src/Illuminate/Foundation/Http/Kernel.php(111): Illuminate\\Foundation\\Http\\Kernel->sendRequestThroughRouter(Object(Illuminate\\Http\\Request))
#59 /var/www/beas.in/public_html/ramkrishna_dharma_chakra/index.php(54): Illuminate\\Foundation\\Http\\Kernel->handle(Object(Illuminate\\Http\\Request))
#60 {main}
"} 
