[2023-06-27 15:57:51] local.ERROR: Attempt to read property "image" on null (View: /var/www/beas.in/public_html/ramkrishna_dharma_chakra/resources/views/admin/includes/header.blade.php) {"view":{"view":"/var/www/beas.in/public_html/ramkrishna_dharma_chakra/resources/views/admin/includes/header.blade.php","data":{"errors":"<pre class=sf-dump id=sf-dump-1291345685 data-indent-pad=\"  \"><span class=sf-dump-note>Illuminate\\Support\\ViewErrorBag</span> {<a class=sf-dump-ref>#441</a><samp data-depth=1 class=sf-dump-expanded>
  #<span class=sf-dump-protected title=\"Protected property\">bags</span>: []
</samp>}
</pre><script>Sfdump(\"sf-dump-1291345685\", {\"maxDepth\":3,\"maxStringLength\":160})</script>
","data":"<pre class=sf-dump id=sf-dump-1021175647 data-indent-pad=\"  \"><span class=sf-dump-note>Illuminate\\Pagination\\LengthAwarePaginator</span> {<a class=sf-dump-ref>#459</a><samp data-depth=1 class=sf-dump-expanded>
  #<span class=sf-dump-protected title=\"Protected property\">total</span>: <span class=sf-dump-num>39</span>
  #<span class=sf-dump-protected title=\"Protected property\">lastPage</span>: <span class=sf-dump-num>4</span>
  #<span class=sf-dump-protected title=\"Protected property\">items</span>: <span class=sf-dump-note title=\"Illuminate\\Database\\Eloquent\\Collection
\"><span class=\"sf-dump-ellipsis sf-dump-ellipsis-note\">Illuminate\\Database\\Eloquent</span><span class=\"sf-dump-ellipsis sf-dump-ellipsis-note\">\\</span>Collection</span> {<a class=sf-dump-ref>#468</a><samp data-depth=2 class=sf-dump-compact>
    #<span class=sf-dump-protected title=\"Protected property\">items</span>: <span class=sf-dump-note>array:10</span> [<samp data-depth=3 class=sf-dump-compact>
      <span class=sf-dump-index>0</span> => <span class=sf-dump-note title=\"App\\Models\\Publication
\"><span class=\"sf-dump-ellipsis sf-dump-ellipsis-note\">App\\Models</span><span class=\"sf-dump-ellipsis sf-dump-ellipsis-note\">\\</span>Publication</span> {<a class=sf-dump-ref>#469</a> &#8230;30}
      <span class=sf-dump-index>1</span> => <span class=sf-dump-note title=\"App\\Models\\Publication
\"><span class=\"sf-dump-ellipsis sf-dump-ellipsis-note\">App\\Models</span><span class=\"sf-dump-ellipsis sf-dump-ellipsis-note\">\\</span>Publication</span> {<a class=sf-dump-ref>#470</a> &#8230;30}
      <span class=sf-dump-index>2</span> => <span class=sf-dump-note title=\"App\\Models\\Publication
\"><span class=\"sf-dump-ellipsis sf-dump-ellipsis-note\">App\\Models</span><span class=\"sf-dump-ellipsis sf-dump-ellipsis-note\">\\</span>Publication</span> {<a class=sf-dump-ref>#471</a> &#8230;30}
      <span class=sf-dump-index>3</span> => <span class=sf-dump-note title=\"App\\Models\\Publication
\"><span class=\"sf-dump-ellipsis sf-dump-ellipsis-note\">App\\Models</span><span class=\"sf-dump-ellipsis sf-dump-ellipsis-note\">\\</span>Publication</span> {<a class=sf-dump-ref>#472</a> &#8230;30}
      <span class=sf-dump-index>4</span> => <span class=sf-dump-note title=\"App\\Models\\Publication
\"><span class=\"sf-dump-ellipsis sf-dump-ellipsis-note\">App\\Models</span><span class=\"sf-dump-ellipsis sf-dump-ellipsis-note\">\\</span>Publication</span> {<a class=sf-dump-ref>#473</a> &#8230;30}
      <span class=sf-dump-index>5</span> => <span class=sf-dump-note title=\"App\\Models\\Publication
\"><span class=\"sf-dump-ellipsis sf-dump-ellipsis-note\">App\\Models</span><span class=\"sf-dump-ellipsis sf-dump-ellipsis-note\">\\</span>Publication</span> {<a class=sf-dump-ref>#474</a> &#8230;30}
      <span class=sf-dump-index>6</span> => <span class=sf-dump-note title=\"App\\Models\\Publication
\"><span class=\"sf-dump-ellipsis sf-dump-ellipsis-note\">App\\Models</span><span class=\"sf-dump-ellipsis sf-dump-ellipsis-note\">\\</span>Publication</span> {<a class=sf-dump-ref>#475</a> &#8230;30}
      <span class=sf-dump-index>7</span> => <span class=sf-dump-note title=\"App\\Models\\Publication
\"><span class=\"sf-dump-ellipsis sf-dump-ellipsis-note\">App\\Models</span><span class=\"sf-dump-ellipsis sf-dump-ellipsis-note\">\\</span>Publication</span> {<a class=sf-dump-ref>#476</a> &#8230;30}
      <span class=sf-dump-index>8</span> => <span class=sf-dump-note title=\"App\\Models\\Publication
\"><span class=\"sf-dump-ellipsis sf-dump-ellipsis-note\">App\\Models</span><span class=\"sf-dump-ellipsis sf-dump-ellipsis-note\">\\</span>Publication</span> {<a class=sf-dump-ref>#477</a> &#8230;30}
      <span class=sf-dump-index>9</span> => <span class=sf-dump-note title=\"App\\Models\\Publication
\"><span class=\"sf-dump-ellipsis sf-dump-ellipsis-note\">App\\Models</span><span class=\"sf-dump-ellipsis sf-dump-ellipsis-note\">\\</span>Publication</span> {<a class=sf-dump-ref>#478</a> &#8230;30}
    </samp>]
    #<span class=sf-dump-protected title=\"Protected property\">escapeWhenCastingToString</span>: <span class=sf-dump-const>false</span>
  </samp>}
  #<span class=sf-dump-protected title=\"Protected property\">perPage</span>: <span class=sf-dump-num>10</span>
  #<span class=sf-dump-protected title=\"Protected property\">currentPage</span>: <span class=sf-dump-num>2</span>
  #<span class=sf-dump-protected title=\"Protected property\">path</span>: \"<span class=sf-dump-str title=\"58 characters\">https://beas.in/ramkrishna_dharma_chakra/admin/publication</span>\"
  #<span class=sf-dump-protected title=\"Protected property\">query</span>: []
  #<span class=sf-dump-protected title=\"Protected property\">fragment</span>: <span class=sf-dump-const>null</span>
  #<span class=sf-dump-protected title=\"Protected property\">pageName</span>: \"<span class=sf-dump-str title=\"4 characters\">page</span>\"
  +<span class=sf-dump-public title=\"Public property\">onEachSide</span>: <span class=sf-dump-num>3</span>
  #<span class=sf-dump-protected title=\"Protected property\">options</span>: <span class=sf-dump-note>array:2</span> [<samp data-depth=2 class=sf-dump-compact>
    \"<span class=sf-dump-key>path</span>\" => \"<span class=sf-dump-str title=\"58 characters\">https://beas.in/ramkrishna_dharma_chakra/admin/publication</span>\"
    \"<span class=sf-dump-key>pageName</span>\" => \"<span class=sf-dump-str title=\"4 characters\">page</span>\"
  </samp>]
</samp>}
</pre><script>Sfdump(\"sf-dump-1021175647\", {\"maxDepth\":3,\"maxStringLength\":160})</script>
"}},"exception":"[object] (Facade\\Ignition\\Exceptions\\ViewException(code: 0): Attempt to read property \"image\" on null (View: /var/www/beas.in/public_html/ramkrishna_dharma_chakra/resources/views/admin/includes/header.blade.php) at /var/www/beas.in/public_html/ramkrishna_dharma_chakra/resources/views/admin/includes/header.blade.php:31)
[stacktrace]
#0 /var/www/beas.in/public_html/ramkrishna_dharma_chakra/resources/views/admin/includes/header.blade.php(31): Illuminate\\Foundation\\Bootstrap\\HandleExceptions->handleError(2, 'Attempt to read...', '/var/www/beas.i...', 31)
#1 /var/www/beas.in/public_html/ramkrishna_dharma_chakra/vendor/laravel/framework/src/Illuminate/Filesystem/Filesystem.php(107): require('/var/www/beas.i...')
#2 /var/www/beas.in/public_html/ramkrishna_dharma_chakra/vendor/laravel/framework/src/Illuminate/Filesystem/Filesystem.php(108): Illuminate\\Filesystem\\Filesystem::Illuminate\\Filesystem\\{closure}()
#3 /var/www/beas.in/public_html/ramkrishna_dharma_chakra/vendor/laravel/framework/src/Illuminate/View/Engines/PhpEngine.php(58): Illuminate\\Filesystem\\Filesystem->getRequire('/var/www/beas.i...', Array)
#4 /var/www/beas.in/public_html/ramkrishna_dharma_chakra/vendor/laravel/framework/src/Illuminate/View/Engines/CompilerEngine.php(61): Illuminate\\View\\Engines\\PhpEngine->evaluatePath('/var/www/beas.i...', Array)
#5 /var/www/beas.in/public_html/ramkrishna_dharma_chakra/vendor/facade/ignition/src/Views/Engines/CompilerEngine.php(37): Illuminate\\View\\Engines\\CompilerEngine->get('/var/www/beas.i...', Array)
#6 /var/www/beas.in/public_html/ramkrishna_dharma_chakra/vendor/laravel/framework/src/Illuminate/View/View.php(139): Facade\\Ignition\\Views\\Engines\\CompilerEngine->get('/var/www/beas.i...', Array)
#7 /var/www/beas.in/public_html/ramkrishna_dharma_chakra/vendor/laravel/framework/src/Illuminate/View/View.php(122): Illuminate\\View\\View->getContents()
#8 /var/www/beas.in/public_html/ramkrishna_dharma_chakra/vendor/laravel/framework/src/Illuminate/View/View.php(91): Illuminate\\View\\View->renderContents()
#9 /var/www/beas.in/public_html/ramkrishna_dharma_chakra/resources/views/admin/publication/index.blade.php(14): Illuminate\\View\\View->render()
#10 /var/www/beas.in/public_html/ramkrishna_dharma_chakra/vendor/laravel/framework/src/Illuminate/Filesystem/Filesystem.php(107): require('/var/www/beas.i...')
#11 /var/www/beas.in/public_html/ramkrishna_dharma_chakra/vendor/laravel/framework/src/Illuminate/Filesystem/Filesystem.php(108): Illuminate\\Filesystem\\Filesystem::Illuminate\\Filesystem\\{closure}()
#12 /var/www/beas.in/public_html/ramkrishna_dharma_chakra/vendor/laravel/framework/src/Illuminate/View/Engines/PhpEngine.php(58): Illuminate\\Filesystem\\Filesystem->getRequire('/var/www/beas.i...', Array)
#13 /var/www/beas.in/public_html/ramkrishna_dharma_chakra/vendor/laravel/framework/src/Illuminate/View/Engines/CompilerEngine.php(61): Illuminate\\View\\Engines\\PhpEngine->evaluatePath('/var/www/beas.i...', Array)
#14 /var/www/beas.in/public_html/ramkrishna_dharma_chakra/vendor/facade/ignition/src/Views/Engines/CompilerEngine.php(37): Illuminate\\View\\Engines\\CompilerEngine->get('/var/www/beas.i...', Array)
#15 /var/www/beas.in/public_html/ramkrishna_dharma_chakra/vendor/laravel/framework/src/Illuminate/View/View.php(139): Facade\\Ignition\\Views\\Engines\\CompilerEngine->get('/var/www/beas.i...', Array)
#16 /var/www/beas.in/public_html/ramkrishna_dharma_chakra/vendor/laravel/framework/src/Illuminate/View/View.php(122): Illuminate\\View\\View->getContents()
#17 /var/www/beas.in/public_html/ramkrishna_dharma_chakra/vendor/laravel/framework/src/Illuminate/View/View.php(91): Illuminate\\View\\View->renderContents()
#18 /var/www/beas.in/public_html/ramkrishna_dharma_chakra/vendor/laravel/framework/src/Illuminate/Http/Response.php(69): Illuminate\\View\\View->render()
#19 /var/www/beas.in/public_html/ramkrishna_dharma_chakra/vendor/laravel/framework/src/Illuminate/Http/Response.php(35): Illuminate\\Http\\Response->setContent(Object(Illuminate\\View\\View))
#20 /var/www/beas.in/public_html/ramkrishna_dharma_chakra/vendor/laravel/framework/src/Illuminate/Routing/Router.php(820): Illuminate\\Http\\Response->__construct(Object(Illuminate\\View\\View), 200, Array)
#21 /var/www/beas.in/public_html/ramkrishna_dharma_chakra/vendor/laravel/framework/src/Illuminate/Routing/Router.php(789): Illuminate\\Routing\\Router::toResponse(Object(Illuminate\\Http\\Request), Object(Illuminate\\View\\View))
#22 /var/www/beas.in/public_html/ramkrishna_dharma_chakra/vendor/laravel/framework/src/Illuminate/Routing/Router.php(721): Illuminate\\Routing\\Router->prepareResponse(Object(Illuminate\\Http\\Request), Object(Illuminate\\View\\View))
#23 /var/www/beas.in/public_html/ramkrishna_dharma_chakra/vendor/laravel/framework/src/Illuminate/Pipeline/Pipeline.php(128): Illuminate\\Routing\\Router->Illuminate\\Routing\\{closure}(Object(Illuminate\\Http\\Request))
#24 /var/www/beas.in/public_html/ramkrishna_dharma_chakra/vendor/laravel/framework/src/Illuminate/Routing/Middleware/SubstituteBindings.php(50): Illuminate\\Pipeline\\Pipeline->Illuminate\\Pipeline\\{closure}(Object(Illuminate\\Http\\Request))
#25 /var/www/beas.in/public_html/ramkrishna_dharma_chakra/vendor/laravel/framework/src/Illuminate/Pipeline/Pipeline.php(167): Illuminate\\Routing\\Middleware\\SubstituteBindings->handle(Object(Illuminate\\Http\\Request), Object(Closure))
#26 /var/www/beas.in/public_html/ramkrishna_dharma_chakra/vendor/laravel/framework/src/Illuminate/Foundation/Http/Middleware/VerifyCsrfToken.php(78): Illuminate\\Pipeline\\Pipeline->Illuminate\\Pipeline\\{closure}(Object(Illuminate\\Http\\Request))
#27 /var/www/beas.in/public_html/ramkrishna_dharma_chakra/vendor/laravel/framework/src/Illuminate/Pipeline/Pipeline.php(167): Illuminate\\Foundation\\Http\\Middleware\\VerifyCsrfToken->handle(Object(Illuminate\\Http\\Request), Object(Closure))
#28 /var/www/beas.in/public_html/ramkrishna_dharma_chakra/vendor/laravel/framework/src/Illuminate/View/Middleware/ShareErrorsFromSession.php(49): Illuminate\\Pipeline\\Pipeline->Illuminate\\Pipeline\\{closure}(Object(Illuminate\\Http\\Request))
#29 /var/www/beas.in/public_html/ramkrishna_dharma_chakra/vendor/laravel/framework/src/Illuminate/Pipeline/Pipeline.php(167): Illuminate\\View\\Middleware\\ShareErrorsFromSession->handle(Object(Illuminate\\Http\\Request), Object(Closure))
#30 /var/www/beas.in/public_html/ramkrishna_dharma_chakra/vendor/laravel/framework/src/Illuminate/Session/Middleware/StartSession.php(121): Illuminate\\Pipeline\\Pipeline->Illuminate\\Pipeline\\{closure}(Object(Illuminate\\Http\\Request))
#31 /var/www/beas.in/public_html/ramkrishna_dharma_chakra/vendor/laravel/framework/src/Illuminate/Session/Middleware/StartSession.php(64): Illuminate\\Session\\Middleware\\StartSession->handleStatefulRequest(Object(Illuminate\\Http\\Request), Object(Illuminate\\Session\\Store), Object(Closure))
#32 /var/www/beas.in/public_html/ramkrishna_dharma_chakra/vendor/laravel/framework/src/Illuminate/Pipeline/Pipeline.php(167): Illuminate\\Session\\Middleware\\StartSession->handle(Object(Illuminate\\Http\\Request), Object(Closure))
#33 /var/www/beas.in/public_html/ramkrishna_dharma_chakra/vendor/laravel/framework/src/Illuminate/Cookie/Middleware/AddQueuedCookiesToResponse.php(37): Illuminate\\Pipeline\\Pipeline->Illuminate\\Pipeline\\{closure}(Object(Illuminate\\Http\\Request))
#34 /var/www/beas.in/public_html/ramkrishna_dharma_chakra/vendor/laravel/framework/src/Illuminate/Pipeline/Pipeline.php(167): Illuminate\\Cookie\\Middleware\\AddQueuedCookiesToResponse->handle(Object(Illuminate\\Http\\Request), Object(Closure))
#35 /var/www/beas.in/public_html/ramkrishna_dharma_chakra/vendor/laravel/framework/src/Illuminate/Cookie/Middleware/EncryptCookies.php(67): Illuminate\\Pipeline\\Pipeline->Illuminate\\Pipeline\\{closure}(Object(Illuminate\\Http\\Request))
#36 /var/www/beas.in/public_html/ramkrishna_dharma_chakra/vendor/laravel/framework/src/Illuminate/Pipeline/Pipeline.php(167): Illuminate\\Cookie\\Middleware\\EncryptCookies->handle(Object(Illuminate\\Http\\Request), Object(Closure))
#37 /var/www/beas.in/public_html/ramkrishna_dharma_chakra/vendor/laravel/framework/src/Illuminate/Pipeline/Pipeline.php(103): Illuminate\\Pipeline\\Pipeline->Illuminate\\Pipeline\\{closure}(Object(Illuminate\\Http\\Request))
#38 /var/www/beas.in/public_html/ramkrishna_dharma_chakra/vendor/laravel/framework/src/Illuminate/Routing/Router.php(723): Illuminate\\Pipeline\\Pipeline->then(Object(Closure))
#39 /var/www/beas.in/public_html/ramkrishna_dharma_chakra/vendor/laravel/framework/src/Illuminate/Routing/Router.php(698): Illuminate\\Routing\\Router->runRouteWithinStack(Object(Illuminate\\Routing\\Route), Object(Illuminate\\Http\\Request))
#40 /var/www/beas.in/public_html/ramkrishna_dharma_chakra/vendor/laravel/framework/src/Illuminate/Routing/Router.php(662): Illuminate\\Routing\\Router->runRoute(Object(Illuminate\\Http\\Request), Object(Illuminate\\Routing\\Route))
#41 /var/www/beas.in/public_html/ramkrishna_dharma_chakra/vendor/laravel/framework/src/Illuminate/Routing/Router.php(651): Illuminate\\Routing\\Router->dispatchToRoute(Object(Illuminate\\Http\\Request))
#42 /var/www/beas.in/public_html/ramkrishna_dharma_chakra/vendor/laravel/framework/src/Illuminate/Foundation/Http/Kernel.php(167): Illuminate\\Routing\\Router->dispatch(Object(Illuminate\\Http\\Request))
#43 /var/www/beas.in/public_html/ramkrishna_dharma_chakra/vendor/laravel/framework/src/Illuminate/Pipeline/Pipeline.php(128): Illuminate\\Foundation\\Http\\Kernel->Illuminate\\Foundation\\Http\\{closure}(Object(Illuminate\\Http\\Request))
#44 /var/www/beas.in/public_html/ramkrishna_dharma_chakra/vendor/laravel/framework/src/Illuminate/Foundation/Http/Middleware/TransformsRequest.php(21): Illuminate\\Pipeline\\Pipeline->Illuminate\\Pipeline\\{closure}(Object(Illuminate\\Http\\Request))
#45 /var/www/beas.in/public_html/ramkrishna_dharma_chakra/vendor/laravel/framework/src/Illuminate/Foundation/Http/Middleware/ConvertEmptyStringsToNull.php(31): Illuminate\\Foundation\\Http\\Middleware\\TransformsRequest->handle(Object(Illuminate\\Http\\Request), Object(Closure))
#46 /var/www/beas.in/public_html/ramkrishna_dharma_chakra/vendor/laravel/framework/src/Illuminate/Pipeline/Pipeline.php(167): Illuminate\\Foundation\\Http\\Middleware\\ConvertEmptyStringsToNull->handle(Object(Illuminate\\Http\\Request), Object(Closure))
#47 /var/www/beas.in/public_html/ramkrishna_dharma_chakra/vendor/laravel/framework/src/Illuminate/Foundation/Http/Middleware/TransformsRequest.php(21): Illuminate\\Pipeline\\Pipeline->Illuminate\\Pipeline\\{closure}(Object(Illuminate\\Http\\Request))
#48 /var/www/beas.in/public_html/ramkrishna_dharma_chakra/vendor/laravel/framework/src/Illuminate/Foundation/Http/Middleware/TrimStrings.php(40): Illuminate\\Foundation\\Http\\Middleware\\TransformsRequest->handle(Object(Illuminate\\Http\\Request), Object(Closure))
#49 /var/www/beas.in/public_html/ramkrishna_dharma_chakra/vendor/laravel/framework/src/Illuminate/Pipeline/Pipeline.php(167): Illuminate\\Foundation\\Http\\Middleware\\TrimStrings->handle(Object(Illuminate\\Http\\Request), Object(Closure))
#50 /var/www/beas.in/public_html/ramkrishna_dharma_chakra/vendor/laravel/framework/src/Illuminate/Foundation/Http/Middleware/ValidatePostSize.php(27): Illuminate\\Pipeline\\Pipeline->Illuminate\\Pipeline\\{closure}(Object(Illuminate\\Http\\Request))
#51 /var/www/beas.in/public_html/ramkrishna_dharma_chakra/vendor/laravel/framework/src/Illuminate/Pipeline/Pipeline.php(167): Illuminate\\Foundation\\Http\\Middleware\\ValidatePostSize->handle(Object(Illuminate\\Http\\Request), Object(Closure))
#52 /var/www/beas.in/public_html/ramkrishna_dharma_chakra/vendor/laravel/framework/src/Illuminate/Foundation/Http/Middleware/PreventRequestsDuringMaintenance.php(86): Illuminate\\Pipeline\\Pipeline->Illuminate\\Pipeline\\{closure}(Object(Illuminate\\Http\\Request))
#53 /var/www/beas.in/public_html/ramkrishna_dharma_chakra/vendor/laravel/framework/src/Illuminate/Pipeline/Pipeline.php(167): Illuminate\\Foundation\\Http\\Middleware\\PreventRequestsDuringMaintenance->handle(Object(Illuminate\\Http\\Request), Object(Closure))
#54 /var/www/beas.in/public_html/ramkrishna_dharma_chakra/vendor/fideloper/proxy/src/TrustProxies.php(57): Illuminate\\Pipeline\\Pipeline->Illuminate\\Pipeline\\{closure}(Object(Illuminate\\Http\\Request))
#55 /var/www/beas.in/public_html/ramkrishna_dharma_chakra/vendor/laravel/framework/src/Illuminate/Pipeline/Pipeline.php(167): Fideloper\\Proxy\\TrustProxies->handle(Object(Illuminate\\Http\\Request), Object(Closure))
#56 /var/www/beas.in/public_html/ramkrishna_dharma_chakra/vendor/laravel/framework/src/Illuminate/Pipeline/Pipeline.php(103): Illuminate\\Pipeline\\Pipeline->Illuminate\\Pipeline\\{closure}(Object(Illuminate\\Http\\Request))
#57 /var/www/beas.in/public_html/ramkrishna_dharma_chakra/vendor/laravel/framework/src/Illuminate/Foundation/Http/Kernel.php(142): Illuminate\\Pipeline\\Pipeline->then(Object(Closure))
#58 /var/www/beas.in/public_html/ramkrishna_dharma_chakra/vendor/laravel/framework/src/Illuminate/Foundation/Http/Kernel.php(111): Illuminate\\Foundation\\Http\\Kernel->sendRequestThroughRouter(Object(Illuminate\\Http\\Request))
#59 /var/www/beas.in/public_html/ramkrishna_dharma_chakra/index.php(54): Illuminate\\Foundation\\Http\\Kernel->handle(Object(Illuminate\\Http\\Request))
#60 {main}

[previous exception] [object] (ErrorException(code: 0): Attempt to read property \"image\" on null at /var/www/beas.in/public_html/ramkrishna_dharma_chakra/storage/framework/views/f682938668588d27255d7a0c60c88caa0abe8a1e.php:31)
[stacktrace]
#0 /var/www/beas.in/public_html/ramkrishna_dharma_chakra/storage/framework/views/f682938668588d27255d7a0c60c88caa0abe8a1e.php(31): Illuminate\\Foundation\\Bootstrap\\HandleExceptions->handleError(2, 'Attempt to read...', '/var/www/beas.i...', 31)
#1 /var/www/beas.in/public_html/ramkrishna_dharma_chakra/vendor/laravel/framework/src/Illuminate/Filesystem/Filesystem.php(107): require('/var/www/beas.i...')
#2 /var/www/beas.in/public_html/ramkrishna_dharma_chakra/vendor/laravel/framework/src/Illuminate/Filesystem/Filesystem.php(108): Illuminate\\Filesystem\\Filesystem::Illuminate\\Filesystem\\{closure}()
#3 /var/www/beas.in/public_html/ramkrishna_dharma_chakra/vendor/laravel/framework/src/Illuminate/View/Engines/PhpEngine.php(58): Illuminate\\Filesystem\\Filesystem->getRequire('/var/www/beas.i...', Array)
#4 /var/www/beas.in/public_html/ramkrishna_dharma_chakra/vendor/laravel/framework/src/Illuminate/View/Engines/CompilerEngine.php(61): Illuminate\\View\\Engines\\PhpEngine->evaluatePath('/var/www/beas.i...', Array)
#5 /var/www/beas.in/public_html/ramkrishna_dharma_chakra/vendor/facade/ignition/src/Views/Engines/CompilerEngine.php(37): Illuminate\\View\\Engines\\CompilerEngine->get('/var/www/beas.i...', Array)
#6 /var/www/beas.in/public_html/ramkrishna_dharma_chakra/vendor/laravel/framework/src/Illuminate/View/View.php(139): Facade\\Ignition\\Views\\Engines\\CompilerEngine->get('/var/www/beas.i...', Array)
#7 /var/www/beas.in/public_html/ramkrishna_dharma_chakra/vendor/laravel/framework/src/Illuminate/View/View.php(122): Illuminate\\View\\View->getContents()
#8 /var/www/beas.in/public_html/ramkrishna_dharma_chakra/vendor/laravel/framework/src/Illuminate/View/View.php(91): Illuminate\\View\\View->renderContents()
#9 /var/www/beas.in/public_html/ramkrishna_dharma_chakra/storage/framework/views/30455897725e1d83f0b06f5c78404514485125e4.php(14): Illuminate\\View\\View->render()
#10 /var/www/beas.in/public_html/ramkrishna_dharma_chakra/vendor/laravel/framework/src/Illuminate/Filesystem/Filesystem.php(107): require('/var/www/beas.i...')
#11 /var/www/beas.in/public_html/ramkrishna_dharma_chakra/vendor/laravel/framework/src/Illuminate/Filesystem/Filesystem.php(108): Illuminate\\Filesystem\\Filesystem::Illuminate\\Filesystem\\{closure}()
#12 /var/www/beas.in/public_html/ramkrishna_dharma_chakra/vendor/laravel/framework/src/Illuminate/View/Engines/PhpEngine.php(58): Illuminate\\Filesystem\\Filesystem->getRequire('/var/www/beas.i...', Array)
#13 /var/www/beas.in/public_html/ramkrishna_dharma_chakra/vendor/laravel/framework/src/Illuminate/View/Engines/CompilerEngine.php(61): Illuminate\\View\\Engines\\PhpEngine->evaluatePath('/var/www/beas.i...', Array)
#14 /var/www/beas.in/public_html/ramkrishna_dharma_chakra/vendor/facade/ignition/src/Views/Engines/CompilerEngine.php(37): Illuminate\\View\\Engines\\CompilerEngine->get('/var/www/beas.i...', Array)
#15 /var/www/beas.in/public_html/ramkrishna_dharma_chakra/vendor/laravel/framework/src/Illuminate/View/View.php(139): Facade\\Ignition\\Views\\Engines\\CompilerEngine->get('/var/www/beas.i...', Array)
#16 /var/www/beas.in/public_html/ramkrishna_dharma_chakra/vendor/laravel/framework/src/Illuminate/View/View.php(122): Illuminate\\View\\View->getContents()
#17 /var/www/beas.in/public_html/ramkrishna_dharma_chakra/vendor/laravel/framework/src/Illuminate/View/View.php(91): Illuminate\\View\\View->renderContents()
#18 /var/www/beas.in/public_html/ramkrishna_dharma_chakra/vendor/laravel/framework/src/Illuminate/Http/Response.php(69): Illuminate\\View\\View->render()
#19 /var/www/beas.in/public_html/ramkrishna_dharma_chakra/vendor/laravel/framework/src/Illuminate/Http/Response.php(35): Illuminate\\Http\\Response->setContent(Object(Illuminate\\View\\View))
#20 /var/www/beas.in/public_html/ramkrishna_dharma_chakra/vendor/laravel/framework/src/Illuminate/Routing/Router.php(820): Illuminate\\Http\\Response->__construct(Object(Illuminate\\View\\View), 200, Array)
#21 /var/www/beas.in/public_html/ramkrishna_dharma_chakra/vendor/laravel/framework/src/Illuminate/Routing/Router.php(789): Illuminate\\Routing\\Router::toResponse(Object(Illuminate\\Http\\Request), Object(Illuminate\\View\\View))
#22 /var/www/beas.in/public_html/ramkrishna_dharma_chakra/vendor/laravel/framework/src/Illuminate/Routing/Router.php(721): Illuminate\\Routing\\Router->prepareResponse(Object(Illuminate\\Http\\Request), Object(Illuminate\\View\\View))
#23 /var/www/beas.in/public_html/ramkrishna_dharma_chakra/vendor/laravel/framework/src/Illuminate/Pipeline/Pipeline.php(128): Illuminate\\Routing\\Router->Illuminate\\Routing\\{closure}(Object(Illuminate\\Http\\Request))
#24 /var/www/beas.in/public_html/ramkrishna_dharma_chakra/vendor/laravel/framework/src/Illuminate/Routing/Middleware/SubstituteBindings.php(50): Illuminate\\Pipeline\\Pipeline->Illuminate\\Pipeline\\{closure}(Object(Illuminate\\Http\\Request))
#25 /var/www/beas.in/public_html/ramkrishna_dharma_chakra/vendor/laravel/framework/src/Illuminate/Pipeline/Pipeline.php(167): Illuminate\\Routing\\Middleware\\SubstituteBindings->handle(Object(Illuminate\\Http\\Request), Object(Closure))
#26 /var/www/beas.in/public_html/ramkrishna_dharma_chakra/vendor/laravel/framework/src/Illuminate/Foundation/Http/Middleware/VerifyCsrfToken.php(78): Illuminate\\Pipeline\\Pipeline->Illuminate\\Pipeline\\{closure}(Object(Illuminate\\Http\\Request))
#27 /var/www/beas.in/public_html/ramkrishna_dharma_chakra/vendor/laravel/framework/src/Illuminate/Pipeline/Pipeline.php(167): Illuminate\\Foundation\\Http\\Middleware\\VerifyCsrfToken->handle(Object(Illuminate\\Http\\Request), Object(Closure))
#28 /var/www/beas.in/public_html/ramkrishna_dharma_chakra/vendor/laravel/framework/src/Illuminate/View/Middleware/ShareErrorsFromSession.php(49): Illuminate\\Pipeline\\Pipeline->Illuminate\\Pipeline\\{closure}(Object(Illuminate\\Http\\Request))
#29 /var/www/beas.in/public_html/ramkrishna_dharma_chakra/vendor/laravel/framework/src/Illuminate/Pipeline/Pipeline.php(167): Illuminate\\View\\Middleware\\ShareErrorsFromSession->handle(Object(Illuminate\\Http\\Request), Object(Closure))
#30 /var/www/beas.in/public_html/ramkrishna_dharma_chakra/vendor/laravel/framework/src/Illuminate/Session/Middleware/StartSession.php(121): Illuminate\\Pipeline\\Pipeline->Illuminate\\Pipeline\\{closure}(Object(Illuminate\\Http\\Request))
#31 /var/www/beas.in/public_html/ramkrishna_dharma_chakra/vendor/laravel/framework/src/Illuminate/Session/Middleware/StartSession.php(64): Illuminate\\Session\\Middleware\\StartSession->handleStatefulRequest(Object(Illuminate\\Http\\Request), Object(Illuminate\\Session\\Store), Object(Closure))
#32 /var/www/beas.in/public_html/ramkrishna_dharma_chakra/vendor/laravel/framework/src/Illuminate/Pipeline/Pipeline.php(167): Illuminate\\Session\\Middleware\\StartSession->handle(Object(Illuminate\\Http\\Request), Object(Closure))
#33 /var/www/beas.in/public_html/ramkrishna_dharma_chakra/vendor/laravel/framework/src/Illuminate/Cookie/Middleware/AddQueuedCookiesToResponse.php(37): Illuminate\\Pipeline\\Pipeline->Illuminate\\Pipeline\\{closure}(Object(Illuminate\\Http\\Request))
#34 /var/www/beas.in/public_html/ramkrishna_dharma_chakra/vendor/laravel/framework/src/Illuminate/Pipeline/Pipeline.php(167): Illuminate\\Cookie\\Middleware\\AddQueuedCookiesToResponse->handle(Object(Illuminate\\Http\\Request), Object(Closure))
#35 /var/www/beas.in/public_html/ramkrishna_dharma_chakra/vendor/laravel/framework/src/Illuminate/Cookie/Middleware/EncryptCookies.php(67): Illuminate\\Pipeline\\Pipeline->Illuminate\\Pipeline\\{closure}(Object(Illuminate\\Http\\Request))
#36 /var/www/beas.in/public_html/ramkrishna_dharma_chakra/vendor/laravel/framework/src/Illuminate/Pipeline/Pipeline.php(167): Illuminate\\Cookie\\Middleware\\EncryptCookies->handle(Object(Illuminate\\Http\\Request), Object(Closure))
#37 /var/www/beas.in/public_html/ramkrishna_dharma_chakra/vendor/laravel/framework/src/Illuminate/Pipeline/Pipeline.php(103): Illuminate\\Pipeline\\Pipeline->Illuminate\\Pipeline\\{closure}(Object(Illuminate\\Http\\Request))
#38 /var/www/beas.in/public_html/ramkrishna_dharma_chakra/vendor/laravel/framework/src/Illuminate/Routing/Router.php(723): Illuminate\\Pipeline\\Pipeline->then(Object(Closure))
#39 /var/www/beas.in/public_html/ramkrishna_dharma_chakra/vendor/laravel/framework/src/Illuminate/Routing/Router.php(698): Illuminate\\Routing\\Router->runRouteWithinStack(Object(Illuminate\\Routing\\Route), Object(Illuminate\\Http\\Request))
#40 /var/www/beas.in/public_html/ramkrishna_dharma_chakra/vendor/laravel/framework/src/Illuminate/Routing/Router.php(662): Illuminate\\Routing\\Router->runRoute(Object(Illuminate\\Http\\Request), Object(Illuminate\\Routing\\Route))
#41 /var/www/beas.in/public_html/ramkrishna_dharma_chakra/vendor/laravel/framework/src/Illuminate/Routing/Router.php(651): Illuminate\\Routing\\Router->dispatchToRoute(Object(Illuminate\\Http\\Request))
#42 /var/www/beas.in/public_html/ramkrishna_dharma_chakra/vendor/laravel/framework/src/Illuminate/Foundation/Http/Kernel.php(167): Illuminate\\Routing\\Router->dispatch(Object(Illuminate\\Http\\Request))
#43 /var/www/beas.in/public_html/ramkrishna_dharma_chakra/vendor/laravel/framework/src/Illuminate/Pipeline/Pipeline.php(128): Illuminate\\Foundation\\Http\\Kernel->Illuminate\\Foundation\\Http\\{closure}(Object(Illuminate\\Http\\Request))
#44 /var/www/beas.in/public_html/ramkrishna_dharma_chakra/vendor/laravel/framework/src/Illuminate/Foundation/Http/Middleware/TransformsRequest.php(21): Illuminate\\Pipeline\\Pipeline->Illuminate\\Pipeline\\{closure}(Object(Illuminate\\Http\\Request))
#45 /var/www/beas.in/public_html/ramkrishna_dharma_chakra/vendor/laravel/framework/src/Illuminate/Foundation/Http/Middleware/ConvertEmptyStringsToNull.php(31): Illuminate\\Foundation\\Http\\Middleware\\TransformsRequest->handle(Object(Illuminate\\Http\\Request), Object(Closure))
#46 /var/www/beas.in/public_html/ramkrishna_dharma_chakra/vendor/laravel/framework/src/Illuminate/Pipeline/Pipeline.php(167): Illuminate\\Foundation\\Http\\Middleware\\ConvertEmptyStringsToNull->handle(Object(Illuminate\\Http\\Request), Object(Closure))
#47 /var/www/beas.in/public_html/ramkrishna_dharma_chakra/vendor/laravel/framework/src/Illuminate/Foundation/Http/Middleware/TransformsRequest.php(21): Illuminate\\Pipeline\\Pipeline->Illuminate\\Pipeline\\{closure}(Object(Illuminate\\Http\\Request))
#48 /var/www/beas.in/public_html/ramkrishna_dharma_chakra/vendor/laravel/framework/src/Illuminate/Foundation/Http/Middleware/TrimStrings.php(40): Illuminate\\Foundation\\Http\\Middleware\\TransformsRequest->handle(Object(Illuminate\\Http\\Request), Object(Closure))
#49 /var/www/beas.in/public_html/ramkrishna_dharma_chakra/vendor/laravel/framework/src/Illuminate/Pipeline/Pipeline.php(167): Illuminate\\Foundation\\Http\\Middleware\\TrimStrings->handle(Object(Illuminate\\Http\\Request), Object(Closure))
#50 /var/www/beas.in/public_html/ramkrishna_dharma_chakra/vendor/laravel/framework/src/Illuminate/Foundation/Http/Middleware/ValidatePostSize.php(27): Illuminate\\Pipeline\\Pipeline->Illuminate\\Pipeline\\{closure}(Object(Illuminate\\Http\\Request))
#51 /var/www/beas.in/public_html/ramkrishna_dharma_chakra/vendor/laravel/framework/src/Illuminate/Pipeline/Pipeline.php(167): Illuminate\\Foundation\\Http\\Middleware\\ValidatePostSize->handle(Object(Illuminate\\Http\\Request), Object(Closure))
#52 /var/www/beas.in/public_html/ramkrishna_dharma_chakra/vendor/laravel/framework/src/Illuminate/Foundation/Http/Middleware/PreventRequestsDuringMaintenance.php(86): Illuminate\\Pipeline\\Pipeline->Illuminate\\Pipeline\\{closure}(Object(Illuminate\\Http\\Request))
#53 /var/www/beas.in/public_html/ramkrishna_dharma_chakra/vendor/laravel/framework/src/Illuminate/Pipeline/Pipeline.php(167): Illuminate\\Foundation\\Http\\Middleware\\PreventRequestsDuringMaintenance->handle(Object(Illuminate\\Http\\Request), Object(Closure))
#54 /var/www/beas.in/public_html/ramkrishna_dharma_chakra/vendor/fideloper/proxy/src/TrustProxies.php(57): Illuminate\\Pipeline\\Pipeline->Illuminate\\Pipeline\\{closure}(Object(Illuminate\\Http\\Request))
#55 /var/www/beas.in/public_html/ramkrishna_dharma_chakra/vendor/laravel/framework/src/Illuminate/Pipeline/Pipeline.php(167): Fideloper\\Proxy\\TrustProxies->handle(Object(Illuminate\\Http\\Request), Object(Closure))
#56 /var/www/beas.in/public_html/ramkrishna_dharma_chakra/vendor/laravel/framework/src/Illuminate/Pipeline/Pipeline.php(103): Illuminate\\Pipeline\\Pipeline->Illuminate\\Pipeline\\{closure}(Object(Illuminate\\Http\\Request))
#57 /var/www/beas.in/public_html/ramkrishna_dharma_chakra/vendor/laravel/framework/src/Illuminate/Foundation/Http/Kernel.php(142): Illuminate\\Pipeline\\Pipeline->then(Object(Closure))
#58 /var/www/beas.in/public_html/ramkrishna_dharma_chakra/vendor/laravel/framework/src/Illuminate/Foundation/Http/Kernel.php(111): Illuminate\\Foundation\\Http\\Kernel->sendRequestThroughRouter(Object(Illuminate\\Http\\Request))
#59 /var/www/beas.in/public_html/ramkrishna_dharma_chakra/index.php(54): Illuminate\\Foundation\\Http\\Kernel->handle(Object(Illuminate\\Http\\Request))
#60 {main}
"} 
[2023-06-27 16:00:13] local.ERROR: Attempt to read property "image" on null (View: /var/www/beas.in/public_html/ramkrishna_dharma_chakra/resources/views/admin/includes/header.blade.php) {"view":{"view":"/var/www/beas.in/public_html/ramkrishna_dharma_chakra/resources/views/admin/includes/header.blade.php","data":{"errors":"<pre class=sf-dump id=sf-dump-1934376166 data-indent-pad=\"  \"><span class=sf-dump-note>Illuminate\\Support\\ViewErrorBag</span> {<a class=sf-dump-ref>#441</a><samp data-depth=1 class=sf-dump-expanded>
  #<span class=sf-dump-protected title=\"Protected property\">bags</span>: []
</samp>}
</pre><script>Sfdump(\"sf-dump-1934376166\", {\"maxDepth\":3,\"maxStringLength\":160})</script>
","data":"<pre class=sf-dump id=sf-dump-246555146 data-indent-pad=\"  \"><span class=sf-dump-note>Illuminate\\Pagination\\LengthAwarePaginator</span> {<a class=sf-dump-ref>#459</a><samp data-depth=1 class=sf-dump-expanded>
  #<span class=sf-dump-protected title=\"Protected property\">total</span>: <span class=sf-dump-num>39</span>
  #<span class=sf-dump-protected title=\"Protected property\">lastPage</span>: <span class=sf-dump-num>4</span>
  #<span class=sf-dump-protected title=\"Protected property\">items</span>: <span class=sf-dump-note title=\"Illuminate\\Database\\Eloquent\\Collection
\"><span class=\"sf-dump-ellipsis sf-dump-ellipsis-note\">Illuminate\\Database\\Eloquent</span><span class=\"sf-dump-ellipsis sf-dump-ellipsis-note\">\\</span>Collection</span> {<a class=sf-dump-ref>#468</a><samp data-depth=2 class=sf-dump-compact>
    #<span class=sf-dump-protected title=\"Protected property\">items</span>: <span class=sf-dump-note>array:10</span> [<samp data-depth=3 class=sf-dump-compact>
      <span class=sf-dump-index>0</span> => <span class=sf-dump-note title=\"App\\Models\\Publication
\"><span class=\"sf-dump-ellipsis sf-dump-ellipsis-note\">App\\Models</span><span class=\"sf-dump-ellipsis sf-dump-ellipsis-note\">\\</span>Publication</span> {<a class=sf-dump-ref>#469</a> &#8230;30}
      <span class=sf-dump-index>1</span> => <span class=sf-dump-note title=\"App\\Models\\Publication
\"><span class=\"sf-dump-ellipsis sf-dump-ellipsis-note\">App\\Models</span><span class=\"sf-dump-ellipsis sf-dump-ellipsis-note\">\\</span>Publication</span> {<a class=sf-dump-ref>#470</a> &#8230;30}
      <span class=sf-dump-index>2</span> => <span class=sf-dump-note title=\"App\\Models\\Publication
\"><span class=\"sf-dump-ellipsis sf-dump-ellipsis-note\">App\\Models</span><span class=\"sf-dump-ellipsis sf-dump-ellipsis-note\">\\</span>Publication</span> {<a class=sf-dump-ref>#471</a> &#8230;30}
      <span class=sf-dump-index>3</span> => <span class=sf-dump-note title=\"App\\Models\\Publication
\"><span class=\"sf-dump-ellipsis sf-dump-ellipsis-note\">App\\Models</span><span class=\"sf-dump-ellipsis sf-dump-ellipsis-note\">\\</span>Publication</span> {<a class=sf-dump-ref>#472</a> &#8230;30}
      <span class=sf-dump-index>4</span> => <span class=sf-dump-note title=\"App\\Models\\Publication
\"><span class=\"sf-dump-ellipsis sf-dump-ellipsis-note\">App\\Models</span><span class=\"sf-dump-ellipsis sf-dump-ellipsis-note\">\\</span>Publication</span> {<a class=sf-dump-ref>#473</a> &#8230;30}
      <span class=sf-dump-index>5</span> => <span class=sf-dump-note title=\"App\\Models\\Publication
\"><span class=\"sf-dump-ellipsis sf-dump-ellipsis-note\">App\\Models</span><span class=\"sf-dump-ellipsis sf-dump-ellipsis-note\">\\</span>Publication</span> {<a class=sf-dump-ref>#474</a> &#8230;30}
      <span class=sf-dump-index>6</span> => <span class=sf-dump-note title=\"App\\Models\\Publication
\"><span class=\"sf-dump-ellipsis sf-dump-ellipsis-note\">App\\Models</span><span class=\"sf-dump-ellipsis sf-dump-ellipsis-note\">\\</span>Publication</span> {<a class=sf-dump-ref>#475</a> &#8230;30}
      <span class=sf-dump-index>7</span> => <span class=sf-dump-note title=\"App\\Models\\Publication
\"><span class=\"sf-dump-ellipsis sf-dump-ellipsis-note\">App\\Models</span><span class=\"sf-dump-ellipsis sf-dump-ellipsis-note\">\\</span>Publication</span> {<a class=sf-dump-ref>#476</a> &#8230;30}
      <span class=sf-dump-index>8</span> => <span class=sf-dump-note title=\"App\\Models\\Publication
\"><span class=\"sf-dump-ellipsis sf-dump-ellipsis-note\">App\\Models</span><span class=\"sf-dump-ellipsis sf-dump-ellipsis-note\">\\</span>Publication</span> {<a class=sf-dump-ref>#477</a> &#8230;30}
      <span class=sf-dump-index>9</span> => <span class=sf-dump-note title=\"App\\Models\\Publication
\"><span class=\"sf-dump-ellipsis sf-dump-ellipsis-note\">App\\Models</span><span class=\"sf-dump-ellipsis sf-dump-ellipsis-note\">\\</span>Publication</span> {<a class=sf-dump-ref>#478</a> &#8230;30}
    </samp>]
    #<span class=sf-dump-protected title=\"Protected property\">escapeWhenCastingToString</span>: <span class=sf-dump-const>false</span>
  </samp>}
  #<span class=sf-dump-protected title=\"Protected property\">perPage</span>: <span class=sf-dump-num>10</span>
  #<span class=sf-dump-protected title=\"Protected property\">currentPage</span>: <span class=sf-dump-num>2</span>
  #<span class=sf-dump-protected title=\"Protected property\">path</span>: \"<span class=sf-dump-str title=\"58 characters\">https://beas.in/ramkrishna_dharma_chakra/admin/publication</span>\"
  #<span class=sf-dump-protected title=\"Protected property\">query</span>: []
  #<span class=sf-dump-protected title=\"Protected property\">fragment</span>: <span class=sf-dump-const>null</span>
  #<span class=sf-dump-protected title=\"Protected property\">pageName</span>: \"<span class=sf-dump-str title=\"4 characters\">page</span>\"
  +<span class=sf-dump-public title=\"Public property\">onEachSide</span>: <span class=sf-dump-num>3</span>
  #<span class=sf-dump-protected title=\"Protected property\">options</span>: <span class=sf-dump-note>array:2</span> [<samp data-depth=2 class=sf-dump-compact>
    \"<span class=sf-dump-key>path</span>\" => \"<span class=sf-dump-str title=\"58 characters\">https://beas.in/ramkrishna_dharma_chakra/admin/publication</span>\"
    \"<span class=sf-dump-key>pageName</span>\" => \"<span class=sf-dump-str title=\"4 characters\">page</span>\"
  </samp>]
</samp>}
</pre><script>Sfdump(\"sf-dump-246555146\", {\"maxDepth\":3,\"maxStringLength\":160})</script>
"}},"exception":"[object] (Facade\\Ignition\\Exceptions\\ViewException(code: 0): Attempt to read property \"image\" on null (View: /var/www/beas.in/public_html/ramkrishna_dharma_chakra/resources/views/admin/includes/header.blade.php) at /var/www/beas.in/public_html/ramkrishna_dharma_chakra/resources/views/admin/includes/header.blade.php:31)
[stacktrace]
#0 /var/www/beas.in/public_html/ramkrishna_dharma_chakra/resources/views/admin/includes/header.blade.php(31): Illuminate\\Foundation\\Bootstrap\\HandleExceptions->handleError(2, 'Attempt to read...', '/var/www/beas.i...', 31)
#1 /var/www/beas.in/public_html/ramkrishna_dharma_chakra/vendor/laravel/framework/src/Illuminate/Filesystem/Filesystem.php(107): require('/var/www/beas.i...')
#2 /var/www/beas.in/public_html/ramkrishna_dharma_chakra/vendor/laravel/framework/src/Illuminate/Filesystem/Filesystem.php(108): Illuminate\\Filesystem\\Filesystem::Illuminate\\Filesystem\\{closure}()
#3 /var/www/beas.in/public_html/ramkrishna_dharma_chakra/vendor/laravel/framework/src/Illuminate/View/Engines/PhpEngine.php(58): Illuminate\\Filesystem\\Filesystem->getRequire('/var/www/beas.i...', Array)
#4 /var/www/beas.in/public_html/ramkrishna_dharma_chakra/vendor/laravel/framework/src/Illuminate/View/Engines/CompilerEngine.php(61): Illuminate\\View\\Engines\\PhpEngine->evaluatePath('/var/www/beas.i...', Array)
#5 /var/www/beas.in/public_html/ramkrishna_dharma_chakra/vendor/facade/ignition/src/Views/Engines/CompilerEngine.php(37): Illuminate\\View\\Engines\\CompilerEngine->get('/var/www/beas.i...', Array)
#6 /var/www/beas.in/public_html/ramkrishna_dharma_chakra/vendor/laravel/framework/src/Illuminate/View/View.php(139): Facade\\Ignition\\Views\\Engines\\CompilerEngine->get('/var/www/beas.i...', Array)
#7 /var/www/beas.in/public_html/ramkrishna_dharma_chakra/vendor/laravel/framework/src/Illuminate/View/View.php(122): Illuminate\\View\\View->getContents()
#8 /var/www/beas.in/public_html/ramkrishna_dharma_chakra/vendor/laravel/framework/src/Illuminate/View/View.php(91): Illuminate\\View\\View->renderContents()
#9 /var/www/beas.in/public_html/ramkrishna_dharma_chakra/resources/views/admin/publication/index.blade.php(14): Illuminate\\View\\View->render()
#10 /var/www/beas.in/public_html/ramkrishna_dharma_chakra/vendor/laravel/framework/src/Illuminate/Filesystem/Filesystem.php(107): require('/var/www/beas.i...')
#11 /var/www/beas.in/public_html/ramkrishna_dharma_chakra/vendor/laravel/framework/src/Illuminate/Filesystem/Filesystem.php(108): Illuminate\\Filesystem\\Filesystem::Illuminate\\Filesystem\\{closure}()
#12 /var/www/beas.in/public_html/ramkrishna_dharma_chakra/vendor/laravel/framework/src/Illuminate/View/Engines/PhpEngine.php(58): Illuminate\\Filesystem\\Filesystem->getRequire('/var/www/beas.i...', Array)
#13 /var/www/beas.in/public_html/ramkrishna_dharma_chakra/vendor/laravel/framework/src/Illuminate/View/Engines/CompilerEngine.php(61): Illuminate\\View\\Engines\\PhpEngine->evaluatePath('/var/www/beas.i...', Array)
#14 /var/www/beas.in/public_html/ramkrishna_dharma_chakra/vendor/facade/ignition/src/Views/Engines/CompilerEngine.php(37): Illuminate\\View\\Engines\\CompilerEngine->get('/var/www/beas.i...', Array)
#15 /var/www/beas.in/public_html/ramkrishna_dharma_chakra/vendor/laravel/framework/src/Illuminate/View/View.php(139): Facade\\Ignition\\Views\\Engines\\CompilerEngine->get('/var/www/beas.i...', Array)
#16 /var/www/beas.in/public_html/ramkrishna_dharma_chakra/vendor/laravel/framework/src/Illuminate/View/View.php(122): Illuminate\\View\\View->getContents()
#17 /var/www/beas.in/public_html/ramkrishna_dharma_chakra/vendor/laravel/framework/src/Illuminate/View/View.php(91): Illuminate\\View\\View->renderContents()
#18 /var/www/beas.in/public_html/ramkrishna_dharma_chakra/vendor/laravel/framework/src/Illuminate/Http/Response.php(69): Illuminate\\View\\View->render()
#19 /var/www/beas.in/public_html/ramkrishna_dharma_chakra/vendor/laravel/framework/src/Illuminate/Http/Response.php(35): Illuminate\\Http\\Response->setContent(Object(Illuminate\\View\\View))
#20 /var/www/beas.in/public_html/ramkrishna_dharma_chakra/vendor/laravel/framework/src/Illuminate/Routing/Router.php(820): Illuminate\\Http\\Response->__construct(Object(Illuminate\\View\\View), 200, Array)
#21 /var/www/beas.in/public_html/ramkrishna_dharma_chakra/vendor/laravel/framework/src/Illuminate/Routing/Router.php(789): Illuminate\\Routing\\Router::toResponse(Object(Illuminate\\Http\\Request), Object(Illuminate\\View\\View))
#22 /var/www/beas.in/public_html/ramkrishna_dharma_chakra/vendor/laravel/framework/src/Illuminate/Routing/Router.php(721): Illuminate\\Routing\\Router->prepareResponse(Object(Illuminate\\Http\\Request), Object(Illuminate\\View\\View))
#23 /var/www/beas.in/public_html/ramkrishna_dharma_chakra/vendor/laravel/framework/src/Illuminate/Pipeline/Pipeline.php(128): Illuminate\\Routing\\Router->Illuminate\\Routing\\{closure}(Object(Illuminate\\Http\\Request))
#24 /var/www/beas.in/public_html/ramkrishna_dharma_chakra/vendor/laravel/framework/src/Illuminate/Routing/Middleware/SubstituteBindings.php(50): Illuminate\\Pipeline\\Pipeline->Illuminate\\Pipeline\\{closure}(Object(Illuminate\\Http\\Request))
#25 /var/www/beas.in/public_html/ramkrishna_dharma_chakra/vendor/laravel/framework/src/Illuminate/Pipeline/Pipeline.php(167): Illuminate\\Routing\\Middleware\\SubstituteBindings->handle(Object(Illuminate\\Http\\Request), Object(Closure))
#26 /var/www/beas.in/public_html/ramkrishna_dharma_chakra/vendor/laravel/framework/src/Illuminate/Foundation/Http/Middleware/VerifyCsrfToken.php(78): Illuminate\\Pipeline\\Pipeline->Illuminate\\Pipeline\\{closure}(Object(Illuminate\\Http\\Request))
#27 /var/www/beas.in/public_html/ramkrishna_dharma_chakra/vendor/laravel/framework/src/Illuminate/Pipeline/Pipeline.php(167): Illuminate\\Foundation\\Http\\Middleware\\VerifyCsrfToken->handle(Object(Illuminate\\Http\\Request), Object(Closure))
#28 /var/www/beas.in/public_html/ramkrishna_dharma_chakra/vendor/laravel/framework/src/Illuminate/View/Middleware/ShareErrorsFromSession.php(49): Illuminate\\Pipeline\\Pipeline->Illuminate\\Pipeline\\{closure}(Object(Illuminate\\Http\\Request))
#29 /var/www/beas.in/public_html/ramkrishna_dharma_chakra/vendor/laravel/framework/src/Illuminate/Pipeline/Pipeline.php(167): Illuminate\\View\\Middleware\\ShareErrorsFromSession->handle(Object(Illuminate\\Http\\Request), Object(Closure))
#30 /var/www/beas.in/public_html/ramkrishna_dharma_chakra/vendor/laravel/framework/src/Illuminate/Session/Middleware/StartSession.php(121): Illuminate\\Pipeline\\Pipeline->Illuminate\\Pipeline\\{closure}(Object(Illuminate\\Http\\Request))
#31 /var/www/beas.in/public_html/ramkrishna_dharma_chakra/vendor/laravel/framework/src/Illuminate/Session/Middleware/StartSession.php(64): Illuminate\\Session\\Middleware\\StartSession->handleStatefulRequest(Object(Illuminate\\Http\\Request), Object(Illuminate\\Session\\Store), Object(Closure))
#32 /var/www/beas.in/public_html/ramkrishna_dharma_chakra/vendor/laravel/framework/src/Illuminate/Pipeline/Pipeline.php(167): Illuminate\\Session\\Middleware\\StartSession->handle(Object(Illuminate\\Http\\Request), Object(Closure))
#33 /var/www/beas.in/public_html/ramkrishna_dharma_chakra/vendor/laravel/framework/src/Illuminate/Cookie/Middleware/AddQueuedCookiesToResponse.php(37): Illuminate\\Pipeline\\Pipeline->Illuminate\\Pipeline\\{closure}(Object(Illuminate\\Http\\Request))
#34 /var/www/beas.in/public_html/ramkrishna_dharma_chakra/vendor/laravel/framework/src/Illuminate/Pipeline/Pipeline.php(167): Illuminate\\Cookie\\Middleware\\AddQueuedCookiesToResponse->handle(Object(Illuminate\\Http\\Request), Object(Closure))
#35 /var/www/beas.in/public_html/ramkrishna_dharma_chakra/vendor/laravel/framework/src/Illuminate/Cookie/Middleware/EncryptCookies.php(67): Illuminate\\Pipeline\\Pipeline->Illuminate\\Pipeline\\{closure}(Object(Illuminate\\Http\\Request))
#36 /var/www/beas.in/public_html/ramkrishna_dharma_chakra/vendor/laravel/framework/src/Illuminate/Pipeline/Pipeline.php(167): Illuminate\\Cookie\\Middleware\\EncryptCookies->handle(Object(Illuminate\\Http\\Request), Object(Closure))
#37 /var/www/beas.in/public_html/ramkrishna_dharma_chakra/vendor/laravel/framework/src/Illuminate/Pipeline/Pipeline.php(103): Illuminate\\Pipeline\\Pipeline->Illuminate\\Pipeline\\{closure}(Object(Illuminate\\Http\\Request))
#38 /var/www/beas.in/public_html/ramkrishna_dharma_chakra/vendor/laravel/framework/src/Illuminate/Routing/Router.php(723): Illuminate\\Pipeline\\Pipeline->then(Object(Closure))
#39 /var/www/beas.in/public_html/ramkrishna_dharma_chakra/vendor/laravel/framework/src/Illuminate/Routing/Router.php(698): Illuminate\\Routing\\Router->runRouteWithinStack(Object(Illuminate\\Routing\\Route), Object(Illuminate\\Http\\Request))
#40 /var/www/beas.in/public_html/ramkrishna_dharma_chakra/vendor/laravel/framework/src/Illuminate/Routing/Router.php(662): Illuminate\\Routing\\Router->runRoute(Object(Illuminate\\Http\\Request), Object(Illuminate\\Routing\\Route))
#41 /var/www/beas.in/public_html/ramkrishna_dharma_chakra/vendor/laravel/framework/src/Illuminate/Routing/Router.php(651): Illuminate\\Routing\\Router->dispatchToRoute(Object(Illuminate\\Http\\Request))
#42 /var/www/beas.in/public_html/ramkrishna_dharma_chakra/vendor/laravel/framework/src/Illuminate/Foundation/Http/Kernel.php(167): Illuminate\\Routing\\Router->dispatch(Object(Illuminate\\Http\\Request))
#43 /var/www/beas.in/public_html/ramkrishna_dharma_chakra/vendor/laravel/framework/src/Illuminate/Pipeline/Pipeline.php(128): Illuminate\\Foundation\\Http\\Kernel->Illuminate\\Foundation\\Http\\{closure}(Object(Illuminate\\Http\\Request))
#44 /var/www/beas.in/public_html/ramkrishna_dharma_chakra/vendor/laravel/framework/src/Illuminate/Foundation/Http/Middleware/TransformsRequest.php(21): Illuminate\\Pipeline\\Pipeline->Illuminate\\Pipeline\\{closure}(Object(Illuminate\\Http\\Request))
#45 /var/www/beas.in/public_html/ramkrishna_dharma_chakra/vendor/laravel/framework/src/Illuminate/Foundation/Http/Middleware/ConvertEmptyStringsToNull.php(31): Illuminate\\Foundation\\Http\\Middleware\\TransformsRequest->handle(Object(Illuminate\\Http\\Request), Object(Closure))
#46 /var/www/beas.in/public_html/ramkrishna_dharma_chakra/vendor/laravel/framework/src/Illuminate/Pipeline/Pipeline.php(167): Illuminate\\Foundation\\Http\\Middleware\\ConvertEmptyStringsToNull->handle(Object(Illuminate\\Http\\Request), Object(Closure))
#47 /var/www/beas.in/public_html/ramkrishna_dharma_chakra/vendor/laravel/framework/src/Illuminate/Foundation/Http/Middleware/TransformsRequest.php(21): Illuminate\\Pipeline\\Pipeline->Illuminate\\Pipeline\\{closure}(Object(Illuminate\\Http\\Request))
#48 /var/www/beas.in/public_html/ramkrishna_dharma_chakra/vendor/laravel/framework/src/Illuminate/Foundation/Http/Middleware/TrimStrings.php(40): Illuminate\\Foundation\\Http\\Middleware\\TransformsRequest->handle(Object(Illuminate\\Http\\Request), Object(Closure))
#49 /var/www/beas.in/public_html/ramkrishna_dharma_chakra/vendor/laravel/framework/src/Illuminate/Pipeline/Pipeline.php(167): Illuminate\\Foundation\\Http\\Middleware\\TrimStrings->handle(Object(Illuminate\\Http\\Request), Object(Closure))
#50 /var/www/beas.in/public_html/ramkrishna_dharma_chakra/vendor/laravel/framework/src/Illuminate/Foundation/Http/Middleware/ValidatePostSize.php(27): Illuminate\\Pipeline\\Pipeline->Illuminate\\Pipeline\\{closure}(Object(Illuminate\\Http\\Request))
#51 /var/www/beas.in/public_html/ramkrishna_dharma_chakra/vendor/laravel/framework/src/Illuminate/Pipeline/Pipeline.php(167): Illuminate\\Foundation\\Http\\Middleware\\ValidatePostSize->handle(Object(Illuminate\\Http\\Request), Object(Closure))
#52 /var/www/beas.in/public_html/ramkrishna_dharma_chakra/vendor/laravel/framework/src/Illuminate/Foundation/Http/Middleware/PreventRequestsDuringMaintenance.php(86): Illuminate\\Pipeline\\Pipeline->Illuminate\\Pipeline\\{closure}(Object(Illuminate\\Http\\Request))
#53 /var/www/beas.in/public_html/ramkrishna_dharma_chakra/vendor/laravel/framework/src/Illuminate/Pipeline/Pipeline.php(167): Illuminate\\Foundation\\Http\\Middleware\\PreventRequestsDuringMaintenance->handle(Object(Illuminate\\Http\\Request), Object(Closure))
#54 /var/www/beas.in/public_html/ramkrishna_dharma_chakra/vendor/fideloper/proxy/src/TrustProxies.php(57): Illuminate\\Pipeline\\Pipeline->Illuminate\\Pipeline\\{closure}(Object(Illuminate\\Http\\Request))
#55 /var/www/beas.in/public_html/ramkrishna_dharma_chakra/vendor/laravel/framework/src/Illuminate/Pipeline/Pipeline.php(167): Fideloper\\Proxy\\TrustProxies->handle(Object(Illuminate\\Http\\Request), Object(Closure))
#56 /var/www/beas.in/public_html/ramkrishna_dharma_chakra/vendor/laravel/framework/src/Illuminate/Pipeline/Pipeline.php(103): Illuminate\\Pipeline\\Pipeline->Illuminate\\Pipeline\\{closure}(Object(Illuminate\\Http\\Request))
#57 /var/www/beas.in/public_html/ramkrishna_dharma_chakra/vendor/laravel/framework/src/Illuminate/Foundation/Http/Kernel.php(142): Illuminate\\Pipeline\\Pipeline->then(Object(Closure))
#58 /var/www/beas.in/public_html/ramkrishna_dharma_chakra/vendor/laravel/framework/src/Illuminate/Foundation/Http/Kernel.php(111): Illuminate\\Foundation\\Http\\Kernel->sendRequestThroughRouter(Object(Illuminate\\Http\\Request))
#59 /var/www/beas.in/public_html/ramkrishna_dharma_chakra/index.php(54): Illuminate\\Foundation\\Http\\Kernel->handle(Object(Illuminate\\Http\\Request))
#60 {main}

[previous exception] [object] (ErrorException(code: 0): Attempt to read property \"image\" on null at /var/www/beas.in/public_html/ramkrishna_dharma_chakra/storage/framework/views/f682938668588d27255d7a0c60c88caa0abe8a1e.php:31)
[stacktrace]
#0 /var/www/beas.in/public_html/ramkrishna_dharma_chakra/storage/framework/views/f682938668588d27255d7a0c60c88caa0abe8a1e.php(31): Illuminate\\Foundation\\Bootstrap\\HandleExceptions->handleError(2, 'Attempt to read...', '/var/www/beas.i...', 31)
#1 /var/www/beas.in/public_html/ramkrishna_dharma_chakra/vendor/laravel/framework/src/Illuminate/Filesystem/Filesystem.php(107): require('/var/www/beas.i...')
#2 /var/www/beas.in/public_html/ramkrishna_dharma_chakra/vendor/laravel/framework/src/Illuminate/Filesystem/Filesystem.php(108): Illuminate\\Filesystem\\Filesystem::Illuminate\\Filesystem\\{closure}()
#3 /var/www/beas.in/public_html/ramkrishna_dharma_chakra/vendor/laravel/framework/src/Illuminate/View/Engines/PhpEngine.php(58): Illuminate\\Filesystem\\Filesystem->getRequire('/var/www/beas.i...', Array)
#4 /var/www/beas.in/public_html/ramkrishna_dharma_chakra/vendor/laravel/framework/src/Illuminate/View/Engines/CompilerEngine.php(61): Illuminate\\View\\Engines\\PhpEngine->evaluatePath('/var/www/beas.i...', Array)
#5 /var/www/beas.in/public_html/ramkrishna_dharma_chakra/vendor/facade/ignition/src/Views/Engines/CompilerEngine.php(37): Illuminate\\View\\Engines\\CompilerEngine->get('/var/www/beas.i...', Array)
#6 /var/www/beas.in/public_html/ramkrishna_dharma_chakra/vendor/laravel/framework/src/Illuminate/View/View.php(139): Facade\\Ignition\\Views\\Engines\\CompilerEngine->get('/var/www/beas.i...', Array)
#7 /var/www/beas.in/public_html/ramkrishna_dharma_chakra/vendor/laravel/framework/src/Illuminate/View/View.php(122): Illuminate\\View\\View->getContents()
#8 /var/www/beas.in/public_html/ramkrishna_dharma_chakra/vendor/laravel/framework/src/Illuminate/View/View.php(91): Illuminate\\View\\View->renderContents()
#9 /var/www/beas.in/public_html/ramkrishna_dharma_chakra/storage/framework/views/30455897725e1d83f0b06f5c78404514485125e4.php(14): Illuminate\\View\\View->render()
#10 /var/www/beas.in/public_html/ramkrishna_dharma_chakra/vendor/laravel/framework/src/Illuminate/Filesystem/Filesystem.php(107): require('/var/www/beas.i...')
#11 /var/www/beas.in/public_html/ramkrishna_dharma_chakra/vendor/laravel/framework/src/Illuminate/Filesystem/Filesystem.php(108): Illuminate\\Filesystem\\Filesystem::Illuminate\\Filesystem\\{closure}()
#12 /var/www/beas.in/public_html/ramkrishna_dharma_chakra/vendor/laravel/framework/src/Illuminate/View/Engines/PhpEngine.php(58): Illuminate\\Filesystem\\Filesystem->getRequire('/var/www/beas.i...', Array)
#13 /var/www/beas.in/public_html/ramkrishna_dharma_chakra/vendor/laravel/framework/src/Illuminate/View/Engines/CompilerEngine.php(61): Illuminate\\View\\Engines\\PhpEngine->evaluatePath('/var/www/beas.i...', Array)
#14 /var/www/beas.in/public_html/ramkrishna_dharma_chakra/vendor/facade/ignition/src/Views/Engines/CompilerEngine.php(37): Illuminate\\View\\Engines\\CompilerEngine->get('/var/www/beas.i...', Array)
#15 /var/www/beas.in/public_html/ramkrishna_dharma_chakra/vendor/laravel/framework/src/Illuminate/View/View.php(139): Facade\\Ignition\\Views\\Engines\\CompilerEngine->get('/var/www/beas.i...', Array)
#16 /var/www/beas.in/public_html/ramkrishna_dharma_chakra/vendor/laravel/framework/src/Illuminate/View/View.php(122): Illuminate\\View\\View->getContents()
#17 /var/www/beas.in/public_html/ramkrishna_dharma_chakra/vendor/laravel/framework/src/Illuminate/View/View.php(91): Illuminate\\View\\View->renderContents()
#18 /var/www/beas.in/public_html/ramkrishna_dharma_chakra/vendor/laravel/framework/src/Illuminate/Http/Response.php(69): Illuminate\\View\\View->render()
#19 /var/www/beas.in/public_html/ramkrishna_dharma_chakra/vendor/laravel/framework/src/Illuminate/Http/Response.php(35): Illuminate\\Http\\Response->setContent(Object(Illuminate\\View\\View))
#20 /var/www/beas.in/public_html/ramkrishna_dharma_chakra/vendor/laravel/framework/src/Illuminate/Routing/Router.php(820): Illuminate\\Http\\Response->__construct(Object(Illuminate\\View\\View), 200, Array)
#21 /var/www/beas.in/public_html/ramkrishna_dharma_chakra/vendor/laravel/framework/src/Illuminate/Routing/Router.php(789): Illuminate\\Routing\\Router::toResponse(Object(Illuminate\\Http\\Request), Object(Illuminate\\View\\View))
#22 /var/www/beas.in/public_html/ramkrishna_dharma_chakra/vendor/laravel/framework/src/Illuminate/Routing/Router.php(721): Illuminate\\Routing\\Router->prepareResponse(Object(Illuminate\\Http\\Request), Object(Illuminate\\View\\View))
#23 /var/www/beas.in/public_html/ramkrishna_dharma_chakra/vendor/laravel/framework/src/Illuminate/Pipeline/Pipeline.php(128): Illuminate\\Routing\\Router->Illuminate\\Routing\\{closure}(Object(Illuminate\\Http\\Request))
#24 /var/www/beas.in/public_html/ramkrishna_dharma_chakra/vendor/laravel/framework/src/Illuminate/Routing/Middleware/SubstituteBindings.php(50): Illuminate\\Pipeline\\Pipeline->Illuminate\\Pipeline\\{closure}(Object(Illuminate\\Http\\Request))
#25 /var/www/beas.in/public_html/ramkrishna_dharma_chakra/vendor/laravel/framework/src/Illuminate/Pipeline/Pipeline.php(167): Illuminate\\Routing\\Middleware\\SubstituteBindings->handle(Object(Illuminate\\Http\\Request), Object(Closure))
#26 /var/www/beas.in/public_html/ramkrishna_dharma_chakra/vendor/laravel/framework/src/Illuminate/Foundation/Http/Middleware/VerifyCsrfToken.php(78): Illuminate\\Pipeline\\Pipeline->Illuminate\\Pipeline\\{closure}(Object(Illuminate\\Http\\Request))
#27 /var/www/beas.in/public_html/ramkrishna_dharma_chakra/vendor/laravel/framework/src/Illuminate/Pipeline/Pipeline.php(167): Illuminate\\Foundation\\Http\\Middleware\\VerifyCsrfToken->handle(Object(Illuminate\\Http\\Request), Object(Closure))
#28 /var/www/beas.in/public_html/ramkrishna_dharma_chakra/vendor/laravel/framework/src/Illuminate/View/Middleware/ShareErrorsFromSession.php(49): Illuminate\\Pipeline\\Pipeline->Illuminate\\Pipeline\\{closure}(Object(Illuminate\\Http\\Request))
#29 /var/www/beas.in/public_html/ramkrishna_dharma_chakra/vendor/laravel/framework/src/Illuminate/Pipeline/Pipeline.php(167): Illuminate\\View\\Middleware\\ShareErrorsFromSession->handle(Object(Illuminate\\Http\\Request), Object(Closure))
#30 /var/www/beas.in/public_html/ramkrishna_dharma_chakra/vendor/laravel/framework/src/Illuminate/Session/Middleware/StartSession.php(121): Illuminate\\Pipeline\\Pipeline->Illuminate\\Pipeline\\{closure}(Object(Illuminate\\Http\\Request))
#31 /var/www/beas.in/public_html/ramkrishna_dharma_chakra/vendor/laravel/framework/src/Illuminate/Session/Middleware/StartSession.php(64): Illuminate\\Session\\Middleware\\StartSession->handleStatefulRequest(Object(Illuminate\\Http\\Request), Object(Illuminate\\Session\\Store), Object(Closure))
#32 /var/www/beas.in/public_html/ramkrishna_dharma_chakra/vendor/laravel/framework/src/Illuminate/Pipeline/Pipeline.php(167): Illuminate\\Session\\Middleware\\StartSession->handle(Object(Illuminate\\Http\\Request), Object(Closure))
#33 /var/www/beas.in/public_html/ramkrishna_dharma_chakra/vendor/laravel/framework/src/Illuminate/Cookie/Middleware/AddQueuedCookiesToResponse.php(37): Illuminate\\Pipeline\\Pipeline->Illuminate\\Pipeline\\{closure}(Object(Illuminate\\Http\\Request))
#34 /var/www/beas.in/public_html/ramkrishna_dharma_chakra/vendor/laravel/framework/src/Illuminate/Pipeline/Pipeline.php(167): Illuminate\\Cookie\\Middleware\\AddQueuedCookiesToResponse->handle(Object(Illuminate\\Http\\Request), Object(Closure))
#35 /var/www/beas.in/public_html/ramkrishna_dharma_chakra/vendor/laravel/framework/src/Illuminate/Cookie/Middleware/EncryptCookies.php(67): Illuminate\\Pipeline\\Pipeline->Illuminate\\Pipeline\\{closure}(Object(Illuminate\\Http\\Request))
#36 /var/www/beas.in/public_html/ramkrishna_dharma_chakra/vendor/laravel/framework/src/Illuminate/Pipeline/Pipeline.php(167): Illuminate\\Cookie\\Middleware\\EncryptCookies->handle(Object(Illuminate\\Http\\Request), Object(Closure))
#37 /var/www/beas.in/public_html/ramkrishna_dharma_chakra/vendor/laravel/framework/src/Illuminate/Pipeline/Pipeline.php(103): Illuminate\\Pipeline\\Pipeline->Illuminate\\Pipeline\\{closure}(Object(Illuminate\\Http\\Request))
#38 /var/www/beas.in/public_html/ramkrishna_dharma_chakra/vendor/laravel/framework/src/Illuminate/Routing/Router.php(723): Illuminate\\Pipeline\\Pipeline->then(Object(Closure))
#39 /var/www/beas.in/public_html/ramkrishna_dharma_chakra/vendor/laravel/framework/src/Illuminate/Routing/Router.php(698): Illuminate\\Routing\\Router->runRouteWithinStack(Object(Illuminate\\Routing\\Route), Object(Illuminate\\Http\\Request))
#40 /var/www/beas.in/public_html/ramkrishna_dharma_chakra/vendor/laravel/framework/src/Illuminate/Routing/Router.php(662): Illuminate\\Routing\\Router->runRoute(Object(Illuminate\\Http\\Request), Object(Illuminate\\Routing\\Route))
#41 /var/www/beas.in/public_html/ramkrishna_dharma_chakra/vendor/laravel/framework/src/Illuminate/Routing/Router.php(651): Illuminate\\Routing\\Router->dispatchToRoute(Object(Illuminate\\Http\\Request))
#42 /var/www/beas.in/public_html/ramkrishna_dharma_chakra/vendor/laravel/framework/src/Illuminate/Foundation/Http/Kernel.php(167): Illuminate\\Routing\\Router->dispatch(Object(Illuminate\\Http\\Request))
#43 /var/www/beas.in/public_html/ramkrishna_dharma_chakra/vendor/laravel/framework/src/Illuminate/Pipeline/Pipeline.php(128): Illuminate\\Foundation\\Http\\Kernel->Illuminate\\Foundation\\Http\\{closure}(Object(Illuminate\\Http\\Request))
#44 /var/www/beas.in/public_html/ramkrishna_dharma_chakra/vendor/laravel/framework/src/Illuminate/Foundation/Http/Middleware/TransformsRequest.php(21): Illuminate\\Pipeline\\Pipeline->Illuminate\\Pipeline\\{closure}(Object(Illuminate\\Http\\Request))
#45 /var/www/beas.in/public_html/ramkrishna_dharma_chakra/vendor/laravel/framework/src/Illuminate/Foundation/Http/Middleware/ConvertEmptyStringsToNull.php(31): Illuminate\\Foundation\\Http\\Middleware\\TransformsRequest->handle(Object(Illuminate\\Http\\Request), Object(Closure))
#46 /var/www/beas.in/public_html/ramkrishna_dharma_chakra/vendor/laravel/framework/src/Illuminate/Pipeline/Pipeline.php(167): Illuminate\\Foundation\\Http\\Middleware\\ConvertEmptyStringsToNull->handle(Object(Illuminate\\Http\\Request), Object(Closure))
#47 /var/www/beas.in/public_html/ramkrishna_dharma_chakra/vendor/laravel/framework/src/Illuminate/Foundation/Http/Middleware/TransformsRequest.php(21): Illuminate\\Pipeline\\Pipeline->Illuminate\\Pipeline\\{closure}(Object(Illuminate\\Http\\Request))
#48 /var/www/beas.in/public_html/ramkrishna_dharma_chakra/vendor/laravel/framework/src/Illuminate/Foundation/Http/Middleware/TrimStrings.php(40): Illuminate\\Foundation\\Http\\Middleware\\TransformsRequest->handle(Object(Illuminate\\Http\\Request), Object(Closure))
#49 /var/www/beas.in/public_html/ramkrishna_dharma_chakra/vendor/laravel/framework/src/Illuminate/Pipeline/Pipeline.php(167): Illuminate\\Foundation\\Http\\Middleware\\TrimStrings->handle(Object(Illuminate\\Http\\Request), Object(Closure))
#50 /var/www/beas.in/public_html/ramkrishna_dharma_chakra/vendor/laravel/framework/src/Illuminate/Foundation/Http/Middleware/ValidatePostSize.php(27): Illuminate\\Pipeline\\Pipeline->Illuminate\\Pipeline\\{closure}(Object(Illuminate\\Http\\Request))
#51 /var/www/beas.in/public_html/ramkrishna_dharma_chakra/vendor/laravel/framework/src/Illuminate/Pipeline/Pipeline.php(167): Illuminate\\Foundation\\Http\\Middleware\\ValidatePostSize->handle(Object(Illuminate\\Http\\Request), Object(Closure))
#52 /var/www/beas.in/public_html/ramkrishna_dharma_chakra/vendor/laravel/framework/src/Illuminate/Foundation/Http/Middleware/PreventRequestsDuringMaintenance.php(86): Illuminate\\Pipeline\\Pipeline->Illuminate\\Pipeline\\{closure}(Object(Illuminate\\Http\\Request))
#53 /var/www/beas.in/public_html/ramkrishna_dharma_chakra/vendor/laravel/framework/src/Illuminate/Pipeline/Pipeline.php(167): Illuminate\\Foundation\\Http\\Middleware\\PreventRequestsDuringMaintenance->handle(Object(Illuminate\\Http\\Request), Object(Closure))
#54 /var/www/beas.in/public_html/ramkrishna_dharma_chakra/vendor/fideloper/proxy/src/TrustProxies.php(57): Illuminate\\Pipeline\\Pipeline->Illuminate\\Pipeline\\{closure}(Object(Illuminate\\Http\\Request))
#55 /var/www/beas.in/public_html/ramkrishna_dharma_chakra/vendor/laravel/framework/src/Illuminate/Pipeline/Pipeline.php(167): Fideloper\\Proxy\\TrustProxies->handle(Object(Illuminate\\Http\\Request), Object(Closure))
#56 /var/www/beas.in/public_html/ramkrishna_dharma_chakra/vendor/laravel/framework/src/Illuminate/Pipeline/Pipeline.php(103): Illuminate\\Pipeline\\Pipeline->Illuminate\\Pipeline\\{closure}(Object(Illuminate\\Http\\Request))
#57 /var/www/beas.in/public_html/ramkrishna_dharma_chakra/vendor/laravel/framework/src/Illuminate/Foundation/Http/Kernel.php(142): Illuminate\\Pipeline\\Pipeline->then(Object(Closure))
#58 /var/www/beas.in/public_html/ramkrishna_dharma_chakra/vendor/laravel/framework/src/Illuminate/Foundation/Http/Kernel.php(111): Illuminate\\Foundation\\Http\\Kernel->sendRequestThroughRouter(Object(Illuminate\\Http\\Request))
#59 /var/www/beas.in/public_html/ramkrishna_dharma_chakra/index.php(54): Illuminate\\Foundation\\Http\\Kernel->handle(Object(Illuminate\\Http\\Request))
#60 {main}
"} 
[2023-06-27 16:52:47] local.ERROR: Attempt to read property "image" on null (View: /var/www/beas.in/public_html/ramkrishna_dharma_chakra/resources/views/admin/includes/header.blade.php) {"view":{"view":"/var/www/beas.in/public_html/ramkrishna_dharma_chakra/resources/views/admin/includes/header.blade.php","data":{"errors":"<pre class=sf-dump id=sf-dump-1891435296 data-indent-pad=\"  \"><span class=sf-dump-note>Illuminate\\Support\\ViewErrorBag</span> {<a class=sf-dump-ref>#447</a><samp data-depth=1 class=sf-dump-expanded>
  #<span class=sf-dump-protected title=\"Protected property\">bags</span>: []
</samp>}
</pre><script>Sfdump(\"sf-dump-1891435296\", {\"maxDepth\":3,\"maxStringLength\":160})</script>
","data":"<pre class=sf-dump id=sf-dump-626370710 data-indent-pad=\"  \"><span class=sf-dump-note>Illuminate\\Pagination\\LengthAwarePaginator</span> {<a class=sf-dump-ref>#465</a><samp data-depth=1 class=sf-dump-expanded>
  #<span class=sf-dump-protected title=\"Protected property\">total</span>: <span class=sf-dump-num>99</span>
  #<span class=sf-dump-protected title=\"Protected property\">lastPage</span>: <span class=sf-dump-num>10</span>
  #<span class=sf-dump-protected title=\"Protected property\">items</span>: <span class=sf-dump-note title=\"Illuminate\\Database\\Eloquent\\Collection
\"><span class=\"sf-dump-ellipsis sf-dump-ellipsis-note\">Illuminate\\Database\\Eloquent</span><span class=\"sf-dump-ellipsis sf-dump-ellipsis-note\">\\</span>Collection</span> {<a class=sf-dump-ref>#474</a><samp data-depth=2 class=sf-dump-compact>
    #<span class=sf-dump-protected title=\"Protected property\">items</span>: <span class=sf-dump-note>array:10</span> [<samp data-depth=3 class=sf-dump-compact>
      <span class=sf-dump-index>0</span> => <span class=sf-dump-note title=\"App\\Models\\Gallery
\"><span class=\"sf-dump-ellipsis sf-dump-ellipsis-note\">App\\Models</span><span class=\"sf-dump-ellipsis sf-dump-ellipsis-note\">\\</span>Gallery</span> {<a class=sf-dump-ref>#475</a> &#8230;30}
      <span class=sf-dump-index>1</span> => <span class=sf-dump-note title=\"App\\Models\\Gallery
\"><span class=\"sf-dump-ellipsis sf-dump-ellipsis-note\">App\\Models</span><span class=\"sf-dump-ellipsis sf-dump-ellipsis-note\">\\</span>Gallery</span> {<a class=sf-dump-ref>#476</a> &#8230;30}
      <span class=sf-dump-index>2</span> => <span class=sf-dump-note title=\"App\\Models\\Gallery
\"><span class=\"sf-dump-ellipsis sf-dump-ellipsis-note\">App\\Models</span><span class=\"sf-dump-ellipsis sf-dump-ellipsis-note\">\\</span>Gallery</span> {<a class=sf-dump-ref>#477</a> &#8230;30}
      <span class=sf-dump-index>3</span> => <span class=sf-dump-note title=\"App\\Models\\Gallery
\"><span class=\"sf-dump-ellipsis sf-dump-ellipsis-note\">App\\Models</span><span class=\"sf-dump-ellipsis sf-dump-ellipsis-note\">\\</span>Gallery</span> {<a class=sf-dump-ref>#478</a> &#8230;30}
      <span class=sf-dump-index>4</span> => <span class=sf-dump-note title=\"App\\Models\\Gallery
\"><span class=\"sf-dump-ellipsis sf-dump-ellipsis-note\">App\\Models</span><span class=\"sf-dump-ellipsis sf-dump-ellipsis-note\">\\</span>Gallery</span> {<a class=sf-dump-ref>#479</a> &#8230;30}
      <span class=sf-dump-index>5</span> => <span class=sf-dump-note title=\"App\\Models\\Gallery
\"><span class=\"sf-dump-ellipsis sf-dump-ellipsis-note\">App\\Models</span><span class=\"sf-dump-ellipsis sf-dump-ellipsis-note\">\\</span>Gallery</span> {<a class=sf-dump-ref>#480</a> &#8230;30}
      <span class=sf-dump-index>6</span> => <span class=sf-dump-note title=\"App\\Models\\Gallery
\"><span class=\"sf-dump-ellipsis sf-dump-ellipsis-note\">App\\Models</span><span class=\"sf-dump-ellipsis sf-dump-ellipsis-note\">\\</span>Gallery</span> {<a class=sf-dump-ref>#481</a> &#8230;30}
      <span class=sf-dump-index>7</span> => <span class=sf-dump-note title=\"App\\Models\\Gallery
\"><span class=\"sf-dump-ellipsis sf-dump-ellipsis-note\">App\\Models</span><span class=\"sf-dump-ellipsis sf-dump-ellipsis-note\">\\</span>Gallery</span> {<a class=sf-dump-ref>#482</a> &#8230;30}
      <span class=sf-dump-index>8</span> => <span class=sf-dump-note title=\"App\\Models\\Gallery
\"><span class=\"sf-dump-ellipsis sf-dump-ellipsis-note\">App\\Models</span><span class=\"sf-dump-ellipsis sf-dump-ellipsis-note\">\\</span>Gallery</span> {<a class=sf-dump-ref>#483</a> &#8230;30}
      <span class=sf-dump-index>9</span> => <span class=sf-dump-note title=\"App\\Models\\Gallery
\"><span class=\"sf-dump-ellipsis sf-dump-ellipsis-note\">App\\Models</span><span class=\"sf-dump-ellipsis sf-dump-ellipsis-note\">\\</span>Gallery</span> {<a class=sf-dump-ref>#484</a> &#8230;30}
    </samp>]
    #<span class=sf-dump-protected title=\"Protected property\">escapeWhenCastingToString</span>: <span class=sf-dump-const>false</span>
  </samp>}
  #<span class=sf-dump-protected title=\"Protected property\">perPage</span>: <span class=sf-dump-num>10</span>
  #<span class=sf-dump-protected title=\"Protected property\">currentPage</span>: <span class=sf-dump-num>5</span>
  #<span class=sf-dump-protected title=\"Protected property\">path</span>: \"<span class=sf-dump-str title=\"54 characters\">https://beas.in/ramkrishna_dharma_chakra/admin/gallery</span>\"
  #<span class=sf-dump-protected title=\"Protected property\">query</span>: []
  #<span class=sf-dump-protected title=\"Protected property\">fragment</span>: <span class=sf-dump-const>null</span>
  #<span class=sf-dump-protected title=\"Protected property\">pageName</span>: \"<span class=sf-dump-str title=\"4 characters\">page</span>\"
  +<span class=sf-dump-public title=\"Public property\">onEachSide</span>: <span class=sf-dump-num>3</span>
  #<span class=sf-dump-protected title=\"Protected property\">options</span>: <span class=sf-dump-note>array:2</span> [<samp data-depth=2 class=sf-dump-compact>
    \"<span class=sf-dump-key>path</span>\" => \"<span class=sf-dump-str title=\"54 characters\">https://beas.in/ramkrishna_dharma_chakra/admin/gallery</span>\"
    \"<span class=sf-dump-key>pageName</span>\" => \"<span class=sf-dump-str title=\"4 characters\">page</span>\"
  </samp>]
</samp>}
</pre><script>Sfdump(\"sf-dump-626370710\", {\"maxDepth\":3,\"maxStringLength\":160})</script>
"}},"exception":"[object] (Facade\\Ignition\\Exceptions\\ViewException(code: 0): Attempt to read property \"image\" on null (View: /var/www/beas.in/public_html/ramkrishna_dharma_chakra/resources/views/admin/includes/header.blade.php) at /var/www/beas.in/public_html/ramkrishna_dharma_chakra/resources/views/admin/includes/header.blade.php:31)
[stacktrace]
#0 /var/www/beas.in/public_html/ramkrishna_dharma_chakra/resources/views/admin/includes/header.blade.php(31): Illuminate\\Foundation\\Bootstrap\\HandleExceptions->handleError(2, 'Attempt to read...', '/var/www/beas.i...', 31)
#1 /var/www/beas.in/public_html/ramkrishna_dharma_chakra/vendor/laravel/framework/src/Illuminate/Filesystem/Filesystem.php(107): require('/var/www/beas.i...')
#2 /var/www/beas.in/public_html/ramkrishna_dharma_chakra/vendor/laravel/framework/src/Illuminate/Filesystem/Filesystem.php(108): Illuminate\\Filesystem\\Filesystem::Illuminate\\Filesystem\\{closure}()
#3 /var/www/beas.in/public_html/ramkrishna_dharma_chakra/vendor/laravel/framework/src/Illuminate/View/Engines/PhpEngine.php(58): Illuminate\\Filesystem\\Filesystem->getRequire('/var/www/beas.i...', Array)
#4 /var/www/beas.in/public_html/ramkrishna_dharma_chakra/vendor/laravel/framework/src/Illuminate/View/Engines/CompilerEngine.php(61): Illuminate\\View\\Engines\\PhpEngine->evaluatePath('/var/www/beas.i...', Array)
#5 /var/www/beas.in/public_html/ramkrishna_dharma_chakra/vendor/facade/ignition/src/Views/Engines/CompilerEngine.php(37): Illuminate\\View\\Engines\\CompilerEngine->get('/var/www/beas.i...', Array)
#6 /var/www/beas.in/public_html/ramkrishna_dharma_chakra/vendor/laravel/framework/src/Illuminate/View/View.php(139): Facade\\Ignition\\Views\\Engines\\CompilerEngine->get('/var/www/beas.i...', Array)
#7 /var/www/beas.in/public_html/ramkrishna_dharma_chakra/vendor/laravel/framework/src/Illuminate/View/View.php(122): Illuminate\\View\\View->getContents()
#8 /var/www/beas.in/public_html/ramkrishna_dharma_chakra/vendor/laravel/framework/src/Illuminate/View/View.php(91): Illuminate\\View\\View->renderContents()
#9 /var/www/beas.in/public_html/ramkrishna_dharma_chakra/resources/views/admin/gallery/index.blade.php(14): Illuminate\\View\\View->render()
#10 /var/www/beas.in/public_html/ramkrishna_dharma_chakra/vendor/laravel/framework/src/Illuminate/Filesystem/Filesystem.php(107): require('/var/www/beas.i...')
#11 /var/www/beas.in/public_html/ramkrishna_dharma_chakra/vendor/laravel/framework/src/Illuminate/Filesystem/Filesystem.php(108): Illuminate\\Filesystem\\Filesystem::Illuminate\\Filesystem\\{closure}()
#12 /var/www/beas.in/public_html/ramkrishna_dharma_chakra/vendor/laravel/framework/src/Illuminate/View/Engines/PhpEngine.php(58): Illuminate\\Filesystem\\Filesystem->getRequire('/var/www/beas.i...', Array)
#13 /var/www/beas.in/public_html/ramkrishna_dharma_chakra/vendor/laravel/framework/src/Illuminate/View/Engines/CompilerEngine.php(61): Illuminate\\View\\Engines\\PhpEngine->evaluatePath('/var/www/beas.i...', Array)
#14 /var/www/beas.in/public_html/ramkrishna_dharma_chakra/vendor/facade/ignition/src/Views/Engines/CompilerEngine.php(37): Illuminate\\View\\Engines\\CompilerEngine->get('/var/www/beas.i...', Array)
#15 /var/www/beas.in/public_html/ramkrishna_dharma_chakra/vendor/laravel/framework/src/Illuminate/View/View.php(139): Facade\\Ignition\\Views\\Engines\\CompilerEngine->get('/var/www/beas.i...', Array)
#16 /var/www/beas.in/public_html/ramkrishna_dharma_chakra/vendor/laravel/framework/src/Illuminate/View/View.php(122): Illuminate\\View\\View->getContents()
#17 /var/www/beas.in/public_html/ramkrishna_dharma_chakra/vendor/laravel/framework/src/Illuminate/View/View.php(91): Illuminate\\View\\View->renderContents()
#18 /var/www/beas.in/public_html/ramkrishna_dharma_chakra/vendor/laravel/framework/src/Illuminate/Http/Response.php(69): Illuminate\\View\\View->render()
#19 /var/www/beas.in/public_html/ramkrishna_dharma_chakra/vendor/laravel/framework/src/Illuminate/Http/Response.php(35): Illuminate\\Http\\Response->setContent(Object(Illuminate\\View\\View))
#20 /var/www/beas.in/public_html/ramkrishna_dharma_chakra/vendor/laravel/framework/src/Illuminate/Routing/Router.php(820): Illuminate\\Http\\Response->__construct(Object(Illuminate\\View\\View), 200, Array)
#21 /var/www/beas.in/public_html/ramkrishna_dharma_chakra/vendor/laravel/framework/src/Illuminate/Routing/Router.php(789): Illuminate\\Routing\\Router::toResponse(Object(Illuminate\\Http\\Request), Object(Illuminate\\View\\View))
#22 /var/www/beas.in/public_html/ramkrishna_dharma_chakra/vendor/laravel/framework/src/Illuminate/Routing/Router.php(721): Illuminate\\Routing\\Router->prepareResponse(Object(Illuminate\\Http\\Request), Object(Illuminate\\View\\View))
#23 /var/www/beas.in/public_html/ramkrishna_dharma_chakra/vendor/laravel/framework/src/Illuminate/Pipeline/Pipeline.php(128): Illuminate\\Routing\\Router->Illuminate\\Routing\\{closure}(Object(Illuminate\\Http\\Request))
#24 /var/www/beas.in/public_html/ramkrishna_dharma_chakra/vendor/laravel/framework/src/Illuminate/Routing/Middleware/SubstituteBindings.php(50): Illuminate\\Pipeline\\Pipeline->Illuminate\\Pipeline\\{closure}(Object(Illuminate\\Http\\Request))
#25 /var/www/beas.in/public_html/ramkrishna_dharma_chakra/vendor/laravel/framework/src/Illuminate/Pipeline/Pipeline.php(167): Illuminate\\Routing\\Middleware\\SubstituteBindings->handle(Object(Illuminate\\Http\\Request), Object(Closure))
#26 /var/www/beas.in/public_html/ramkrishna_dharma_chakra/vendor/laravel/framework/src/Illuminate/Foundation/Http/Middleware/VerifyCsrfToken.php(78): Illuminate\\Pipeline\\Pipeline->Illuminate\\Pipeline\\{closure}(Object(Illuminate\\Http\\Request))
#27 /var/www/beas.in/public_html/ramkrishna_dharma_chakra/vendor/laravel/framework/src/Illuminate/Pipeline/Pipeline.php(167): Illuminate\\Foundation\\Http\\Middleware\\VerifyCsrfToken->handle(Object(Illuminate\\Http\\Request), Object(Closure))
#28 /var/www/beas.in/public_html/ramkrishna_dharma_chakra/vendor/laravel/framework/src/Illuminate/View/Middleware/ShareErrorsFromSession.php(49): Illuminate\\Pipeline\\Pipeline->Illuminate\\Pipeline\\{closure}(Object(Illuminate\\Http\\Request))
#29 /var/www/beas.in/public_html/ramkrishna_dharma_chakra/vendor/laravel/framework/src/Illuminate/Pipeline/Pipeline.php(167): Illuminate\\View\\Middleware\\ShareErrorsFromSession->handle(Object(Illuminate\\Http\\Request), Object(Closure))
#30 /var/www/beas.in/public_html/ramkrishna_dharma_chakra/vendor/laravel/framework/src/Illuminate/Session/Middleware/StartSession.php(121): Illuminate\\Pipeline\\Pipeline->Illuminate\\Pipeline\\{closure}(Object(Illuminate\\Http\\Request))
#31 /var/www/beas.in/public_html/ramkrishna_dharma_chakra/vendor/laravel/framework/src/Illuminate/Session/Middleware/StartSession.php(64): Illuminate\\Session\\Middleware\\StartSession->handleStatefulRequest(Object(Illuminate\\Http\\Request), Object(Illuminate\\Session\\Store), Object(Closure))
#32 /var/www/beas.in/public_html/ramkrishna_dharma_chakra/vendor/laravel/framework/src/Illuminate/Pipeline/Pipeline.php(167): Illuminate\\Session\\Middleware\\StartSession->handle(Object(Illuminate\\Http\\Request), Object(Closure))
#33 /var/www/beas.in/public_html/ramkrishna_dharma_chakra/vendor/laravel/framework/src/Illuminate/Cookie/Middleware/AddQueuedCookiesToResponse.php(37): Illuminate\\Pipeline\\Pipeline->Illuminate\\Pipeline\\{closure}(Object(Illuminate\\Http\\Request))
#34 /var/www/beas.in/public_html/ramkrishna_dharma_chakra/vendor/laravel/framework/src/Illuminate/Pipeline/Pipeline.php(167): Illuminate\\Cookie\\Middleware\\AddQueuedCookiesToResponse->handle(Object(Illuminate\\Http\\Request), Object(Closure))
#35 /var/www/beas.in/public_html/ramkrishna_dharma_chakra/vendor/laravel/framework/src/Illuminate/Cookie/Middleware/EncryptCookies.php(67): Illuminate\\Pipeline\\Pipeline->Illuminate\\Pipeline\\{closure}(Object(Illuminate\\Http\\Request))
#36 /var/www/beas.in/public_html/ramkrishna_dharma_chakra/vendor/laravel/framework/src/Illuminate/Pipeline/Pipeline.php(167): Illuminate\\Cookie\\Middleware\\EncryptCookies->handle(Object(Illuminate\\Http\\Request), Object(Closure))
#37 /var/www/beas.in/public_html/ramkrishna_dharma_chakra/vendor/laravel/framework/src/Illuminate/Pipeline/Pipeline.php(103): Illuminate\\Pipeline\\Pipeline->Illuminate\\Pipeline\\{closure}(Object(Illuminate\\Http\\Request))
#38 /var/www/beas.in/public_html/ramkrishna_dharma_chakra/vendor/laravel/framework/src/Illuminate/Routing/Router.php(723): Illuminate\\Pipeline\\Pipeline->then(Object(Closure))
#39 /var/www/beas.in/public_html/ramkrishna_dharma_chakra/vendor/laravel/framework/src/Illuminate/Routing/Router.php(698): Illuminate\\Routing\\Router->runRouteWithinStack(Object(Illuminate\\Routing\\Route), Object(Illuminate\\Http\\Request))
#40 /var/www/beas.in/public_html/ramkrishna_dharma_chakra/vendor/laravel/framework/src/Illuminate/Routing/Router.php(662): Illuminate\\Routing\\Router->runRoute(Object(Illuminate\\Http\\Request), Object(Illuminate\\Routing\\Route))
#41 /var/www/beas.in/public_html/ramkrishna_dharma_chakra/vendor/laravel/framework/src/Illuminate/Routing/Router.php(651): Illuminate\\Routing\\Router->dispatchToRoute(Object(Illuminate\\Http\\Request))
#42 /var/www/beas.in/public_html/ramkrishna_dharma_chakra/vendor/laravel/framework/src/Illuminate/Foundation/Http/Kernel.php(167): Illuminate\\Routing\\Router->dispatch(Object(Illuminate\\Http\\Request))
#43 /var/www/beas.in/public_html/ramkrishna_dharma_chakra/vendor/laravel/framework/src/Illuminate/Pipeline/Pipeline.php(128): Illuminate\\Foundation\\Http\\Kernel->Illuminate\\Foundation\\Http\\{closure}(Object(Illuminate\\Http\\Request))
#44 /var/www/beas.in/public_html/ramkrishna_dharma_chakra/vendor/laravel/framework/src/Illuminate/Foundation/Http/Middleware/TransformsRequest.php(21): Illuminate\\Pipeline\\Pipeline->Illuminate\\Pipeline\\{closure}(Object(Illuminate\\Http\\Request))
#45 /var/www/beas.in/public_html/ramkrishna_dharma_chakra/vendor/laravel/framework/src/Illuminate/Foundation/Http/Middleware/ConvertEmptyStringsToNull.php(31): Illuminate\\Foundation\\Http\\Middleware\\TransformsRequest->handle(Object(Illuminate\\Http\\Request), Object(Closure))
#46 /var/www/beas.in/public_html/ramkrishna_dharma_chakra/vendor/laravel/framework/src/Illuminate/Pipeline/Pipeline.php(167): Illuminate\\Foundation\\Http\\Middleware\\ConvertEmptyStringsToNull->handle(Object(Illuminate\\Http\\Request), Object(Closure))
#47 /var/www/beas.in/public_html/ramkrishna_dharma_chakra/vendor/laravel/framework/src/Illuminate/Foundation/Http/Middleware/TransformsRequest.php(21): Illuminate\\Pipeline\\Pipeline->Illuminate\\Pipeline\\{closure}(Object(Illuminate\\Http\\Request))
#48 /var/www/beas.in/public_html/ramkrishna_dharma_chakra/vendor/laravel/framework/src/Illuminate/Foundation/Http/Middleware/TrimStrings.php(40): Illuminate\\Foundation\\Http\\Middleware\\TransformsRequest->handle(Object(Illuminate\\Http\\Request), Object(Closure))
#49 /var/www/beas.in/public_html/ramkrishna_dharma_chakra/vendor/laravel/framework/src/Illuminate/Pipeline/Pipeline.php(167): Illuminate\\Foundation\\Http\\Middleware\\TrimStrings->handle(Object(Illuminate\\Http\\Request), Object(Closure))
#50 /var/www/beas.in/public_html/ramkrishna_dharma_chakra/vendor/laravel/framework/src/Illuminate/Foundation/Http/Middleware/ValidatePostSize.php(27): Illuminate\\Pipeline\\Pipeline->Illuminate\\Pipeline\\{closure}(Object(Illuminate\\Http\\Request))
#51 /var/www/beas.in/public_html/ramkrishna_dharma_chakra/vendor/laravel/framework/src/Illuminate/Pipeline/Pipeline.php(167): Illuminate\\Foundation\\Http\\Middleware\\ValidatePostSize->handle(Object(Illuminate\\Http\\Request), Object(Closure))
#52 /var/www/beas.in/public_html/ramkrishna_dharma_chakra/vendor/laravel/framework/src/Illuminate/Foundation/Http/Middleware/PreventRequestsDuringMaintenance.php(86): Illuminate\\Pipeline\\Pipeline->Illuminate\\Pipeline\\{closure}(Object(Illuminate\\Http\\Request))
#53 /var/www/beas.in/public_html/ramkrishna_dharma_chakra/vendor/laravel/framework/src/Illuminate/Pipeline/Pipeline.php(167): Illuminate\\Foundation\\Http\\Middleware\\PreventRequestsDuringMaintenance->handle(Object(Illuminate\\Http\\Request), Object(Closure))
#54 /var/www/beas.in/public_html/ramkrishna_dharma_chakra/vendor/fideloper/proxy/src/TrustProxies.php(57): Illuminate\\Pipeline\\Pipeline->Illuminate\\Pipeline\\{closure}(Object(Illuminate\\Http\\Request))
#55 /var/www/beas.in/public_html/ramkrishna_dharma_chakra/vendor/laravel/framework/src/Illuminate/Pipeline/Pipeline.php(167): Fideloper\\Proxy\\TrustProxies->handle(Object(Illuminate\\Http\\Request), Object(Closure))
#56 /var/www/beas.in/public_html/ramkrishna_dharma_chakra/vendor/laravel/framework/src/Illuminate/Pipeline/Pipeline.php(103): Illuminate\\Pipeline\\Pipeline->Illuminate\\Pipeline\\{closure}(Object(Illuminate\\Http\\Request))
#57 /var/www/beas.in/public_html/ramkrishna_dharma_chakra/vendor/laravel/framework/src/Illuminate/Foundation/Http/Kernel.php(142): Illuminate\\Pipeline\\Pipeline->then(Object(Closure))
#58 /var/www/beas.in/public_html/ramkrishna_dharma_chakra/vendor/laravel/framework/src/Illuminate/Foundation/Http/Kernel.php(111): Illuminate\\Foundation\\Http\\Kernel->sendRequestThroughRouter(Object(Illuminate\\Http\\Request))
#59 /var/www/beas.in/public_html/ramkrishna_dharma_chakra/index.php(54): Illuminate\\Foundation\\Http\\Kernel->handle(Object(Illuminate\\Http\\Request))
#60 {main}

[previous exception] [object] (ErrorException(code: 0): Attempt to read property \"image\" on null at /var/www/beas.in/public_html/ramkrishna_dharma_chakra/storage/framework/views/f682938668588d27255d7a0c60c88caa0abe8a1e.php:31)
[stacktrace]
#0 /var/www/beas.in/public_html/ramkrishna_dharma_chakra/storage/framework/views/f682938668588d27255d7a0c60c88caa0abe8a1e.php(31): Illuminate\\Foundation\\Bootstrap\\HandleExceptions->handleError(2, 'Attempt to read...', '/var/www/beas.i...', 31)
#1 /var/www/beas.in/public_html/ramkrishna_dharma_chakra/vendor/laravel/framework/src/Illuminate/Filesystem/Filesystem.php(107): require('/var/www/beas.i...')
#2 /var/www/beas.in/public_html/ramkrishna_dharma_chakra/vendor/laravel/framework/src/Illuminate/Filesystem/Filesystem.php(108): Illuminate\\Filesystem\\Filesystem::Illuminate\\Filesystem\\{closure}()
#3 /var/www/beas.in/public_html/ramkrishna_dharma_chakra/vendor/laravel/framework/src/Illuminate/View/Engines/PhpEngine.php(58): Illuminate\\Filesystem\\Filesystem->getRequire('/var/www/beas.i...', Array)
#4 /var/www/beas.in/public_html/ramkrishna_dharma_chakra/vendor/laravel/framework/src/Illuminate/View/Engines/CompilerEngine.php(61): Illuminate\\View\\Engines\\PhpEngine->evaluatePath('/var/www/beas.i...', Array)
#5 /var/www/beas.in/public_html/ramkrishna_dharma_chakra/vendor/facade/ignition/src/Views/Engines/CompilerEngine.php(37): Illuminate\\View\\Engines\\CompilerEngine->get('/var/www/beas.i...', Array)
#6 /var/www/beas.in/public_html/ramkrishna_dharma_chakra/vendor/laravel/framework/src/Illuminate/View/View.php(139): Facade\\Ignition\\Views\\Engines\\CompilerEngine->get('/var/www/beas.i...', Array)
#7 /var/www/beas.in/public_html/ramkrishna_dharma_chakra/vendor/laravel/framework/src/Illuminate/View/View.php(122): Illuminate\\View\\View->getContents()
#8 /var/www/beas.in/public_html/ramkrishna_dharma_chakra/vendor/laravel/framework/src/Illuminate/View/View.php(91): Illuminate\\View\\View->renderContents()
#9 /var/www/beas.in/public_html/ramkrishna_dharma_chakra/storage/framework/views/4f20589ce425157363d958d0c9730bf3a8cbacd8.php(14): Illuminate\\View\\View->render()
#10 /var/www/beas.in/public_html/ramkrishna_dharma_chakra/vendor/laravel/framework/src/Illuminate/Filesystem/Filesystem.php(107): require('/var/www/beas.i...')
#11 /var/www/beas.in/public_html/ramkrishna_dharma_chakra/vendor/laravel/framework/src/Illuminate/Filesystem/Filesystem.php(108): Illuminate\\Filesystem\\Filesystem::Illuminate\\Filesystem\\{closure}()
#12 /var/www/beas.in/public_html/ramkrishna_dharma_chakra/vendor/laravel/framework/src/Illuminate/View/Engines/PhpEngine.php(58): Illuminate\\Filesystem\\Filesystem->getRequire('/var/www/beas.i...', Array)
#13 /var/www/beas.in/public_html/ramkrishna_dharma_chakra/vendor/laravel/framework/src/Illuminate/View/Engines/CompilerEngine.php(61): Illuminate\\View\\Engines\\PhpEngine->evaluatePath('/var/www/beas.i...', Array)
#14 /var/www/beas.in/public_html/ramkrishna_dharma_chakra/vendor/facade/ignition/src/Views/Engines/CompilerEngine.php(37): Illuminate\\View\\Engines\\CompilerEngine->get('/var/www/beas.i...', Array)
#15 /var/www/beas.in/public_html/ramkrishna_dharma_chakra/vendor/laravel/framework/src/Illuminate/View/View.php(139): Facade\\Ignition\\Views\\Engines\\CompilerEngine->get('/var/www/beas.i...', Array)
#16 /var/www/beas.in/public_html/ramkrishna_dharma_chakra/vendor/laravel/framework/src/Illuminate/View/View.php(122): Illuminate\\View\\View->getContents()
#17 /var/www/beas.in/public_html/ramkrishna_dharma_chakra/vendor/laravel/framework/src/Illuminate/View/View.php(91): Illuminate\\View\\View->renderContents()
#18 /var/www/beas.in/public_html/ramkrishna_dharma_chakra/vendor/laravel/framework/src/Illuminate/Http/Response.php(69): Illuminate\\View\\View->render()
#19 /var/www/beas.in/public_html/ramkrishna_dharma_chakra/vendor/laravel/framework/src/Illuminate/Http/Response.php(35): Illuminate\\Http\\Response->setContent(Object(Illuminate\\View\\View))
#20 /var/www/beas.in/public_html/ramkrishna_dharma_chakra/vendor/laravel/framework/src/Illuminate/Routing/Router.php(820): Illuminate\\Http\\Response->__construct(Object(Illuminate\\View\\View), 200, Array)
#21 /var/www/beas.in/public_html/ramkrishna_dharma_chakra/vendor/laravel/framework/src/Illuminate/Routing/Router.php(789): Illuminate\\Routing\\Router::toResponse(Object(Illuminate\\Http\\Request), Object(Illuminate\\View\\View))
#22 /var/www/beas.in/public_html/ramkrishna_dharma_chakra/vendor/laravel/framework/src/Illuminate/Routing/Router.php(721): Illuminate\\Routing\\Router->prepareResponse(Object(Illuminate\\Http\\Request), Object(Illuminate\\View\\View))
#23 /var/www/beas.in/public_html/ramkrishna_dharma_chakra/vendor/laravel/framework/src/Illuminate/Pipeline/Pipeline.php(128): Illuminate\\Routing\\Router->Illuminate\\Routing\\{closure}(Object(Illuminate\\Http\\Request))
#24 /var/www/beas.in/public_html/ramkrishna_dharma_chakra/vendor/laravel/framework/src/Illuminate/Routing/Middleware/SubstituteBindings.php(50): Illuminate\\Pipeline\\Pipeline->Illuminate\\Pipeline\\{closure}(Object(Illuminate\\Http\\Request))
#25 /var/www/beas.in/public_html/ramkrishna_dharma_chakra/vendor/laravel/framework/src/Illuminate/Pipeline/Pipeline.php(167): Illuminate\\Routing\\Middleware\\SubstituteBindings->handle(Object(Illuminate\\Http\\Request), Object(Closure))
#26 /var/www/beas.in/public_html/ramkrishna_dharma_chakra/vendor/laravel/framework/src/Illuminate/Foundation/Http/Middleware/VerifyCsrfToken.php(78): Illuminate\\Pipeline\\Pipeline->Illuminate\\Pipeline\\{closure}(Object(Illuminate\\Http\\Request))
#27 /var/www/beas.in/public_html/ramkrishna_dharma_chakra/vendor/laravel/framework/src/Illuminate/Pipeline/Pipeline.php(167): Illuminate\\Foundation\\Http\\Middleware\\VerifyCsrfToken->handle(Object(Illuminate\\Http\\Request), Object(Closure))
#28 /var/www/beas.in/public_html/ramkrishna_dharma_chakra/vendor/laravel/framework/src/Illuminate/View/Middleware/ShareErrorsFromSession.php(49): Illuminate\\Pipeline\\Pipeline->Illuminate\\Pipeline\\{closure}(Object(Illuminate\\Http\\Request))
#29 /var/www/beas.in/public_html/ramkrishna_dharma_chakra/vendor/laravel/framework/src/Illuminate/Pipeline/Pipeline.php(167): Illuminate\\View\\Middleware\\ShareErrorsFromSession->handle(Object(Illuminate\\Http\\Request), Object(Closure))
#30 /var/www/beas.in/public_html/ramkrishna_dharma_chakra/vendor/laravel/framework/src/Illuminate/Session/Middleware/StartSession.php(121): Illuminate\\Pipeline\\Pipeline->Illuminate\\Pipeline\\{closure}(Object(Illuminate\\Http\\Request))
#31 /var/www/beas.in/public_html/ramkrishna_dharma_chakra/vendor/laravel/framework/src/Illuminate/Session/Middleware/StartSession.php(64): Illuminate\\Session\\Middleware\\StartSession->handleStatefulRequest(Object(Illuminate\\Http\\Request), Object(Illuminate\\Session\\Store), Object(Closure))
#32 /var/www/beas.in/public_html/ramkrishna_dharma_chakra/vendor/laravel/framework/src/Illuminate/Pipeline/Pipeline.php(167): Illuminate\\Session\\Middleware\\StartSession->handle(Object(Illuminate\\Http\\Request), Object(Closure))
#33 /var/www/beas.in/public_html/ramkrishna_dharma_chakra/vendor/laravel/framework/src/Illuminate/Cookie/Middleware/AddQueuedCookiesToResponse.php(37): Illuminate\\Pipeline\\Pipeline->Illuminate\\Pipeline\\{closure}(Object(Illuminate\\Http\\Request))
#34 /var/www/beas.in/public_html/ramkrishna_dharma_chakra/vendor/laravel/framework/src/Illuminate/Pipeline/Pipeline.php(167): Illuminate\\Cookie\\Middleware\\AddQueuedCookiesToResponse->handle(Object(Illuminate\\Http\\Request), Object(Closure))
#35 /var/www/beas.in/public_html/ramkrishna_dharma_chakra/vendor/laravel/framework/src/Illuminate/Cookie/Middleware/EncryptCookies.php(67): Illuminate\\Pipeline\\Pipeline->Illuminate\\Pipeline\\{closure}(Object(Illuminate\\Http\\Request))
#36 /var/www/beas.in/public_html/ramkrishna_dharma_chakra/vendor/laravel/framework/src/Illuminate/Pipeline/Pipeline.php(167): Illuminate\\Cookie\\Middleware\\EncryptCookies->handle(Object(Illuminate\\Http\\Request), Object(Closure))
#37 /var/www/beas.in/public_html/ramkrishna_dharma_chakra/vendor/laravel/framework/src/Illuminate/Pipeline/Pipeline.php(103): Illuminate\\Pipeline\\Pipeline->Illuminate\\Pipeline\\{closure}(Object(Illuminate\\Http\\Request))
#38 /var/www/beas.in/public_html/ramkrishna_dharma_chakra/vendor/laravel/framework/src/Illuminate/Routing/Router.php(723): Illuminate\\Pipeline\\Pipeline->then(Object(Closure))
#39 /var/www/beas.in/public_html/ramkrishna_dharma_chakra/vendor/laravel/framework/src/Illuminate/Routing/Router.php(698): Illuminate\\Routing\\Router->runRouteWithinStack(Object(Illuminate\\Routing\\Route), Object(Illuminate\\Http\\Request))
#40 /var/www/beas.in/public_html/ramkrishna_dharma_chakra/vendor/laravel/framework/src/Illuminate/Routing/Router.php(662): Illuminate\\Routing\\Router->runRoute(Object(Illuminate\\Http\\Request), Object(Illuminate\\Routing\\Route))
#41 /var/www/beas.in/public_html/ramkrishna_dharma_chakra/vendor/laravel/framework/src/Illuminate/Routing/Router.php(651): Illuminate\\Routing\\Router->dispatchToRoute(Object(Illuminate\\Http\\Request))
#42 /var/www/beas.in/public_html/ramkrishna_dharma_chakra/vendor/laravel/framework/src/Illuminate/Foundation/Http/Kernel.php(167): Illuminate\\Routing\\Router->dispatch(Object(Illuminate\\Http\\Request))
#43 /var/www/beas.in/public_html/ramkrishna_dharma_chakra/vendor/laravel/framework/src/Illuminate/Pipeline/Pipeline.php(128): Illuminate\\Foundation\\Http\\Kernel->Illuminate\\Foundation\\Http\\{closure}(Object(Illuminate\\Http\\Request))
#44 /var/www/beas.in/public_html/ramkrishna_dharma_chakra/vendor/laravel/framework/src/Illuminate/Foundation/Http/Middleware/TransformsRequest.php(21): Illuminate\\Pipeline\\Pipeline->Illuminate\\Pipeline\\{closure}(Object(Illuminate\\Http\\Request))
#45 /var/www/beas.in/public_html/ramkrishna_dharma_chakra/vendor/laravel/framework/src/Illuminate/Foundation/Http/Middleware/ConvertEmptyStringsToNull.php(31): Illuminate\\Foundation\\Http\\Middleware\\TransformsRequest->handle(Object(Illuminate\\Http\\Request), Object(Closure))
#46 /var/www/beas.in/public_html/ramkrishna_dharma_chakra/vendor/laravel/framework/src/Illuminate/Pipeline/Pipeline.php(167): Illuminate\\Foundation\\Http\\Middleware\\ConvertEmptyStringsToNull->handle(Object(Illuminate\\Http\\Request), Object(Closure))
#47 /var/www/beas.in/public_html/ramkrishna_dharma_chakra/vendor/laravel/framework/src/Illuminate/Foundation/Http/Middleware/TransformsRequest.php(21): Illuminate\\Pipeline\\Pipeline->Illuminate\\Pipeline\\{closure}(Object(Illuminate\\Http\\Request))
#48 /var/www/beas.in/public_html/ramkrishna_dharma_chakra/vendor/laravel/framework/src/Illuminate/Foundation/Http/Middleware/TrimStrings.php(40): Illuminate\\Foundation\\Http\\Middleware\\TransformsRequest->handle(Object(Illuminate\\Http\\Request), Object(Closure))
#49 /var/www/beas.in/public_html/ramkrishna_dharma_chakra/vendor/laravel/framework/src/Illuminate/Pipeline/Pipeline.php(167): Illuminate\\Foundation\\Http\\Middleware\\TrimStrings->handle(Object(Illuminate\\Http\\Request), Object(Closure))
#50 /var/www/beas.in/public_html/ramkrishna_dharma_chakra/vendor/laravel/framework/src/Illuminate/Foundation/Http/Middleware/ValidatePostSize.php(27): Illuminate\\Pipeline\\Pipeline->Illuminate\\Pipeline\\{closure}(Object(Illuminate\\Http\\Request))
#51 /var/www/beas.in/public_html/ramkrishna_dharma_chakra/vendor/laravel/framework/src/Illuminate/Pipeline/Pipeline.php(167): Illuminate\\Foundation\\Http\\Middleware\\ValidatePostSize->handle(Object(Illuminate\\Http\\Request), Object(Closure))
#52 /var/www/beas.in/public_html/ramkrishna_dharma_chakra/vendor/laravel/framework/src/Illuminate/Foundation/Http/Middleware/PreventRequestsDuringMaintenance.php(86): Illuminate\\Pipeline\\Pipeline->Illuminate\\Pipeline\\{closure}(Object(Illuminate\\Http\\Request))
#53 /var/www/beas.in/public_html/ramkrishna_dharma_chakra/vendor/laravel/framework/src/Illuminate/Pipeline/Pipeline.php(167): Illuminate\\Foundation\\Http\\Middleware\\PreventRequestsDuringMaintenance->handle(Object(Illuminate\\Http\\Request), Object(Closure))
#54 /var/www/beas.in/public_html/ramkrishna_dharma_chakra/vendor/fideloper/proxy/src/TrustProxies.php(57): Illuminate\\Pipeline\\Pipeline->Illuminate\\Pipeline\\{closure}(Object(Illuminate\\Http\\Request))
#55 /var/www/beas.in/public_html/ramkrishna_dharma_chakra/vendor/laravel/framework/src/Illuminate/Pipeline/Pipeline.php(167): Fideloper\\Proxy\\TrustProxies->handle(Object(Illuminate\\Http\\Request), Object(Closure))
#56 /var/www/beas.in/public_html/ramkrishna_dharma_chakra/vendor/laravel/framework/src/Illuminate/Pipeline/Pipeline.php(103): Illuminate\\Pipeline\\Pipeline->Illuminate\\Pipeline\\{closure}(Object(Illuminate\\Http\\Request))
#57 /var/www/beas.in/public_html/ramkrishna_dharma_chakra/vendor/laravel/framework/src/Illuminate/Foundation/Http/Kernel.php(142): Illuminate\\Pipeline\\Pipeline->then(Object(Closure))
#58 /var/www/beas.in/public_html/ramkrishna_dharma_chakra/vendor/laravel/framework/src/Illuminate/Foundation/Http/Kernel.php(111): Illuminate\\Foundation\\Http\\Kernel->sendRequestThroughRouter(Object(Illuminate\\Http\\Request))
#59 /var/www/beas.in/public_html/ramkrishna_dharma_chakra/index.php(54): Illuminate\\Foundation\\Http\\Kernel->handle(Object(Illuminate\\Http\\Request))
#60 {main}
"} 
[2023-06-27 17:45:52] local.ERROR: Class "Form" not found (View: /var/www/beas.in/public_html/ramkrishna_dharma_chakra/resources/views/admin/publication/edit.blade.php) {"view":{"view":"/var/www/beas.in/public_html/ramkrishna_dharma_chakra/resources/views/admin/publication/edit.blade.php","data":{"errors":"<pre class=sf-dump id=sf-dump-1259559769 data-indent-pad=\"  \"><span class=sf-dump-note>Illuminate\\Support\\ViewErrorBag</span> {<a class=sf-dump-ref>#443</a><samp data-depth=1 class=sf-dump-expanded>
  #<span class=sf-dump-protected title=\"Protected property\">bags</span>: []
</samp>}
</pre><script>Sfdump(\"sf-dump-1259559769\", {\"maxDepth\":3,\"maxStringLength\":160})</script>
","data":"<pre class=sf-dump id=sf-dump-416197267 data-indent-pad=\"  \"><span class=sf-dump-note>App\\Models\\Publication</span> {<a class=sf-dump-ref>#461</a><samp data-depth=1 class=sf-dump-expanded>
  #<span class=sf-dump-protected title=\"Protected property\">table</span>: \"<span class=sf-dump-str title=\"11 characters\">publication</span>\"
  #<span class=sf-dump-protected title=\"Protected property\">guarded</span>: []
  #<span class=sf-dump-protected title=\"Protected property\">connection</span>: \"<span class=sf-dump-str title=\"5 characters\">mysql</span>\"
  #<span class=sf-dump-protected title=\"Protected property\">primaryKey</span>: \"<span class=sf-dump-str title=\"2 characters\">id</span>\"
  #<span class=sf-dump-protected title=\"Protected property\">keyType</span>: \"<span class=sf-dump-str title=\"3 characters\">int</span>\"
  +<span class=sf-dump-public title=\"Public property\">incrementing</span>: <span class=sf-dump-const>true</span>
  #<span class=sf-dump-protected title=\"Protected property\">with</span>: []
  #<span class=sf-dump-protected title=\"Protected property\">withCount</span>: []
  +<span class=sf-dump-public title=\"Public property\">preventsLazyLoading</span>: <span class=sf-dump-const>false</span>
  #<span class=sf-dump-protected title=\"Protected property\">perPage</span>: <span class=sf-dump-num>15</span>
  +<span class=sf-dump-public title=\"Public property\">exists</span>: <span class=sf-dump-const>true</span>
  +<span class=sf-dump-public title=\"Public property\">wasRecentlyCreated</span>: <span class=sf-dump-const>false</span>
  #<span class=sf-dump-protected title=\"Protected property\">escapeWhenCastingToString</span>: <span class=sf-dump-const>false</span>
  #<span class=sf-dump-protected title=\"Protected property\">attributes</span>: <span class=sf-dump-note>array:10</span> [<samp data-depth=2 class=sf-dump-compact>
    \"<span class=sf-dump-key>id</span>\" => <span class=sf-dump-num>9</span>
    \"<span class=sf-dump-key>title</span>\" => \"<span class=sf-dump-str title=\"56 characters\">&#2486;&#2509;&#2480;&#2496;&#2478;&#2470;&#2477;&#2455;&#2476;&#2470;&#2509;&#2455;&#2496;&#2468;&#2494; (&#2537; &#2454;&#2472;&#2509;&#2465;) &#2486;&#2509;&#2480;&#2496;&#2471;&#2480; &#2488;&#2509;&#2476;&#2494;&#2478;&#2496; &#2453;&#2499;&#2468; &#2463;&#2496;&#2453;&#2494; &#2437;&#2476;&#2482;&#2478;&#2509;&#2476;&#2472;&#2503;</span>\"
    \"<span class=sf-dump-key>description</span>\" => \"<span class=sf-dump-str title=\"249 characters\">&#2486;&#2509;&#2480;&#2496;&#2471;&#2480;&#2488;&#2509;&#2476;&#2494;&#2478;&#2496;&#2453;&#2499;&#2468; &#2488;&#2478;&#2455;&#2509;&#2480;&#2463;&#2496;&#2453;&#2494; &#2451; &#2441;&#2489;&#2494;&#2480; &#2474;&#2509;&#2480;&#2494;&#2462;&#2509;&#2460;&#2482; &#2437;&#2472;&#2497;&#2476;&#2494;&#2470; &#2447;&#2476;&#2434; &#2476;&#2489;&#2497; &#2474;&#2480;&#2495;&#2486;&#2495;&#2487;&#2509;&#2463; &#2488;&#2478;&#2509;&#2476;&#2482;&#2495;&#2468;&#2404; &#2474;&#2509;&#2480;&#2494;&#2479;&#2492; &#2535;&#2536;&#2534;&#2534; &#2474;&#2499;&#2435; &#2488;&#2478;&#2494;&#2474;&#2509;&#2468;&#2404; &#2486;&#2434;&#2453;&#2480;&#2494;&#2458;&#2494;&#2480;&#2509;&#2479;&#2509;&#2479;, &#2486;&#2434;&#2453;&#2480;&#2494;&#2472;&#2472;&#2509;&#2470;, &#2438;&#2472;&#2472;&#2509;&#2470;&#2455;&#2495;&#2480;&#2495;, &#2478;&#2471;&#2497;&#2488;&#2498;&#2470;&#2472; &#2488;&#2480;&#2488;&#2509;&#2476;&#2468;&#2496;, &#2437;&#2477;&#2495;&#2472;&#2476;&#2455;&#2497;&#2474;&#2509;&#2468;, &#2472;&#2496;&#2482;&#2453;&#2467;&#2509;&#2464; &#2488;&#2497;&#2480;&#2495;, &#2486;&#2509;&#2480;&#2496;&#2471;&#2480;&#2488;&#2509;&#2476;&#2494;&#2478;&#2496; &#2474;&#2509;&#2480;&#2477;&#2499;&#2468;&#2495; &#2477;&#2494;&#2487;&#2509;&#2479;&#2453;&#2494;&#2480; &#2451; &#2463;&#2496;&#2453;&#2494;&#2453;&#2494;&#2480;&#2455;&#2463;&#2467;&#2503;&#2480; &#2441;&#2470;&#2509;&#2471;&#2499;&#2468;&#2495; &#2474;&#2494;&#2470;&#2463;&#2496;&#2453;&#2494;&#2479;&#2492; &#2488;&#2434;&#2479;&#2507;&#2460;&#2495;&#2468;&#2404;</span>\"
    \"<span class=sf-dump-key>title_english</span>\" => \"<span class=sf-dump-str title=\"70 characters\">Srimad Bhagavad Gita&#039;s (3 volumes) a brief narration by Sridhar Swami.</span>\"
    \"<span class=sf-dump-key>description_english</span>\" => \"<span class=sf-dump-str title=\"422 characters\">With Sridhar Swami&#039;s complete annotations and its vivid simple translation as given  in an additional part appended at the end this three part treatise on the Bhagavat Gita is a Collector&#8217;s item. Collectively these have 1200 pages. Quotations of commentators and annotators such as Sankaracharya, Sankarananda, Anandagiri, Madhusudan Saraswati, Abhinavagupta, Nilakantha Suri, Sridharaswami etc. are appended in footnotes.</span>\"
    \"<span class=sf-dump-key>status</span>\" => \"<span class=sf-dump-str>A</span>\"
    \"<span class=sf-dump-key>image</span>\" => \"<span class=sf-dump-str title=\"19 characters\">1687846381-6687.jpg</span>\"
    \"<span class=sf-dump-key>available</span>\" => \"<span class=sf-dump-str>Y</span>\"
    \"<span class=sf-dump-key>created_at</span>\" => \"<span class=sf-dump-str title=\"19 characters\">2023-01-09 12:30:10</span>\"
    \"<span class=sf-dump-key>updated_at</span>\" => \"<span class=sf-dump-str title=\"19 characters\">2023-06-27 17:34:15</span>\"
  </samp>]
  #<span class=sf-dump-protected title=\"Protected property\">original</span>: <span class=sf-dump-note>array:10</span> [<samp data-depth=2 class=sf-dump-compact>
    \"<span class=sf-dump-key>id</span>\" => <span class=sf-dump-num>9</span>
    \"<span class=sf-dump-key>title</span>\" => \"<span class=sf-dump-str title=\"56 characters\">&#2486;&#2509;&#2480;&#2496;&#2478;&#2470;&#2477;&#2455;&#2476;&#2470;&#2509;&#2455;&#2496;&#2468;&#2494; (&#2537; &#2454;&#2472;&#2509;&#2465;) &#2486;&#2509;&#2480;&#2496;&#2471;&#2480; &#2488;&#2509;&#2476;&#2494;&#2478;&#2496; &#2453;&#2499;&#2468; &#2463;&#2496;&#2453;&#2494; &#2437;&#2476;&#2482;&#2478;&#2509;&#2476;&#2472;&#2503;</span>\"
    \"<span class=sf-dump-key>description</span>\" => \"<span class=sf-dump-str title=\"249 characters\">&#2486;&#2509;&#2480;&#2496;&#2471;&#2480;&#2488;&#2509;&#2476;&#2494;&#2478;&#2496;&#2453;&#2499;&#2468; &#2488;&#2478;&#2455;&#2509;&#2480;&#2463;&#2496;&#2453;&#2494; &#2451; &#2441;&#2489;&#2494;&#2480; &#2474;&#2509;&#2480;&#2494;&#2462;&#2509;&#2460;&#2482; &#2437;&#2472;&#2497;&#2476;&#2494;&#2470; &#2447;&#2476;&#2434; &#2476;&#2489;&#2497; &#2474;&#2480;&#2495;&#2486;&#2495;&#2487;&#2509;&#2463; &#2488;&#2478;&#2509;&#2476;&#2482;&#2495;&#2468;&#2404; &#2474;&#2509;&#2480;&#2494;&#2479;&#2492; &#2535;&#2536;&#2534;&#2534; &#2474;&#2499;&#2435; &#2488;&#2478;&#2494;&#2474;&#2509;&#2468;&#2404; &#2486;&#2434;&#2453;&#2480;&#2494;&#2458;&#2494;&#2480;&#2509;&#2479;&#2509;&#2479;, &#2486;&#2434;&#2453;&#2480;&#2494;&#2472;&#2472;&#2509;&#2470;, &#2438;&#2472;&#2472;&#2509;&#2470;&#2455;&#2495;&#2480;&#2495;, &#2478;&#2471;&#2497;&#2488;&#2498;&#2470;&#2472; &#2488;&#2480;&#2488;&#2509;&#2476;&#2468;&#2496;, &#2437;&#2477;&#2495;&#2472;&#2476;&#2455;&#2497;&#2474;&#2509;&#2468;, &#2472;&#2496;&#2482;&#2453;&#2467;&#2509;&#2464; &#2488;&#2497;&#2480;&#2495;, &#2486;&#2509;&#2480;&#2496;&#2471;&#2480;&#2488;&#2509;&#2476;&#2494;&#2478;&#2496; &#2474;&#2509;&#2480;&#2477;&#2499;&#2468;&#2495; &#2477;&#2494;&#2487;&#2509;&#2479;&#2453;&#2494;&#2480; &#2451; &#2463;&#2496;&#2453;&#2494;&#2453;&#2494;&#2480;&#2455;&#2463;&#2467;&#2503;&#2480; &#2441;&#2470;&#2509;&#2471;&#2499;&#2468;&#2495; &#2474;&#2494;&#2470;&#2463;&#2496;&#2453;&#2494;&#2479;&#2492; &#2488;&#2434;&#2479;&#2507;&#2460;&#2495;&#2468;&#2404;</span>\"
    \"<span class=sf-dump-key>title_english</span>\" => \"<span class=sf-dump-str title=\"70 characters\">Srimad Bhagavad Gita&#039;s (3 volumes) a brief narration by Sridhar Swami.</span>\"
    \"<span class=sf-dump-key>description_english</span>\" => \"<span class=sf-dump-str title=\"422 characters\">With Sridhar Swami&#039;s complete annotations and its vivid simple translation as given  in an additional part appended at the end this three part treatise on the Bhagavat Gita is a Collector&#8217;s item. Collectively these have 1200 pages. Quotations of commentators and annotators such as Sankaracharya, Sankarananda, Anandagiri, Madhusudan Saraswati, Abhinavagupta, Nilakantha Suri, Sridharaswami etc. are appended in footnotes.</span>\"
    \"<span class=sf-dump-key>status</span>\" => \"<span class=sf-dump-str>A</span>\"
    \"<span class=sf-dump-key>image</span>\" => \"<span class=sf-dump-str title=\"19 characters\">1687846381-6687.jpg</span>\"
    \"<span class=sf-dump-key>available</span>\" => \"<span class=sf-dump-str>Y</span>\"
    \"<span class=sf-dump-key>created_at</span>\" => \"<span class=sf-dump-str title=\"19 characters\">2023-01-09 12:30:10</span>\"
    \"<span class=sf-dump-key>updated_at</span>\" => \"<span class=sf-dump-str title=\"19 characters\">2023-06-27 17:34:15</span>\"
  </samp>]
  #<span class=sf-dump-protected title=\"Protected property\">changes</span>: []
  #<span class=sf-dump-protected title=\"Protected property\">casts</span>: []
  #<span class=sf-dump-protected title=\"Protected property\">classCastCache</span>: []
  #<span class=sf-dump-protected title=\"Protected property\">attributeCastCache</span>: []
  #<span class=sf-dump-protected title=\"Protected property\">dates</span>: []
  #<span class=sf-dump-protected title=\"Protected property\">dateFormat</span>: <span class=sf-dump-const>null</span>
  #<span class=sf-dump-protected title=\"Protected property\">appends</span>: []
  #<span class=sf-dump-protected title=\"Protected property\">dispatchesEvents</span>: []
  #<span class=sf-dump-protected title=\"Protected property\">observables</span>: []
  #<span class=sf-dump-protected title=\"Protected property\">relations</span>: []
  #<span class=sf-dump-protected title=\"Protected property\">touches</span>: []
  +<span class=sf-dump-public title=\"Public property\">timestamps</span>: <span class=sf-dump-const>true</span>
  #<span class=sf-dump-protected title=\"Protected property\">hidden</span>: []
  #<span class=sf-dump-protected title=\"Protected property\">visible</span>: []
  #<span class=sf-dump-protected title=\"Protected property\">fillable</span>: []
</samp>}
</pre><script>Sfdump(\"sf-dump-416197267\", {\"maxDepth\":3,\"maxStringLength\":160})</script>
"}},"exception":"[object] (Facade\\Ignition\\Exceptions\\ViewException(code: 0): Class \"Form\" not found (View: /var/www/beas.in/public_html/ramkrishna_dharma_chakra/resources/views/admin/publication/edit.blade.php) at /var/www/beas.in/public_html/ramkrishna_dharma_chakra/resources/views/admin/publication/edit.blade.php:51)
[stacktrace]
#0 /var/www/beas.in/public_html/ramkrishna_dharma_chakra/vendor/laravel/framework/src/Illuminate/Filesystem/Filesystem.php(107): require()
#1 /var/www/beas.in/public_html/ramkrishna_dharma_chakra/vendor/laravel/framework/src/Illuminate/Filesystem/Filesystem.php(108): Illuminate\\Filesystem\\Filesystem::Illuminate\\Filesystem\\{closure}()
#2 /var/www/beas.in/public_html/ramkrishna_dharma_chakra/vendor/laravel/framework/src/Illuminate/View/Engines/PhpEngine.php(58): Illuminate\\Filesystem\\Filesystem->getRequire('/var/www/beas.i...', Array)
#3 /var/www/beas.in/public_html/ramkrishna_dharma_chakra/vendor/laravel/framework/src/Illuminate/View/Engines/CompilerEngine.php(61): Illuminate\\View\\Engines\\PhpEngine->evaluatePath('/var/www/beas.i...', Array)
#4 /var/www/beas.in/public_html/ramkrishna_dharma_chakra/vendor/facade/ignition/src/Views/Engines/CompilerEngine.php(37): Illuminate\\View\\Engines\\CompilerEngine->get('/var/www/beas.i...', Array)
#5 /var/www/beas.in/public_html/ramkrishna_dharma_chakra/vendor/laravel/framework/src/Illuminate/View/View.php(139): Facade\\Ignition\\Views\\Engines\\CompilerEngine->get('/var/www/beas.i...', Array)
#6 /var/www/beas.in/public_html/ramkrishna_dharma_chakra/vendor/laravel/framework/src/Illuminate/View/View.php(122): Illuminate\\View\\View->getContents()
#7 /var/www/beas.in/public_html/ramkrishna_dharma_chakra/vendor/laravel/framework/src/Illuminate/View/View.php(91): Illuminate\\View\\View->renderContents()
#8 /var/www/beas.in/public_html/ramkrishna_dharma_chakra/vendor/laravel/framework/src/Illuminate/Http/Response.php(69): Illuminate\\View\\View->render()
#9 /var/www/beas.in/public_html/ramkrishna_dharma_chakra/vendor/laravel/framework/src/Illuminate/Http/Response.php(35): Illuminate\\Http\\Response->setContent(Object(Illuminate\\View\\View))
#10 /var/www/beas.in/public_html/ramkrishna_dharma_chakra/vendor/laravel/framework/src/Illuminate/Routing/Router.php(820): Illuminate\\Http\\Response->__construct(Object(Illuminate\\View\\View), 200, Array)
#11 /var/www/beas.in/public_html/ramkrishna_dharma_chakra/vendor/laravel/framework/src/Illuminate/Routing/Router.php(789): Illuminate\\Routing\\Router::toResponse(Object(Illuminate\\Http\\Request), Object(Illuminate\\View\\View))
#12 /var/www/beas.in/public_html/ramkrishna_dharma_chakra/vendor/laravel/framework/src/Illuminate/Routing/Router.php(721): Illuminate\\Routing\\Router->prepareResponse(Object(Illuminate\\Http\\Request), Object(Illuminate\\View\\View))
#13 /var/www/beas.in/public_html/ramkrishna_dharma_chakra/vendor/laravel/framework/src/Illuminate/Pipeline/Pipeline.php(128): Illuminate\\Routing\\Router->Illuminate\\Routing\\{closure}(Object(Illuminate\\Http\\Request))
#14 /var/www/beas.in/public_html/ramkrishna_dharma_chakra/vendor/laravel/framework/src/Illuminate/Routing/Middleware/SubstituteBindings.php(50): Illuminate\\Pipeline\\Pipeline->Illuminate\\Pipeline\\{closure}(Object(Illuminate\\Http\\Request))
#15 /var/www/beas.in/public_html/ramkrishna_dharma_chakra/vendor/laravel/framework/src/Illuminate/Pipeline/Pipeline.php(167): Illuminate\\Routing\\Middleware\\SubstituteBindings->handle(Object(Illuminate\\Http\\Request), Object(Closure))
#16 /var/www/beas.in/public_html/ramkrishna_dharma_chakra/vendor/laravel/framework/src/Illuminate/Foundation/Http/Middleware/VerifyCsrfToken.php(78): Illuminate\\Pipeline\\Pipeline->Illuminate\\Pipeline\\{closure}(Object(Illuminate\\Http\\Request))
#17 /var/www/beas.in/public_html/ramkrishna_dharma_chakra/vendor/laravel/framework/src/Illuminate/Pipeline/Pipeline.php(167): Illuminate\\Foundation\\Http\\Middleware\\VerifyCsrfToken->handle(Object(Illuminate\\Http\\Request), Object(Closure))
#18 /var/www/beas.in/public_html/ramkrishna_dharma_chakra/vendor/laravel/framework/src/Illuminate/View/Middleware/ShareErrorsFromSession.php(49): Illuminate\\Pipeline\\Pipeline->Illuminate\\Pipeline\\{closure}(Object(Illuminate\\Http\\Request))
#19 /var/www/beas.in/public_html/ramkrishna_dharma_chakra/vendor/laravel/framework/src/Illuminate/Pipeline/Pipeline.php(167): Illuminate\\View\\Middleware\\ShareErrorsFromSession->handle(Object(Illuminate\\Http\\Request), Object(Closure))
#20 /var/www/beas.in/public_html/ramkrishna_dharma_chakra/vendor/laravel/framework/src/Illuminate/Session/Middleware/StartSession.php(121): Illuminate\\Pipeline\\Pipeline->Illuminate\\Pipeline\\{closure}(Object(Illuminate\\Http\\Request))
#21 /var/www/beas.in/public_html/ramkrishna_dharma_chakra/vendor/laravel/framework/src/Illuminate/Session/Middleware/StartSession.php(64): Illuminate\\Session\\Middleware\\StartSession->handleStatefulRequest(Object(Illuminate\\Http\\Request), Object(Illuminate\\Session\\Store), Object(Closure))
#22 /var/www/beas.in/public_html/ramkrishna_dharma_chakra/vendor/laravel/framework/src/Illuminate/Pipeline/Pipeline.php(167): Illuminate\\Session\\Middleware\\StartSession->handle(Object(Illuminate\\Http\\Request), Object(Closure))
#23 /var/www/beas.in/public_html/ramkrishna_dharma_chakra/vendor/laravel/framework/src/Illuminate/Cookie/Middleware/AddQueuedCookiesToResponse.php(37): Illuminate\\Pipeline\\Pipeline->Illuminate\\Pipeline\\{closure}(Object(Illuminate\\Http\\Request))
#24 /var/www/beas.in/public_html/ramkrishna_dharma_chakra/vendor/laravel/framework/src/Illuminate/Pipeline/Pipeline.php(167): Illuminate\\Cookie\\Middleware\\AddQueuedCookiesToResponse->handle(Object(Illuminate\\Http\\Request), Object(Closure))
#25 /var/www/beas.in/public_html/ramkrishna_dharma_chakra/vendor/laravel/framework/src/Illuminate/Cookie/Middleware/EncryptCookies.php(67): Illuminate\\Pipeline\\Pipeline->Illuminate\\Pipeline\\{closure}(Object(Illuminate\\Http\\Request))
#26 /var/www/beas.in/public_html/ramkrishna_dharma_chakra/vendor/laravel/framework/src/Illuminate/Pipeline/Pipeline.php(167): Illuminate\\Cookie\\Middleware\\EncryptCookies->handle(Object(Illuminate\\Http\\Request), Object(Closure))
#27 /var/www/beas.in/public_html/ramkrishna_dharma_chakra/vendor/laravel/framework/src/Illuminate/Pipeline/Pipeline.php(103): Illuminate\\Pipeline\\Pipeline->Illuminate\\Pipeline\\{closure}(Object(Illuminate\\Http\\Request))
#28 /var/www/beas.in/public_html/ramkrishna_dharma_chakra/vendor/laravel/framework/src/Illuminate/Routing/Router.php(723): Illuminate\\Pipeline\\Pipeline->then(Object(Closure))
#29 /var/www/beas.in/public_html/ramkrishna_dharma_chakra/vendor/laravel/framework/src/Illuminate/Routing/Router.php(698): Illuminate\\Routing\\Router->runRouteWithinStack(Object(Illuminate\\Routing\\Route), Object(Illuminate\\Http\\Request))
#30 /var/www/beas.in/public_html/ramkrishna_dharma_chakra/vendor/laravel/framework/src/Illuminate/Routing/Router.php(662): Illuminate\\Routing\\Router->runRoute(Object(Illuminate\\Http\\Request), Object(Illuminate\\Routing\\Route))
#31 /var/www/beas.in/public_html/ramkrishna_dharma_chakra/vendor/laravel/framework/src/Illuminate/Routing/Router.php(651): Illuminate\\Routing\\Router->dispatchToRoute(Object(Illuminate\\Http\\Request))
#32 /var/www/beas.in/public_html/ramkrishna_dharma_chakra/vendor/laravel/framework/src/Illuminate/Foundation/Http/Kernel.php(167): Illuminate\\Routing\\Router->dispatch(Object(Illuminate\\Http\\Request))
#33 /var/www/beas.in/public_html/ramkrishna_dharma_chakra/vendor/laravel/framework/src/Illuminate/Pipeline/Pipeline.php(128): Illuminate\\Foundation\\Http\\Kernel->Illuminate\\Foundation\\Http\\{closure}(Object(Illuminate\\Http\\Request))
#34 /var/www/beas.in/public_html/ramkrishna_dharma_chakra/vendor/laravel/framework/src/Illuminate/Foundation/Http/Middleware/TransformsRequest.php(21): Illuminate\\Pipeline\\Pipeline->Illuminate\\Pipeline\\{closure}(Object(Illuminate\\Http\\Request))
#35 /var/www/beas.in/public_html/ramkrishna_dharma_chakra/vendor/laravel/framework/src/Illuminate/Foundation/Http/Middleware/ConvertEmptyStringsToNull.php(31): Illuminate\\Foundation\\Http\\Middleware\\TransformsRequest->handle(Object(Illuminate\\Http\\Request), Object(Closure))
#36 /var/www/beas.in/public_html/ramkrishna_dharma_chakra/vendor/laravel/framework/src/Illuminate/Pipeline/Pipeline.php(167): Illuminate\\Foundation\\Http\\Middleware\\ConvertEmptyStringsToNull->handle(Object(Illuminate\\Http\\Request), Object(Closure))
#37 /var/www/beas.in/public_html/ramkrishna_dharma_chakra/vendor/laravel/framework/src/Illuminate/Foundation/Http/Middleware/TransformsRequest.php(21): Illuminate\\Pipeline\\Pipeline->Illuminate\\Pipeline\\{closure}(Object(Illuminate\\Http\\Request))
#38 /var/www/beas.in/public_html/ramkrishna_dharma_chakra/vendor/laravel/framework/src/Illuminate/Foundation/Http/Middleware/TrimStrings.php(40): Illuminate\\Foundation\\Http\\Middleware\\TransformsRequest->handle(Object(Illuminate\\Http\\Request), Object(Closure))
#39 /var/www/beas.in/public_html/ramkrishna_dharma_chakra/vendor/laravel/framework/src/Illuminate/Pipeline/Pipeline.php(167): Illuminate\\Foundation\\Http\\Middleware\\TrimStrings->handle(Object(Illuminate\\Http\\Request), Object(Closure))
#40 /var/www/beas.in/public_html/ramkrishna_dharma_chakra/vendor/laravel/framework/src/Illuminate/Foundation/Http/Middleware/ValidatePostSize.php(27): Illuminate\\Pipeline\\Pipeline->Illuminate\\Pipeline\\{closure}(Object(Illuminate\\Http\\Request))
#41 /var/www/beas.in/public_html/ramkrishna_dharma_chakra/vendor/laravel/framework/src/Illuminate/Pipeline/Pipeline.php(167): Illuminate\\Foundation\\Http\\Middleware\\ValidatePostSize->handle(Object(Illuminate\\Http\\Request), Object(Closure))
#42 /var/www/beas.in/public_html/ramkrishna_dharma_chakra/vendor/laravel/framework/src/Illuminate/Foundation/Http/Middleware/PreventRequestsDuringMaintenance.php(86): Illuminate\\Pipeline\\Pipeline->Illuminate\\Pipeline\\{closure}(Object(Illuminate\\Http\\Request))
#43 /var/www/beas.in/public_html/ramkrishna_dharma_chakra/vendor/laravel/framework/src/Illuminate/Pipeline/Pipeline.php(167): Illuminate\\Foundation\\Http\\Middleware\\PreventRequestsDuringMaintenance->handle(Object(Illuminate\\Http\\Request), Object(Closure))
#44 /var/www/beas.in/public_html/ramkrishna_dharma_chakra/vendor/fideloper/proxy/src/TrustProxies.php(57): Illuminate\\Pipeline\\Pipeline->Illuminate\\Pipeline\\{closure}(Object(Illuminate\\Http\\Request))
#45 /var/www/beas.in/public_html/ramkrishna_dharma_chakra/vendor/laravel/framework/src/Illuminate/Pipeline/Pipeline.php(167): Fideloper\\Proxy\\TrustProxies->handle(Object(Illuminate\\Http\\Request), Object(Closure))
#46 /var/www/beas.in/public_html/ramkrishna_dharma_chakra/vendor/laravel/framework/src/Illuminate/Pipeline/Pipeline.php(103): Illuminate\\Pipeline\\Pipeline->Illuminate\\Pipeline\\{closure}(Object(Illuminate\\Http\\Request))
#47 /var/www/beas.in/public_html/ramkrishna_dharma_chakra/vendor/laravel/framework/src/Illuminate/Foundation/Http/Kernel.php(142): Illuminate\\Pipeline\\Pipeline->then(Object(Closure))
#48 /var/www/beas.in/public_html/ramkrishna_dharma_chakra/vendor/laravel/framework/src/Illuminate/Foundation/Http/Kernel.php(111): Illuminate\\Foundation\\Http\\Kernel->sendRequestThroughRouter(Object(Illuminate\\Http\\Request))
#49 /var/www/beas.in/public_html/ramkrishna_dharma_chakra/index.php(54): Illuminate\\Foundation\\Http\\Kernel->handle(Object(Illuminate\\Http\\Request))
#50 {main}

[previous exception] [object] (Error(code: 0): Class \"Form\" not found at /var/www/beas.in/public_html/ramkrishna_dharma_chakra/storage/framework/views/aafc11882c0991dbb3789ef1b2aaf8e945fac238.php:51)
[stacktrace]
#0 /var/www/beas.in/public_html/ramkrishna_dharma_chakra/vendor/laravel/framework/src/Illuminate/Filesystem/Filesystem.php(107): require()
#1 /var/www/beas.in/public_html/ramkrishna_dharma_chakra/vendor/laravel/framework/src/Illuminate/Filesystem/Filesystem.php(108): Illuminate\\Filesystem\\Filesystem::Illuminate\\Filesystem\\{closure}()
#2 /var/www/beas.in/public_html/ramkrishna_dharma_chakra/vendor/laravel/framework/src/Illuminate/View/Engines/PhpEngine.php(58): Illuminate\\Filesystem\\Filesystem->getRequire('/var/www/beas.i...', Array)
#3 /var/www/beas.in/public_html/ramkrishna_dharma_chakra/vendor/laravel/framework/src/Illuminate/View/Engines/CompilerEngine.php(61): Illuminate\\View\\Engines\\PhpEngine->evaluatePath('/var/www/beas.i...', Array)
#4 /var/www/beas.in/public_html/ramkrishna_dharma_chakra/vendor/facade/ignition/src/Views/Engines/CompilerEngine.php(37): Illuminate\\View\\Engines\\CompilerEngine->get('/var/www/beas.i...', Array)
#5 /var/www/beas.in/public_html/ramkrishna_dharma_chakra/vendor/laravel/framework/src/Illuminate/View/View.php(139): Facade\\Ignition\\Views\\Engines\\CompilerEngine->get('/var/www/beas.i...', Array)
#6 /var/www/beas.in/public_html/ramkrishna_dharma_chakra/vendor/laravel/framework/src/Illuminate/View/View.php(122): Illuminate\\View\\View->getContents()
#7 /var/www/beas.in/public_html/ramkrishna_dharma_chakra/vendor/laravel/framework/src/Illuminate/View/View.php(91): Illuminate\\View\\View->renderContents()
#8 /var/www/beas.in/public_html/ramkrishna_dharma_chakra/vendor/laravel/framework/src/Illuminate/Http/Response.php(69): Illuminate\\View\\View->render()
#9 /var/www/beas.in/public_html/ramkrishna_dharma_chakra/vendor/laravel/framework/src/Illuminate/Http/Response.php(35): Illuminate\\Http\\Response->setContent(Object(Illuminate\\View\\View))
#10 /var/www/beas.in/public_html/ramkrishna_dharma_chakra/vendor/laravel/framework/src/Illuminate/Routing/Router.php(820): Illuminate\\Http\\Response->__construct(Object(Illuminate\\View\\View), 200, Array)
#11 /var/www/beas.in/public_html/ramkrishna_dharma_chakra/vendor/laravel/framework/src/Illuminate/Routing/Router.php(789): Illuminate\\Routing\\Router::toResponse(Object(Illuminate\\Http\\Request), Object(Illuminate\\View\\View))
#12 /var/www/beas.in/public_html/ramkrishna_dharma_chakra/vendor/laravel/framework/src/Illuminate/Routing/Router.php(721): Illuminate\\Routing\\Router->prepareResponse(Object(Illuminate\\Http\\Request), Object(Illuminate\\View\\View))
#13 /var/www/beas.in/public_html/ramkrishna_dharma_chakra/vendor/laravel/framework/src/Illuminate/Pipeline/Pipeline.php(128): Illuminate\\Routing\\Router->Illuminate\\Routing\\{closure}(Object(Illuminate\\Http\\Request))
#14 /var/www/beas.in/public_html/ramkrishna_dharma_chakra/vendor/laravel/framework/src/Illuminate/Routing/Middleware/SubstituteBindings.php(50): Illuminate\\Pipeline\\Pipeline->Illuminate\\Pipeline\\{closure}(Object(Illuminate\\Http\\Request))
#15 /var/www/beas.in/public_html/ramkrishna_dharma_chakra/vendor/laravel/framework/src/Illuminate/Pipeline/Pipeline.php(167): Illuminate\\Routing\\Middleware\\SubstituteBindings->handle(Object(Illuminate\\Http\\Request), Object(Closure))
#16 /var/www/beas.in/public_html/ramkrishna_dharma_chakra/vendor/laravel/framework/src/Illuminate/Foundation/Http/Middleware/VerifyCsrfToken.php(78): Illuminate\\Pipeline\\Pipeline->Illuminate\\Pipeline\\{closure}(Object(Illuminate\\Http\\Request))
#17 /var/www/beas.in/public_html/ramkrishna_dharma_chakra/vendor/laravel/framework/src/Illuminate/Pipeline/Pipeline.php(167): Illuminate\\Foundation\\Http\\Middleware\\VerifyCsrfToken->handle(Object(Illuminate\\Http\\Request), Object(Closure))
#18 /var/www/beas.in/public_html/ramkrishna_dharma_chakra/vendor/laravel/framework/src/Illuminate/View/Middleware/ShareErrorsFromSession.php(49): Illuminate\\Pipeline\\Pipeline->Illuminate\\Pipeline\\{closure}(Object(Illuminate\\Http\\Request))
#19 /var/www/beas.in/public_html/ramkrishna_dharma_chakra/vendor/laravel/framework/src/Illuminate/Pipeline/Pipeline.php(167): Illuminate\\View\\Middleware\\ShareErrorsFromSession->handle(Object(Illuminate\\Http\\Request), Object(Closure))
#20 /var/www/beas.in/public_html/ramkrishna_dharma_chakra/vendor/laravel/framework/src/Illuminate/Session/Middleware/StartSession.php(121): Illuminate\\Pipeline\\Pipeline->Illuminate\\Pipeline\\{closure}(Object(Illuminate\\Http\\Request))
#21 /var/www/beas.in/public_html/ramkrishna_dharma_chakra/vendor/laravel/framework/src/Illuminate/Session/Middleware/StartSession.php(64): Illuminate\\Session\\Middleware\\StartSession->handleStatefulRequest(Object(Illuminate\\Http\\Request), Object(Illuminate\\Session\\Store), Object(Closure))
#22 /var/www/beas.in/public_html/ramkrishna_dharma_chakra/vendor/laravel/framework/src/Illuminate/Pipeline/Pipeline.php(167): Illuminate\\Session\\Middleware\\StartSession->handle(Object(Illuminate\\Http\\Request), Object(Closure))
#23 /var/www/beas.in/public_html/ramkrishna_dharma_chakra/vendor/laravel/framework/src/Illuminate/Cookie/Middleware/AddQueuedCookiesToResponse.php(37): Illuminate\\Pipeline\\Pipeline->Illuminate\\Pipeline\\{closure}(Object(Illuminate\\Http\\Request))
#24 /var/www/beas.in/public_html/ramkrishna_dharma_chakra/vendor/laravel/framework/src/Illuminate/Pipeline/Pipeline.php(167): Illuminate\\Cookie\\Middleware\\AddQueuedCookiesToResponse->handle(Object(Illuminate\\Http\\Request), Object(Closure))
#25 /var/www/beas.in/public_html/ramkrishna_dharma_chakra/vendor/laravel/framework/src/Illuminate/Cookie/Middleware/EncryptCookies.php(67): Illuminate\\Pipeline\\Pipeline->Illuminate\\Pipeline\\{closure}(Object(Illuminate\\Http\\Request))
#26 /var/www/beas.in/public_html/ramkrishna_dharma_chakra/vendor/laravel/framework/src/Illuminate/Pipeline/Pipeline.php(167): Illuminate\\Cookie\\Middleware\\EncryptCookies->handle(Object(Illuminate\\Http\\Request), Object(Closure))
#27 /var/www/beas.in/public_html/ramkrishna_dharma_chakra/vendor/laravel/framework/src/Illuminate/Pipeline/Pipeline.php(103): Illuminate\\Pipeline\\Pipeline->Illuminate\\Pipeline\\{closure}(Object(Illuminate\\Http\\Request))
#28 /var/www/beas.in/public_html/ramkrishna_dharma_chakra/vendor/laravel/framework/src/Illuminate/Routing/Router.php(723): Illuminate\\Pipeline\\Pipeline->then(Object(Closure))
#29 /var/www/beas.in/public_html/ramkrishna_dharma_chakra/vendor/laravel/framework/src/Illuminate/Routing/Router.php(698): Illuminate\\Routing\\Router->runRouteWithinStack(Object(Illuminate\\Routing\\Route), Object(Illuminate\\Http\\Request))
#30 /var/www/beas.in/public_html/ramkrishna_dharma_chakra/vendor/laravel/framework/src/Illuminate/Routing/Router.php(662): Illuminate\\Routing\\Router->runRoute(Object(Illuminate\\Http\\Request), Object(Illuminate\\Routing\\Route))
#31 /var/www/beas.in/public_html/ramkrishna_dharma_chakra/vendor/laravel/framework/src/Illuminate/Routing/Router.php(651): Illuminate\\Routing\\Router->dispatchToRoute(Object(Illuminate\\Http\\Request))
#32 /var/www/beas.in/public_html/ramkrishna_dharma_chakra/vendor/laravel/framework/src/Illuminate/Foundation/Http/Kernel.php(167): Illuminate\\Routing\\Router->dispatch(Object(Illuminate\\Http\\Request))
#33 /var/www/beas.in/public_html/ramkrishna_dharma_chakra/vendor/laravel/framework/src/Illuminate/Pipeline/Pipeline.php(128): Illuminate\\Foundation\\Http\\Kernel->Illuminate\\Foundation\\Http\\{closure}(Object(Illuminate\\Http\\Request))
#34 /var/www/beas.in/public_html/ramkrishna_dharma_chakra/vendor/laravel/framework/src/Illuminate/Foundation/Http/Middleware/TransformsRequest.php(21): Illuminate\\Pipeline\\Pipeline->Illuminate\\Pipeline\\{closure}(Object(Illuminate\\Http\\Request))
#35 /var/www/beas.in/public_html/ramkrishna_dharma_chakra/vendor/laravel/framework/src/Illuminate/Foundation/Http/Middleware/ConvertEmptyStringsToNull.php(31): Illuminate\\Foundation\\Http\\Middleware\\TransformsRequest->handle(Object(Illuminate\\Http\\Request), Object(Closure))
#36 /var/www/beas.in/public_html/ramkrishna_dharma_chakra/vendor/laravel/framework/src/Illuminate/Pipeline/Pipeline.php(167): Illuminate\\Foundation\\Http\\Middleware\\ConvertEmptyStringsToNull->handle(Object(Illuminate\\Http\\Request), Object(Closure))
#37 /var/www/beas.in/public_html/ramkrishna_dharma_chakra/vendor/laravel/framework/src/Illuminate/Foundation/Http/Middleware/TransformsRequest.php(21): Illuminate\\Pipeline\\Pipeline->Illuminate\\Pipeline\\{closure}(Object(Illuminate\\Http\\Request))
#38 /var/www/beas.in/public_html/ramkrishna_dharma_chakra/vendor/laravel/framework/src/Illuminate/Foundation/Http/Middleware/TrimStrings.php(40): Illuminate\\Foundation\\Http\\Middleware\\TransformsRequest->handle(Object(Illuminate\\Http\\Request), Object(Closure))
#39 /var/www/beas.in/public_html/ramkrishna_dharma_chakra/vendor/laravel/framework/src/Illuminate/Pipeline/Pipeline.php(167): Illuminate\\Foundation\\Http\\Middleware\\TrimStrings->handle(Object(Illuminate\\Http\\Request), Object(Closure))
#40 /var/www/beas.in/public_html/ramkrishna_dharma_chakra/vendor/laravel/framework/src/Illuminate/Foundation/Http/Middleware/ValidatePostSize.php(27): Illuminate\\Pipeline\\Pipeline->Illuminate\\Pipeline\\{closure}(Object(Illuminate\\Http\\Request))
#41 /var/www/beas.in/public_html/ramkrishna_dharma_chakra/vendor/laravel/framework/src/Illuminate/Pipeline/Pipeline.php(167): Illuminate\\Foundation\\Http\\Middleware\\ValidatePostSize->handle(Object(Illuminate\\Http\\Request), Object(Closure))
#42 /var/www/beas.in/public_html/ramkrishna_dharma_chakra/vendor/laravel/framework/src/Illuminate/Foundation/Http/Middleware/PreventRequestsDuringMaintenance.php(86): Illuminate\\Pipeline\\Pipeline->Illuminate\\Pipeline\\{closure}(Object(Illuminate\\Http\\Request))
#43 /var/www/beas.in/public_html/ramkrishna_dharma_chakra/vendor/laravel/framework/src/Illuminate/Pipeline/Pipeline.php(167): Illuminate\\Foundation\\Http\\Middleware\\PreventRequestsDuringMaintenance->handle(Object(Illuminate\\Http\\Request), Object(Closure))
#44 /var/www/beas.in/public_html/ramkrishna_dharma_chakra/vendor/fideloper/proxy/src/TrustProxies.php(57): Illuminate\\Pipeline\\Pipeline->Illuminate\\Pipeline\\{closure}(Object(Illuminate\\Http\\Request))
#45 /var/www/beas.in/public_html/ramkrishna_dharma_chakra/vendor/laravel/framework/src/Illuminate/Pipeline/Pipeline.php(167): Fideloper\\Proxy\\TrustProxies->handle(Object(Illuminate\\Http\\Request), Object(Closure))
#46 /var/www/beas.in/public_html/ramkrishna_dharma_chakra/vendor/laravel/framework/src/Illuminate/Pipeline/Pipeline.php(103): Illuminate\\Pipeline\\Pipeline->Illuminate\\Pipeline\\{closure}(Object(Illuminate\\Http\\Request))
#47 /var/www/beas.in/public_html/ramkrishna_dharma_chakra/vendor/laravel/framework/src/Illuminate/Foundation/Http/Kernel.php(142): Illuminate\\Pipeline\\Pipeline->then(Object(Closure))
#48 /var/www/beas.in/public_html/ramkrishna_dharma_chakra/vendor/laravel/framework/src/Illuminate/Foundation/Http/Kernel.php(111): Illuminate\\Foundation\\Http\\Kernel->sendRequestThroughRouter(Object(Illuminate\\Http\\Request))
#49 /var/www/beas.in/public_html/ramkrishna_dharma_chakra/index.php(54): Illuminate\\Foundation\\Http\\Kernel->handle(Object(Illuminate\\Http\\Request))
#50 {main}
"} 
[2023-06-27 17:56:51] local.ERROR: preg_match(): Argument #2 ($subject) must be of type string, array given {"exception":"[object] (TypeError(code: 0): preg_match(): Argument #2 ($subject) must be of type string, array given at /var/www/beas.in/public_html/ramkrishna_dharma_chakra/vendor/laravel/framework/src/Illuminate/Routing/UrlGenerator.php:598)
[stacktrace]
#0 /var/www/beas.in/public_html/ramkrishna_dharma_chakra/vendor/laravel/framework/src/Illuminate/Routing/UrlGenerator.php(598): preg_match('~^(#|//|https?:...', Array)
#1 /var/www/beas.in/public_html/ramkrishna_dharma_chakra/vendor/laravel/framework/src/Illuminate/Routing/UrlGenerator.php(194): Illuminate\\Routing\\UrlGenerator->isValidUrl(Array)
#2 /var/www/beas.in/public_html/ramkrishna_dharma_chakra/vendor/laravel/framework/src/Illuminate/Routing/Redirector.php(136): Illuminate\\Routing\\UrlGenerator->to(Array, Array, NULL)
#3 /var/www/beas.in/public_html/ramkrishna_dharma_chakra/vendor/laravel/framework/src/Illuminate/Foundation/helpers.php(612): Illuminate\\Routing\\Redirector->to(Array, 302, Array, NULL)
#4 /var/www/beas.in/public_html/ramkrishna_dharma_chakra/app/Http/Controllers/Admin/Modules/Publication/PublicationController.php(67): redirect(Array)
#5 /var/www/beas.in/public_html/ramkrishna_dharma_chakra/vendor/laravel/framework/src/Illuminate/Routing/Controller.php(54): App\\Http\\Controllers\\Admin\\Modules\\Publication\\PublicationController->update(Object(Illuminate\\Http\\Request))
#6 /var/www/beas.in/public_html/ramkrishna_dharma_chakra/vendor/laravel/framework/src/Illuminate/Routing/ControllerDispatcher.php(45): Illuminate\\Routing\\Controller->callAction('update', Array)
#7 /var/www/beas.in/public_html/ramkrishna_dharma_chakra/vendor/laravel/framework/src/Illuminate/Routing/Route.php(262): Illuminate\\Routing\\ControllerDispatcher->dispatch(Object(Illuminate\\Routing\\Route), Object(App\\Http\\Controllers\\Admin\\Modules\\Publication\\PublicationController), 'update')
#8 /var/www/beas.in/public_html/ramkrishna_dharma_chakra/vendor/laravel/framework/src/Illuminate/Routing/Route.php(205): Illuminate\\Routing\\Route->runController()
#9 /var/www/beas.in/public_html/ramkrishna_dharma_chakra/vendor/laravel/framework/src/Illuminate/Routing/Router.php(721): Illuminate\\Routing\\Route->run()
#10 /var/www/beas.in/public_html/ramkrishna_dharma_chakra/vendor/laravel/framework/src/Illuminate/Pipeline/Pipeline.php(128): Illuminate\\Routing\\Router->Illuminate\\Routing\\{closure}(Object(Illuminate\\Http\\Request))
#11 /var/www/beas.in/public_html/ramkrishna_dharma_chakra/vendor/laravel/framework/src/Illuminate/Routing/Middleware/SubstituteBindings.php(50): Illuminate\\Pipeline\\Pipeline->Illuminate\\Pipeline\\{closure}(Object(Illuminate\\Http\\Request))
#12 /var/www/beas.in/public_html/ramkrishna_dharma_chakra/vendor/laravel/framework/src/Illuminate/Pipeline/Pipeline.php(167): Illuminate\\Routing\\Middleware\\SubstituteBindings->handle(Object(Illuminate\\Http\\Request), Object(Closure))
#13 /var/www/beas.in/public_html/ramkrishna_dharma_chakra/vendor/laravel/framework/src/Illuminate/Foundation/Http/Middleware/VerifyCsrfToken.php(78): Illuminate\\Pipeline\\Pipeline->Illuminate\\Pipeline\\{closure}(Object(Illuminate\\Http\\Request))
#14 /var/www/beas.in/public_html/ramkrishna_dharma_chakra/vendor/laravel/framework/src/Illuminate/Pipeline/Pipeline.php(167): Illuminate\\Foundation\\Http\\Middleware\\VerifyCsrfToken->handle(Object(Illuminate\\Http\\Request), Object(Closure))
#15 /var/www/beas.in/public_html/ramkrishna_dharma_chakra/vendor/laravel/framework/src/Illuminate/View/Middleware/ShareErrorsFromSession.php(49): Illuminate\\Pipeline\\Pipeline->Illuminate\\Pipeline\\{closure}(Object(Illuminate\\Http\\Request))
#16 /var/www/beas.in/public_html/ramkrishna_dharma_chakra/vendor/laravel/framework/src/Illuminate/Pipeline/Pipeline.php(167): Illuminate\\View\\Middleware\\ShareErrorsFromSession->handle(Object(Illuminate\\Http\\Request), Object(Closure))
#17 /var/www/beas.in/public_html/ramkrishna_dharma_chakra/vendor/laravel/framework/src/Illuminate/Session/Middleware/StartSession.php(121): Illuminate\\Pipeline\\Pipeline->Illuminate\\Pipeline\\{closure}(Object(Illuminate\\Http\\Request))
#18 /var/www/beas.in/public_html/ramkrishna_dharma_chakra/vendor/laravel/framework/src/Illuminate/Session/Middleware/StartSession.php(64): Illuminate\\Session\\Middleware\\StartSession->handleStatefulRequest(Object(Illuminate\\Http\\Request), Object(Illuminate\\Session\\Store), Object(Closure))
#19 /var/www/beas.in/public_html/ramkrishna_dharma_chakra/vendor/laravel/framework/src/Illuminate/Pipeline/Pipeline.php(167): Illuminate\\Session\\Middleware\\StartSession->handle(Object(Illuminate\\Http\\Request), Object(Closure))
#20 /var/www/beas.in/public_html/ramkrishna_dharma_chakra/vendor/laravel/framework/src/Illuminate/Cookie/Middleware/AddQueuedCookiesToResponse.php(37): Illuminate\\Pipeline\\Pipeline->Illuminate\\Pipeline\\{closure}(Object(Illuminate\\Http\\Request))
#21 /var/www/beas.in/public_html/ramkrishna_dharma_chakra/vendor/laravel/framework/src/Illuminate/Pipeline/Pipeline.php(167): Illuminate\\Cookie\\Middleware\\AddQueuedCookiesToResponse->handle(Object(Illuminate\\Http\\Request), Object(Closure))
#22 /var/www/beas.in/public_html/ramkrishna_dharma_chakra/vendor/laravel/framework/src/Illuminate/Cookie/Middleware/EncryptCookies.php(67): Illuminate\\Pipeline\\Pipeline->Illuminate\\Pipeline\\{closure}(Object(Illuminate\\Http\\Request))
#23 /var/www/beas.in/public_html/ramkrishna_dharma_chakra/vendor/laravel/framework/src/Illuminate/Pipeline/Pipeline.php(167): Illuminate\\Cookie\\Middleware\\EncryptCookies->handle(Object(Illuminate\\Http\\Request), Object(Closure))
#24 /var/www/beas.in/public_html/ramkrishna_dharma_chakra/vendor/laravel/framework/src/Illuminate/Pipeline/Pipeline.php(103): Illuminate\\Pipeline\\Pipeline->Illuminate\\Pipeline\\{closure}(Object(Illuminate\\Http\\Request))
#25 /var/www/beas.in/public_html/ramkrishna_dharma_chakra/vendor/laravel/framework/src/Illuminate/Routing/Router.php(723): Illuminate\\Pipeline\\Pipeline->then(Object(Closure))
#26 /var/www/beas.in/public_html/ramkrishna_dharma_chakra/vendor/laravel/framework/src/Illuminate/Routing/Router.php(698): Illuminate\\Routing\\Router->runRouteWithinStack(Object(Illuminate\\Routing\\Route), Object(Illuminate\\Http\\Request))
#27 /var/www/beas.in/public_html/ramkrishna_dharma_chakra/vendor/laravel/framework/src/Illuminate/Routing/Router.php(662): Illuminate\\Routing\\Router->runRoute(Object(Illuminate\\Http\\Request), Object(Illuminate\\Routing\\Route))
#28 /var/www/beas.in/public_html/ramkrishna_dharma_chakra/vendor/laravel/framework/src/Illuminate/Routing/Router.php(651): Illuminate\\Routing\\Router->dispatchToRoute(Object(Illuminate\\Http\\Request))
#29 /var/www/beas.in/public_html/ramkrishna_dharma_chakra/vendor/laravel/framework/src/Illuminate/Foundation/Http/Kernel.php(167): Illuminate\\Routing\\Router->dispatch(Object(Illuminate\\Http\\Request))
#30 /var/www/beas.in/public_html/ramkrishna_dharma_chakra/vendor/laravel/framework/src/Illuminate/Pipeline/Pipeline.php(128): Illuminate\\Foundation\\Http\\Kernel->Illuminate\\Foundation\\Http\\{closure}(Object(Illuminate\\Http\\Request))
#31 /var/www/beas.in/public_html/ramkrishna_dharma_chakra/vendor/laravel/framework/src/Illuminate/Foundation/Http/Middleware/TransformsRequest.php(21): Illuminate\\Pipeline\\Pipeline->Illuminate\\Pipeline\\{closure}(Object(Illuminate\\Http\\Request))
#32 /var/www/beas.in/public_html/ramkrishna_dharma_chakra/vendor/laravel/framework/src/Illuminate/Foundation/Http/Middleware/ConvertEmptyStringsToNull.php(31): Illuminate\\Foundation\\Http\\Middleware\\TransformsRequest->handle(Object(Illuminate\\Http\\Request), Object(Closure))
#33 /var/www/beas.in/public_html/ramkrishna_dharma_chakra/vendor/laravel/framework/src/Illuminate/Pipeline/Pipeline.php(167): Illuminate\\Foundation\\Http\\Middleware\\ConvertEmptyStringsToNull->handle(Object(Illuminate\\Http\\Request), Object(Closure))
#34 /var/www/beas.in/public_html/ramkrishna_dharma_chakra/vendor/laravel/framework/src/Illuminate/Foundation/Http/Middleware/TransformsRequest.php(21): Illuminate\\Pipeline\\Pipeline->Illuminate\\Pipeline\\{closure}(Object(Illuminate\\Http\\Request))
#35 /var/www/beas.in/public_html/ramkrishna_dharma_chakra/vendor/laravel/framework/src/Illuminate/Foundation/Http/Middleware/TrimStrings.php(40): Illuminate\\Foundation\\Http\\Middleware\\TransformsRequest->handle(Object(Illuminate\\Http\\Request), Object(Closure))
#36 /var/www/beas.in/public_html/ramkrishna_dharma_chakra/vendor/laravel/framework/src/Illuminate/Pipeline/Pipeline.php(167): Illuminate\\Foundation\\Http\\Middleware\\TrimStrings->handle(Object(Illuminate\\Http\\Request), Object(Closure))
#37 /var/www/beas.in/public_html/ramkrishna_dharma_chakra/vendor/laravel/framework/src/Illuminate/Foundation/Http/Middleware/ValidatePostSize.php(27): Illuminate\\Pipeline\\Pipeline->Illuminate\\Pipeline\\{closure}(Object(Illuminate\\Http\\Request))
#38 /var/www/beas.in/public_html/ramkrishna_dharma_chakra/vendor/laravel/framework/src/Illuminate/Pipeline/Pipeline.php(167): Illuminate\\Foundation\\Http\\Middleware\\ValidatePostSize->handle(Object(Illuminate\\Http\\Request), Object(Closure))
#39 /var/www/beas.in/public_html/ramkrishna_dharma_chakra/vendor/laravel/framework/src/Illuminate/Foundation/Http/Middleware/PreventRequestsDuringMaintenance.php(86): Illuminate\\Pipeline\\Pipeline->Illuminate\\Pipeline\\{closure}(Object(Illuminate\\Http\\Request))
#40 /var/www/beas.in/public_html/ramkrishna_dharma_chakra/vendor/laravel/framework/src/Illuminate/Pipeline/Pipeline.php(167): Illuminate\\Foundation\\Http\\Middleware\\PreventRequestsDuringMaintenance->handle(Object(Illuminate\\Http\\Request), Object(Closure))
#41 /var/www/beas.in/public_html/ramkrishna_dharma_chakra/vendor/fideloper/proxy/src/TrustProxies.php(57): Illuminate\\Pipeline\\Pipeline->Illuminate\\Pipeline\\{closure}(Object(Illuminate\\Http\\Request))
#42 /var/www/beas.in/public_html/ramkrishna_dharma_chakra/vendor/laravel/framework/src/Illuminate/Pipeline/Pipeline.php(167): Fideloper\\Proxy\\TrustProxies->handle(Object(Illuminate\\Http\\Request), Object(Closure))
#43 /var/www/beas.in/public_html/ramkrishna_dharma_chakra/vendor/laravel/framework/src/Illuminate/Pipeline/Pipeline.php(103): Illuminate\\Pipeline\\Pipeline->Illuminate\\Pipeline\\{closure}(Object(Illuminate\\Http\\Request))
#44 /var/www/beas.in/public_html/ramkrishna_dharma_chakra/vendor/laravel/framework/src/Illuminate/Foundation/Http/Kernel.php(142): Illuminate\\Pipeline\\Pipeline->then(Object(Closure))
#45 /var/www/beas.in/public_html/ramkrishna_dharma_chakra/vendor/laravel/framework/src/Illuminate/Foundation/Http/Kernel.php(111): Illuminate\\Foundation\\Http\\Kernel->sendRequestThroughRouter(Object(Illuminate\\Http\\Request))
#46 /var/www/beas.in/public_html/ramkrishna_dharma_chakra/index.php(54): Illuminate\\Foundation\\Http\\Kernel->handle(Object(Illuminate\\Http\\Request))
#47 {main}
"} 
